cvegeo,ciudad,municipio,cve_mun,calidad,fecha_local,temperature_media,temperature_min,temperature_max,relative_humidity_media,relative_humidity_min,relative_humidity_max,dew_point_media,dew_point_min,dew_point_max,wind_speed_media,wind_speed_min,wind_speed_max,pressure_media,pressure_min,pressure_max,precipitable_water_media,precipitable_water_min,precipitable_water_max,ghi_media,ghi_min,ghi_max,dni_media,dni_min,dni_max,dhi_media,dhi_min,dhi_max,n_horas,wind_direction_media
TAM,Tamaulipas urbano,Reynosa,032,alta,2019-12-31,16.32,15.792,17.131,77.036,72.194,81.938,12.081,11.85,12.58,2.068,1.748,2.418,1004.811,1004.106,1005.197,3.438,3.27,3.648,0.0,0.0,0.0,0.0,0.0,0.0,0.0,0.0,0.0,6,72.099
TAM,Tamaulipas urbano,Reynosa,032,alta,2020-01-01,18.01,15.364,22.094,85.053,72.622,93.213,15.256,12.879,16.593,1.812,1.09,3.002,999.736,996.027,1003.428,4.24,3.743,4.436,41.035,0.0,158.564,16.013,0.0,60.512,33.379,0.0,122.846,24,359.335
TAM,Tamaulipas urbano,Reynosa,032,alta,2020-01-02,19.819,15.477,26.438,72.309,45.249,92.127,13.97,12.482,14.824,2.116,0.998,4.227,992.83,989.636,995.394,3.471,2.604,4.078,60.087,0.0,245.217,24.705,0.0,167.563,48.401,0.0,188.43,24,227.777
TAM,Tamaulipas urbano,Reynosa,032,alta,2020-01-03,18.223,13.349,24.277,53.829,28.86,79.932,7.455,3.933,13.281,4.553,1.911,7.152,1001.745,994.535,1011.047,1.502,1.201,2.474,175.129,0.0,663.456,254.325,0.0,854.282,47.898,0.0,161.426,24,329.035
TAM,Tamaulipas urbano,Reynosa,032,alta,2020-01-04,15.294,9.734,22.815,50.264,24.598,68.577,3.721,0.784,5.686,2.415,1.339,3.29,1014.147,1011.54,1016.774,0.998,0.837,1.398,197.637,0.0,743.011,343.473,0.0,977.858,31.096,0.0,96.076,24,344.478
TAM,Tamaulipas urbano,Reynosa,032,alta,2020-01-05,15.16,8.896,23.249,58.797,28.502,82.105,5.588,2.797,8.929,2.278,1.477,3.268,1012.458,1009.522,1015.759,0.88,0.827,0.953,201.541,0.0,749.494,354.484,0.0,989.144,29.54,0.0,86.779,24,180.92
TAM,Tamaulipas urbano,Reynosa,032,alta,2020-01-06,16.715,10.002,25.182,64.277,30.789,87.734,7.917,4.678,11.128,2.475,1.376,3.906,1006.344,1002.886,1008.976,1.132,0.919,1.627,199.337,0.0,742.598,346.204,0.0,969.417,31.016,0.0,107.172,24,173.149
TAM,Tamaulipas urbano,Reynosa,032,alta,2020-01-07,16.499,12.801,22.082,63.666,41.514,80.676,8.598,6.861,10.6,2.881,1.249,4.924,1012.146,1008.545,1014.542,1.942,1.654,2.291,145.314,0.0,572.155,143.637,0.0,575.863,72.429,0.0,281.343,24,19.07
TAM,Tamaulipas urbano,Reynosa,032,alta,2020-01-08,18.152,12.76,23.999,77.603,54.929,94.516,13.737,10.769,16.813,3.126,1.162,4.9,1008.598,1004.682,1012.534,2.635,2.317,2.922,133.876,0.0,477.14,144.138,0.0,479.337,61.427,0.0,210.302,24,133.088
TAM,Tamaulipas urbano,Reynosa,032,alta,2020-01-09,21.013,16.617,27.472,76.435,47.145,94.887,15.827,14.168,18.021,4.279,3.666,5.672,1001.619,998.835,1004.108,2.794,2.677,2.981,154.914,0.0,589.329,173.046,0.0,621.924,63.429,0.0,233.939,24,170.091
TAM,Tamaulipas urbano,Reynosa,032,alta,2020-01-10,22.527,18.706,28.157,75.685,52.41,96.234,16.988,13.939,18.09,5.21,3.544,7.45,996.447,992.048,999.965,2.79,1.986,3.088,141.792,0.0,535.422,138.759,0.0,467.266,68.594,0.0,246.769,24,183.035
TAM,Tamaulipas urbano,Reynosa,032,alta,2020-01-11,17.637,13.158,23.466,47.539,24.692,71.742,4.912,1.291,12.217,3.667,1.674,6.702,1005.698,999.111,1008.772,1.136,0.911,1.701,193.727,0.0,705.866,304.177,0.0,861.129,42.517,0.0,145.535,24,3.549
TAM,Tamaulipas urbano,Reynosa,032,alta,2020-01-12,17.911,11.635,25.079,66.578,38.047,86.428,10.531,8.393,14.981,2.166,1.267,3.484,1005.786,1002.946,1007.867,2.324,1.432,3.354,171.1,0.0,656.668,203.463,0.0,706.228,60.054,0.0,182.002,24,138.564
TAM,Tamaulipas urbano,Reynosa,032,alta,2020-01-13,21.003,16.984,26.318,79.909,59.151,95.818,16.891,15.12,18.892,2.126,1.121,3.532,1004.875,1003.222,1006.846,3.856,3.485,4.058,123.596,0.0,493.227,109.0,0.0,437.852,65.166,0.0,263.213,24,147.126
TAM,Tamaulipas urbano,Reynosa,032,alta,2020-01-14,22.87,18.663,28.899,80.174,53.288,96.242,18.642,17.896,20.028,2.765,1.478,4.2,1003.743,1001.037,1006.581,3.713,3.459,4.012,142.685,0.0,572.078,161.783,0.0,592.387,57.112,0.0,187.234,24,163.08
TAM,Tamaulipas urbano,Reynosa,032,alta,2020-01-15,23.279,19.764,28.5,82.568,57.407,98.003,19.665,18.887,20.589,3.665,2.641,5.351,1003.055,1001.153,1004.901,3.453,3.221,3.684,117.658,0.0,435.425,89.023,0.0,376.094,69.697,0.0,258.986,24,150.912
TAM,Tamaulipas urbano,Reynosa,032,alta,2020-01-16,23.064,20.321,27.524,82.993,56.077,98.672,19.559,17.6,20.692,3.356,2.386,4.797,1006.03,1004.342,1008.077,3.29,3.064,3.719,111.176,0.0,410.284,68.366,0.0,215.891,75.96,0.0,283.638,24,122.696
TAM,Tamaulipas urbano,Reynosa,032,alta,2020-01-17,22.345,19.405,26.647,78.76,51.697,97.535,17.999,15.092,20.52,3.274,1.667,5.473,1005.662,1003.284,1007.844,3.333,2.766,3.871,116.658,0.0,445.706,104.477,0.0,437.503,59.326,0.0,191.548,24,135.432
TAM,Tamaulipas urbano,Reynosa,032,alta,2020-01-18,22.017,18.775,26.721,81.018,61.326,94.677,18.257,17.178,18.966,1.856,0.995,3.64,1005.8,1004.161,1008.816,4.229,3.952,4.349,108.853,0.0,423.624,71.268,0.0,286.238,69.444,0.0,265.872,24,139.873
TAM,Tamaulipas urbano,Reynosa,032,alta,2020-01-19,15.837,13.087,19.062,65.509,52.082,81.635,8.651,6.002,15.643,4.567,2.715,6.125,1012.696,1008.787,1015.895,3.124,2.596,3.911,86.086,0.0,342.886,71.669,0.0,287.798,51.062,0.0,198.165,24,9.903
TAM,Tamaulipas urbano,Reynosa,032,alta,2020-01-20,14.34,11.606,18.863,59.56,40.847,74.942,5.661,3.607,7.242,3.275,1.616,4.392,1016.995,1015.57,1019.807,2.319,2.147,2.564,115.889,0.0,469.833,107.151,0.0,420.855,67.358,0.0,273.576,24,32.431
TAM,Tamaulipas urbano,Reynosa,032,alta,2020-01-21,15.703,10.64,21.049,69.385,48.301,85.072,9.648,7.433,12.73,2.96,1.435,4.393,1012.483,1008.281,1016.049,2.477,2.208,3.031,96.05,0.0,405.819,79.605,0.0,404.318,64.344,0.0,262.343,24,113.815
TAM,Tamaulipas urbano,Reynosa,032,alta,2020-01-22,18.909,14.95,24.789,77.728,52.401,95.355,14.416,12.997,16.265,3.14,1.745,5.088,1001.637,997.903,1007.225,3.315,2.978,3.472,116.37,0.0,454.153,101.462,0.0,396.298,59.689,0.0,205.494,24,171.828
TAM,Tamaulipas urbano,Reynosa,032,alta,2020-01-23,19.486,15.507,25.784,76.377,47.061,97.355,14.309,11.608,16.095,2.014,1.186,3.119,1000.996,999.33,1003.928,2.732,2.428,2.967,169.016,0.0,630.039,216.295,0.0,659.277,55.542,0.0,192.077,24,353.226
TAM,Tamaulipas urbano,Reynosa,032,alta,2020-01-24,18.065,13.751,23.948,74.095,45.201,96.11,12.451,10.252,14.528,2.522,1.594,3.878,1005.185,1003.411,1007.95,2.513,2.447,2.706,133.784,0.0,475.078,132.077,0.0,390.199,71.809,0.0,270.854,24,67.106
TAM,Tamaulipas urbano,Reynosa,032,alta,2020-01-25,20.038,15.331,25.28,81.664,60.534,95.906,16.494,14.049,18.271,2.677,1.482,4.417,1002.51,999.649,1004.782,3.763,2.809,4.167,86.133,0.0,321.887,40.626,0.0,167.743,63.903,0.0,222.192,24,148.097
TAM,Tamaulipas urbano,Reynosa,032,alta,2020-01-26,21.136,17.004,27.812,74.91,42.193,96.485,15.473,11.662,18.157,1.939,1.079,3.193,1001.291,999.437,1003.178,2.989,2.234,3.95,136.088,0.0,511.449,141.287,0.0,603.268,63.463,0.0,246.106,24,261.091
TAM,Tamaulipas urbano,Reynosa,032,alta,2020-01-27,20.711,15.576,28.164,72.934,39.467,94.611,14.516,12.145,17.025,2.386,1.001,3.79,1000.316,997.619,1003.023,2.319,2.209,2.685,207.844,0.0,767.294,318.2,0.0,920.272,37.815,0.0,112.145,24,146.047
TAM,Tamaulipas urbano,Reynosa,032,alta,2020-01-28,21.218,15.775,28.011,66.492,35.918,97.463,13.043,7.619,17.537,3.279,2.235,4.962,998.471,996.073,1003.523,2.201,1.414,2.833,198.19,0.0,744.408,282.216,0.0,844.989,47.312,0.0,162.165,24,252.698
TAM,Tamaulipas urbano,Reynosa,032,alta,2020-01-29,16.531,11.288,23.375,50.259,24.681,73.55,4.563,0.706,8.591,2.835,1.727,4.323,1003.63,1000.793,1006.927,1.228,0.946,1.914,211.175,0.0,754.887,318.213,0.0,874.683,45.748,0.0,167.924,24,22.076
TAM,Tamaulipas urbano,Reynosa,032,alta,2020-01-30,16.763,12.901,21.692,71.452,50.956,86.629,11.11,8.987,13.347,2.53,1.614,3.32,1000.765,997.912,1003.303,2.433,2.053,2.924,62.686,0.0,258.716,11.635,0.0,58.859,56.386,0.0,229.018,24,93.862
TAM,Tamaulipas urbano,Reynosa,032,alta,2020-01-31,16.083,12.417,21.085,73.096,50.288,92.047,10.744,9.644,12.87,3.085,2.238,3.794,1005.545,1003.124,1009.858,2.301,2.164,2.84,105.11,0.0,387.817,52.269,0.0,272.586,81.981,0.0,306.699,24,5.09
TAM,Tamaulipas urbano,Reynosa,032,alta,2020-02-01,15.857,10.673,22.422,55.251,28.51,82.854,5.448,1.723,10.015,2.891,1.201,4.567,1011.358,1009.977,1013.559,1.624,1.328,2.319,147.942,0.0,532.881,137.163,0.0,543.446,74.143,0.0,259.716,24,349.999
TAM,Tamaulipas urbano,Reynosa,032,alta,2020-02-02,17.125,10.509,24.151,56.142,30.879,80.414,6.752,4.05,13.08,2.672,1.236,3.86,1007.01,1002.5,1011.6,2.121,1.435,3.221,173.426,0.0,605.489,198.086,0.0,633.033,65.677,0.0,263.641,24,183.056
TAM,Tamaulipas urbano,Reynosa,032,alta,2020-02-03,20.535,16.32,25.787,73.756,51.972,88.683,15.177,13.499,17.143,4.181,3.427,5.304,998.556,996.255,1001.728,3.568,3.151,3.837,88.711,0.0,329.428,32.508,0.0,159.551,69.192,0.0,268.751,24,180.088
TAM,Tamaulipas urbano,Reynosa,032,alta,2020-02-04,23.405,17.674,31.172,65.419,32.893,88.347,14.704,10.711,17.157,3.342,2.528,4.548,994.715,991.771,997.456,2.552,2.263,3.018,113.29,0.0,489.066,43.629,0.0,221.278,85.698,0.0,339.101,24,191.096
TAM,Tamaulipas urbano,Reynosa,032,alta,2020-02-05,18.058,12.61,20.984,70.328,49.228,87.459,12.046,6.938,17.131,3.624,1.987,5.082,993.894,991.226,997.816,2.454,1.938,2.791,55.772,0.0,208.599,10.954,0.0,81.379,51.381,0.0,197.718,24,311.402
TAM,Tamaulipas urbano,Reynosa,032,alta,2020-02-06,14.053,8.107,22.216,47.257,22.122,69.591,1.148,-3.603,6.22,3.875,1.092,5.705,999.091,996.465,1001.488,1.119,0.738,1.852,206.369,0.0,730.522,298.779,0.0,785.464,47.003,0.0,157.768,24,345.665
TAM,Tamaulipas urbano,Reynosa,032,alta,2020-02-07,17.293,9.064,26.344,58.836,33.002,91.269,7.285,1.593,14.615,3.039,1.167,4.497,1000.97,998.451,1002.897,1.459,0.932,2.044,210.98,0.0,762.008,287.108,0.0,798.458,51.67,0.0,174.594,24,172.72
TAM,Tamaulipas urbano,Reynosa,032,alta,2020-02-08,20.746,15.086,27.538,77.703,50.041,95.911,15.922,14.388,18.36,3.451,1.797,5.144,1003.09,1001.136,1005.381,2.461,2.072,2.983,161.644,0.0,517.924,177.191,0.0,564.099,70.704,0.0,251.791,24,145.199
TAM,Tamaulipas urbano,Reynosa,032,alta,2020-02-09,23.138,18.989,29.402,79.997,51.4,97.532,18.613,16.674,20.609,4.05,2.828,5.552,1000.16,997.138,1002.625,3.052,2.848,3.305,177.249,0.0,683.691,201.062,0.0,694.736,58.788,0.0,197.395,24,158.22
TAM,Tamaulipas urbano,Reynosa,032,alta,2020-02-10,24.439,20.546,30.545,77.906,49.857,98.181,19.493,17.711,20.632,4.042,2.976,5.742,997.777,995.287,999.592,3.571,3.336,3.86,160.746,0.0,616.494,129.366,0.0,479.034,83.227,0.0,287.621,24,155.297
TAM,Tamaulipas urbano,Reynosa,032,alta,2020-02-11,22.551,16.834,28.798,77.966,52.027,94.6,17.728,14.843,19.773,3.071,2.017,3.588,998.023,995.756,999.655,3.618,3.461,3.963,101.782,0.0,373.879,81.805,0.0,243.056,59.469,0.0,220.992,24,124.77
TAM,Tamaulipas urbano,Reynosa,032,alta,2020-02-12,18.157,15.009,23.166,72.674,55.19,88.01,12.707,11.291,14.429,2.957,1.78,4.069,999.004,996.095,1002.909,3.307,2.641,3.94,96.509,0.0,370.482,61.788,0.0,240.879,62.698,0.0,234.632,24,342.347
TAM,Tamaulipas urbano,Reynosa,032,alta,2020-02-13,16.822,12.961,22.795,60.223,35.25,80.471,8.048,5.943,11.039,3.738,2.377,5.185,1006.515,1003.124,1009.993,2.306,2.145,2.616,204.495,0.0,737.395,235.096,0.0,698.561,65.176,0.0,194.237,24,13.09
TAM,Tamaulipas urbano,Reynosa,032,alta,2020-02-14,15.76,10.579,21.878,66.974,42.683,85.78,8.913,7.886,11.409,3.123,1.774,4.127,1011.206,1009.595,1013.686,2.419,2.127,2.904,202.821,0.0,730.394,216.69,0.0,641.145,73.28,0.0,229.477,24,46.878
TAM,Tamaulipas urbano,Reynosa,032,alta,2020-02-15,19.399,13.091,26.646,72.145,45.843,93.929,13.453,11.601,16.734,2.32,1.185,3.4,1006.296,1002.907,1010.307,3.117,2.918,3.357,192.26,0.0,678.862,205.291,0.0,590.042,69.844,0.0,236.275,24,134.804
TAM,Tamaulipas urbano,Reynosa,032,alta,2020-02-16,22.196,16.78,28.838,75.964,48.846,96.086,16.855,16.03,18.988,1.975,1.011,3.324,1001.617,998.97,1004.35,3.55,3.352,3.733,169.742,0.0,636.555,150.249,0.0,476.349,80.199,0.0,297.104,24,149.761
TAM,Tamaulipas urbano,Reynosa,032,alta,2020-02-17,23.773,19.15,30.412,75.021,44.836,97.018,18.097,16.139,19.359,3.805,2.075,5.669,997.427,994.806,999.807,3.489,3.276,3.709,197.014,0.0,734.197,192.21,0.0,694.508,74.285,0.0,258.046,24,160.458
TAM,Tamaulipas urbano,Reynosa,032,alta,2020-02-18,24.618,20.087,31.551,74.277,42.807,95.835,18.605,16.354,20.195,4.005,2.762,5.357,998.433,996.148,1003.401,3.242,3.113,3.532,208.252,0.0,746.33,233.541,0.0,681.76,69.617,0.0,242.561,24,138.831
TAM,Tamaulipas urbano,Reynosa,032,alta,2020-02-19,22.065,18.793,27.094,79.176,53.999,94.6,17.8,16.601,19.556,2.448,1.774,2.875,1005.049,1003.334,1007.708,3.374,3.124,3.658,123.735,0.0,469.383,118.796,0.0,522.998,62.821,0.0,243.612,24,71.465
TAM,Tamaulipas urbano,Reynosa,032,alta,2020-02-20,17.603,12.046,21.964,77.741,60.245,94.377,13.387,8.224,17.464,4.639,1.981,6.84,1009.438,1004.103,1017.735,3.371,2.866,3.674,82.467,0.0,272.651,67.676,0.0,323.363,50.665,0.0,167.377,24,16.746
TAM,Tamaulipas urbano,Reynosa,032,alta,2020-02-21,12.583,10.444,16.303,61.274,44.085,77.161,4.898,3.5,7.852,4.272,1.56,6.242,1018.72,1016.838,1021.847,2.678,2.589,2.832,127.317,0.0,531.501,108.526,0.0,508.142,70.785,0.0,280.677,24,19.001
TAM,Tamaulipas urbano,Reynosa,032,alta,2020-02-22,15.998,9.283,22.765,64.738,43.423,87.268,8.725,5.51,13.114,2.375,1.123,3.849,1011.614,1007.594,1016.854,2.662,2.609,2.725,144.791,0.0,540.372,114.47,0.0,344.67,81.126,0.0,281.764,24,119.637
TAM,Tamaulipas urbano,Reynosa,032,alta,2020-02-23,20.912,14.377,28.633,72.643,43.438,94.165,14.703,13.346,17.942,3.652,2.015,5.055,1001.69,997.546,1007.018,3.048,2.632,3.671,201.353,0.0,696.049,199.424,0.0,572.871,83.272,0.0,285.059,24,160.916
TAM,Tamaulipas urbano,Reynosa,032,alta,2020-02-24,22.749,17.962,29.83,65.353,33.664,94.933,14.058,9.129,17.899,2.945,1.039,4.91,996.596,994.568,998.102,2.774,2.273,3.536,219.121,0.0,769.703,252.668,0.0,677.493,65.584,0.0,224.014,24,110.568
TAM,Tamaulipas urbano,Reynosa,032,alta,2020-02-25,22.225,17.444,29.538,64.395,34.911,84.152,13.42,10.494,15.148,2.199,1.006,4.149,997.585,994.606,1003.192,2.549,2.288,2.721,157.394,0.0,532.289,141.664,0.0,426.363,72.933,0.0,238.475,24,133.63
TAM,Tamaulipas urbano,Reynosa,032,alta,2020-02-26,14.685,9.174,18.552,40.271,20.807,72.066,-0.42,-5.326,11.927,5.735,2.052,8.588,1012.87,1004.362,1016.407,1.461,0.924,2.678,181.367,0.0,672.869,205.919,0.0,609.052,59.127,0.0,187.199,24,3.013
TAM,Tamaulipas urbano,Reynosa,032,alta,2020-02-27,12.975,6.467,20.382,41.224,19.72,60.221,-1.62,-4.66,2.672,1.986,1.346,2.291,1014.467,1011.306,1017.346,0.959,0.922,1.006,265.092,0.0,907.653,360.226,0.0,968.213,47.941,0.0,154.911,24,65.138
TAM,Tamaulipas urbano,Reynosa,032,alta,2020-02-28,15.895,8.915,24.082,49.736,25.79,71.767,3.538,1.368,7.155,1.967,1.086,3.138,1013.622,1011.739,1015.948,1.288,1.01,1.67,262.302,0.0,921.091,350.973,0.0,971.254,47.624,0.0,139.779,24,146.794
TAM,Tamaulipas urbano,Reynosa,032,alta,2020-02-29,17.879,11.396,24.607,65.402,40.163,88.573,10.417,7.565,14.159,4.058,1.819,6.075,1008.397,1004.464,1013.237,2.097,1.693,2.67,226.349,0.0,755.618,253.674,0.0,778.898,73.715,0.0,258.48,24,160.094
TAM,Tamaulipas urbano,Reynosa,032,alta,2020-03-01,22.257,16.05,30.856,68.421,35.587,93.989,14.44,11.732,17.443,4.039,2.614,5.877,999.47,995.852,1003.646,2.77,2.586,2.922,234.714,0.0,822.503,260.026,0.0,797.78,68.256,0.0,222.394,24,160.301
TAM,Tamaulipas urbano,Reynosa,032,alta,2020-03-02,24.429,17.734,33.366,68.777,33.918,94.491,16.16,12.718,19.167,2.927,2.084,4.325,995.11,991.541,997.795,2.742,2.482,3.164,233.905,0.0,851.157,258.449,0.0,832.34,62.516,0.0,188.445,24,148.698
TAM,Tamaulipas urbano,Reynosa,032,alta,2020-03-03,25.105,19.337,33.225,70.55,38.375,92.877,17.469,14.59,19.288,2.809,1.574,4.466,992.207,988.232,994.955,2.954,2.505,3.472,162.675,0.0,591.4,112.861,0.0,396.808,85.68,0.0,278.711,24,135.568
TAM,Tamaulipas urbano,Reynosa,032,alta,2020-03-04,24.313,18.396,31.166,52.384,20.561,88.542,10.962,4.386,18.836,3.88,1.021,6.864,995.498,991.363,1002.31,2.314,1.787,3.462,187.601,0.0,712.976,152.305,0.0,528.931,86.443,0.0,299.08,24,335.207
TAM,Tamaulipas urbano,Reynosa,032,alta,2020-03-05,19.196,15.037,24.88,52.559,33.129,67.811,8.488,7.179,9.984,3.769,1.016,5.893,1009.221,1003.047,1013.311,2.044,1.887,2.138,217.999,0.0,751.721,192.272,0.0,587.546,89.797,0.0,300.955,24,7.654
TAM,Tamaulipas urbano,Reynosa,032,alta,2020-03-06,19.065,13.285,25.244,54.405,29.01,79.501,7.869,4.26,11.41,2.745,1.018,4.448,1014.152,1012.416,1016.27,1.931,1.644,2.146,217.13,0.0,732.329,197.877,0.0,540.229,92.475,0.0,314.162,24,55.984
TAM,Tamaulipas urbano,Reynosa,032,alta,2020-03-07,19.196,14.562,25.317,64.56,39.032,86.128,11.474,9.596,13.427,2.729,1.268,4.446,1011.35,1008.835,1013.876,2.469,2.2,2.666,189.382,0.0,600.716,147.819,0.0,515.822,94.357,0.0,331.26,24,111.42
TAM,Tamaulipas urbano,Reynosa,032,alta,2020-03-08,20.94,15.76,26.935,68.763,43.779,90.555,14.181,13.067,16.146,3.67,1.943,5.366,1007.761,1005.346,1009.816,2.986,2.415,3.272,166.204,0.0,562.08,85.539,0.0,308.296,108.878,0.0,353.2,23,141.565
TAM,Tamaulipas urbano,Reynosa,032,alta,2020-03-09,22.415,17.58,28.685,73.064,46.589,94.966,16.568,15.528,18.597,3.699,2.375,5.196,1006.836,1004.703,1009.998,3.625,3.191,4.446,145.826,0.0,459.107,84.914,0.0,314.734,94.633,0.0,314.841,24,144.08
TAM,Tamaulipas urbano,Reynosa,032,alta,2020-03-10,22.613,19.369,27.191,79.257,57.613,96.602,18.378,17.632,19.006,2.702,1.216,4.274,1008.507,1006.411,1010.189,4.271,3.893,4.444,97.278,0.0,404.09,22.674,0.0,97.022,82.005,0.0,337.714,24,133.909
TAM,Tamaulipas urbano,Reynosa,032,alta,2020-03-11,23.847,18.242,30.958,69.405,38.562,96.779,16.541,14.116,18.667,3.091,1.348,4.599,1004.12,1000.18,1008.431,3.438,3.321,3.84,261.496,0.0,909.838,299.551,0.0,877.68,59.643,0.0,161.035,24,159.705
TAM,Tamaulipas urbano,Reynosa,032,alta,2020-03-12,24.127,19.046,30.503,69.391,41.456,93.343,17.012,15.185,18.621,3.981,2.627,5.15,998.2,995.214,1001.138,3.632,3.509,3.78,200.579,0.0,701.502,142.029,0.0,507.826,104.233,0.0,353.549,24,151.961
TAM,Tamaulipas urbano,Reynosa,032,alta,2020-03-13,25.267,20.504,32.344,71.971,43.013,92.744,18.686,17.161,20.489,4.329,3.141,5.674,998.763,996.74,1002.112,3.855,3.707,4.074,216.056,0.0,714.112,184.661,0.0,637.311,95.413,0.0,309.688,24,144.628
TAM,Tamaulipas urbano,Reynosa,032,alta,2020-03-14,25.623,21.005,32.139,71.334,41.516,95.801,18.89,16.616,20.579,3.839,2.995,4.876,1002.284,1000.506,1004.742,3.619,3.443,3.862,214.869,0.0,812.656,164.729,0.0,647.04,99.012,0.0,313.7,24,135.602
TAM,Tamaulipas urbano,Reynosa,032,alta,2020-03-15,25.018,21.363,30.656,72.664,44.576,95.084,18.935,16.0,20.949,3.398,1.948,5.132,1005.378,1003.543,1007.196,3.71,3.373,4.043,191.148,0.0,723.868,134.536,0.0,545.747,99.225,0.0,344.659,24,121.847
TAM,Tamaulipas urbano,Reynosa,032,alta,2020-03-16,24.137,20.572,29.332,76.034,52.24,93.67,19.14,18.089,20.028,2.94,1.471,4.604,1004.228,1001.883,1006.051,4.005,3.409,4.299,162.818,0.0,547.559,76.034,0.0,305.872,110.455,0.0,366.934,24,132.95
TAM,Tamaulipas urbano,Reynosa,032,alta,2020-03-17,25.133,20.505,31.343,73.369,45.596,96.825,19.193,17.732,20.339,3.921,1.969,5.785,1001.968,999.413,1003.707,3.813,3.52,4.086,258.179,0.0,879.449,289.253,0.0,783.587,66.886,0.0,205.271,24,143.063
TAM,Tamaulipas urbano,Reynosa,032,alta,2020-03-18,25.807,21.171,32.291,71.325,43.21,95.253,19.173,17.535,20.412,4.416,2.573,5.703,1000.833,998.137,1003.03,3.875,3.618,4.057,251.775,0.0,866.304,271.923,0.0,784.402,68.7,0.0,230.227,24,152.092
TAM,Tamaulipas urbano,Reynosa,032,alta,2020-03-19,26.989,21.602,34.622,67.57,37.023,92.086,19.029,16.742,20.834,4.411,3.274,5.275,999.144,996.54,1001.557,3.602,3.477,3.787,265.965,0.0,921.192,297.64,0.0,845.881,63.753,0.0,183.159,24,157.742
TAM,Tamaulipas urbano,Reynosa,032,alta,2020-03-20,26.019,22.004,32.085,75.488,49.087,95.411,20.663,19.614,21.584,3.2,1.981,4.129,1003.322,1000.892,1007.072,4.18,3.823,4.467,135.889,0.0,401.505,95.783,0.0,393.007,83.388,0.0,270.567,24,108.84
TAM,Tamaulipas urbano,Reynosa,032,alta,2020-03-21,23.468,19.686,28.704,75.207,51.942,92.372,18.321,17.098,20.476,3.182,1.543,3.952,1006.477,1003.886,1008.945,3.829,3.177,4.485,161.501,0.0,586.195,121.742,0.0,385.417,78.598,0.0,247.534,24,89.165
TAM,Tamaulipas urbano,Reynosa,032,alta,2020-03-22,24.528,19.733,31.086,74.307,47.725,94.759,18.882,17.747,19.944,2.68,0.841,4.112,1003.362,1000.908,1005.547,3.506,3.165,3.804,216.298,0.0,741.35,220.526,0.0,654.982,71.999,0.0,229.432,24,142.432
TAM,Tamaulipas urbano,Reynosa,032,alta,2020-03-23,25.974,20.65,33.464,69.774,37.938,96.275,18.594,15.885,20.344,4.125,2.373,5.567,1001.652,998.523,1004.25,2.944,2.729,3.241,281.811,0.0,939.686,333.352,0.0,886.304,58.271,0.0,173.092,24,156.322
TAM,Tamaulipas urbano,Reynosa,032,alta,2020-03-24,27.665,21.434,35.982,65.532,34.275,92.026,18.937,16.631,20.531,3.702,2.241,4.9,998.186,995.766,1000.104,2.771,2.727,2.823,291.983,0.0,967.042,356.834,0.0,909.37,52.179,0.0,138.868,24,151.977
TAM,Tamaulipas urbano,Reynosa,032,alta,2020-03-25,27.759,21.61,36.12,66.142,33.628,92.467,19.09,16.099,21.028,3.147,1.442,4.904,997.505,994.548,999.693,2.434,2.251,2.739,292.371,0.0,969.96,348.724,0.0,899.846,55.539,0.0,151.118,24,140.3
TAM,Tamaulipas urbano,Reynosa,032,alta,2020-03-26,27.84,21.56,36.705,63.769,27.62,94.849,17.789,12.64,21.236,4.461,2.568,6.143,995.441,992.158,998.214,1.858,1.516,2.287,301.708,0.0,998.637,377.497,0.0,949.199,48.067,0.0,122.173,24,156.458
TAM,Tamaulipas urbano,Reynosa,032,alta,2020-03-27,28.024,22.041,36.303,65.565,34.166,91.337,19.154,16.525,21.509,4.473,3.094,5.901,992.275,989.48,994.229,2.286,1.711,2.937,287.053,0.0,965.576,317.768,0.0,864.606,68.44,0.0,182.438,24,149.536
TAM,Tamaulipas urbano,Reynosa,032,alta,2020-03-28,28.378,23.388,35.562,65.296,35.907,90.793,19.352,15.9,21.958,3.566,2.645,4.457,994.416,992.306,999.114,3.739,3.096,4.258,231.802,0.0,822.766,167.791,0.0,567.013,108.751,0.0,344.669,24,114.478
TAM,Tamaulipas urbano,Reynosa,032,alta,2020-03-29,25.97,22.138,31.152,70.706,47.566,87.879,19.315,17.109,21.152,3.411,2.173,4.842,1001.158,999.512,1003.188,4.292,4.21,4.393,147.622,0.0,502.035,72.781,0.0,266.005,98.071,0.0,299.928,24,70.739
TAM,Tamaulipas urbano,Reynosa,032,alta,2020-03-30,27.09,22.735,33.423,71.932,45.915,94.996,20.797,19.422,22.155,3.311,1.935,5.038,998.963,995.669,1001.95,4.282,3.926,4.432,204.024,0.0,697.926,137.327,0.0,429.5,108.546,0.0,338.188,24,140.277
TAM,Tamaulipas urbano,Reynosa,032,alta,2020-03-31,26.651,22.303,33.292,59.996,29.096,90.096,15.757,9.135,21.015,2.994,1.032,4.547,999.78,998.091,1001.555,3.664,3.319,4.064,235.346,0.0,751.109,188.306,0.0,529.243,104.496,0.0,337.023,24,51.089
TAM,Tamaulipas urbano,Reynosa,032,alta,2020-04-01,25.354,20.452,31.796,63.35,39.084,83.657,17.058,15.624,18.918,3.195,1.213,4.922,999.005,995.662,1001.374,4.016,3.493,4.598,251.97,0.0,828.894,214.571,0.0,587.722,101.618,0.0,310.699,24,111.694
TAM,Tamaulipas urbano,Reynosa,032,alta,2020-04-02,27.529,22.459,34.748,66.803,40.443,89.226,19.795,18.451,21.505,4.018,3.08,4.835,995.936,992.395,998.72,4.305,4.006,4.619,206.266,0.0,726.644,142.382,0.0,541.086,101.837,0.0,306.648,24,146.33
TAM,Tamaulipas urbano,Reynosa,032,alta,2020-04-03,27.655,23.498,34.051,71.309,44.473,90.67,21.011,19.07,22.841,3.802,2.265,5.436,995.361,992.87,996.832,4.443,4.349,4.66,174.448,0.0,623.095,94.724,0.0,382.703,108.588,0.0,349.051,24,127.502
TAM,Tamaulipas urbano,Reynosa,032,alta,2020-04-04,26.341,21.902,32.252,76.372,49.388,96.615,20.958,18.904,22.972,3.453,2.123,5.355,996.296,993.719,999.271,4.612,4.345,4.912,154.37,0.0,567.88,89.762,0.0,300.337,87.774,0.0,282.028,24,86.056
TAM,Tamaulipas urbano,Reynosa,032,alta,2020-04-05,23.504,19.851,28.053,75.761,55.777,90.972,18.585,16.991,20.167,3.316,1.824,4.042,999.916,998.563,1001.759,4.609,4.502,4.751,96.722,0.0,341.675,20.283,0.0,135.03,83.729,0.0,293.786,24,40.533
TAM,Tamaulipas urbano,Reynosa,032,alta,2020-04-06,26.764,21.44,33.432,73.044,47.4,95.127,20.781,20.317,22.493,2.277,0.869,3.622,999.296,996.483,1001.442,4.663,4.527,4.998,175.584,0.0,633.704,105.118,0.0,352.099,102.166,0.0,318.635,24,105.295
TAM,Tamaulipas urbano,Reynosa,032,alta,2020-04-07,28.179,23.449,34.463,71.037,43.226,96.44,21.424,19.518,22.991,2.42,1.037,3.793,999.99,996.959,1002.479,4.673,4.423,5.078,195.593,0.0,657.785,130.558,0.0,486.69,104.898,0.0,315.832,24,135.412
TAM,Tamaulipas urbano,Reynosa,032,alta,2020-04-08,28.782,23.829,35.214,69.193,41.892,94.086,21.427,19.447,22.918,2.341,1.421,3.381,998.072,995.78,1000.53,4.424,4.223,4.551,241.108,0.0,812.35,167.302,0.0,491.562,119.445,0.0,377.242,24,137.187
TAM,Tamaulipas urbano,Reynosa,032,alta,2020-04-09,29.682,24.151,36.979,66.579,37.421,93.272,21.45,19.12,23.224,2.466,1.043,4.086,995.973,992.315,998.186,4.23,4.035,4.645,258.334,0.0,875.752,188.77,0.0,588.093,114.411,0.0,315.946,24,145.364
TAM,Tamaulipas urbano,Reynosa,032,alta,2020-04-10,27.07,23.874,31.983,75.083,51.163,94.114,21.691,19.997,23.001,3.232,2.004,4.649,998.039,996.158,999.982,4.592,4.556,4.64,188.013,0.0,680.572,99.117,0.0,349.63,113.344,0.0,387.703,24,56.48
TAM,Tamaulipas urbano,Reynosa,032,alta,2020-04-11,27.48,23.13,33.642,73.697,45.972,95.301,21.392,19.211,22.825,3.415,1.787,4.82,994.662,990.434,999.287,4.255,3.921,4.604,210.226,0.0,739.457,120.949,0.0,418.84,121.403,0.0,365.911,24,149.758
TAM,Tamaulipas urbano,Reynosa,032,alta,2020-04-12,29.409,22.963,38.233,47.863,13.128,90.003,12.727,2.749,22.957,4.249,1.823,6.438,991.28,988.691,997.1,2.04,1.255,4.151,313.528,0.0,1001.028,348.282,0.0,872.811,65.17,0.0,166.65,24,270.054
TAM,Tamaulipas urbano,Reynosa,032,alta,2020-04-13,24.911,19.948,31.76,52.201,28.678,75.972,12.6,10.019,16.065,3.175,1.733,4.877,1000.269,997.426,1003.0,1.749,1.403,2.119,317.643,0.0,1016.595,352.501,0.0,898.326,64.333,0.0,159.634,24,74.265
TAM,Tamaulipas urbano,Reynosa,032,alta,2020-04-14,23.226,19.219,28.834,64.993,43.252,86.774,15.379,14.226,17.063,3.586,1.814,5.462,1001.645,999.357,1004.971,2.612,2.164,2.928,217.548,0.0,744.58,145.901,0.0,486.842,111.494,0.0,343.804,24,36.857
TAM,Tamaulipas urbano,Reynosa,032,alta,2020-04-15,20.804,16.541,25.755,61.127,43.499,76.302,12.502,11.463,14.385,3.662,2.316,4.37,1004.586,1001.766,1006.974,2.774,2.559,3.064,132.26,0.0,436.951,71.799,0.0,425.248,90.306,0.0,309.35,24,38.059
TAM,Tamaulipas urbano,Reynosa,032,alta,2020-04-16,23.279,17.31,29.619,69.385,46.702,89.503,16.721,14.712,19.762,3.258,1.579,4.885,1003.036,1000.771,1005.099,3.408,2.783,3.983,109.08,0.0,351.995,37.867,0.0,197.666,89.204,0.0,268.102,24,106.749
TAM,Tamaulipas urbano,Reynosa,032,alta,2020-04-17,27.482,21.788,34.896,72.595,44.11,96.363,21.076,19.781,23.128,3.193,2.038,4.101,999.535,996.758,1001.985,4.318,4.032,4.833,187.265,0.0,636.948,120.856,0.0,352.369,99.571,0.0,308.727,24,136.824
TAM,Tamaulipas urbano,Reynosa,032,alta,2020-04-18,27.65,23.83,32.832,74.91,50.064,96.159,22.127,20.695,23.423,2.531,1.57,3.604,998.271,995.015,1001.154,4.978,4.754,5.138,182.951,0.0,681.735,81.441,0.0,399.246,124.202,0.0,415.237,24,116.73
TAM,Tamaulipas urbano,Reynosa,032,alta,2020-04-19,29.825,24.018,38.195,60.296,23.638,96.383,18.354,10.178,23.42,3.24,1.395,4.887,993.363,990.749,995.602,3.387,2.366,4.822,288.097,0.0,903.953,253.007,0.0,752.908,97.581,0.0,280.763,24,137.982
TAM,Tamaulipas urbano,Reynosa,032,alta,2020-04-20,29.051,22.618,37.243,59.092,28.382,83.789,18.007,14.157,22.18,2.6,1.075,4.572,995.515,993.901,997.498,3.026,2.793,3.539,305.327,0.0,972.468,302.98,0.0,776.137,84.754,0.0,226.796,24,116.18
TAM,Tamaulipas urbano,Reynosa,032,alta,2020-04-21,29.15,24.396,35.795,72.162,45.662,94.151,22.77,21.679,24.153,3.733,2.111,5.528,996.848,994.803,998.464,4.04,3.659,4.302,207.387,0.0,633.059,123.094,0.0,335.75,119.56,0.0,349.227,24,130.158
TAM,Tamaulipas urbano,Reynosa,032,alta,2020-04-22,30.788,25.497,38.453,64.207,33.148,92.192,21.47,17.333,24.289,3.872,2.263,5.385,992.826,988.493,997.331,3.839,3.495,4.248,249.589,0.0,818.231,144.292,0.0,467.646,141.961,0.0,428.578,24,158.17
TAM,Tamaulipas urbano,Reynosa,032,alta,2020-04-23,30.219,25.12,37.759,58.606,29.027,88.279,18.854,13.761,23.206,3.301,1.38,5.093,992.507,990.692,995.613,3.313,2.524,4.059,289.597,0.0,977.755,264.395,0.0,776.636,91.103,0.0,246.813,24,50.686
TAM,Tamaulipas urbano,Reynosa,032,alta,2020-04-24,30.038,22.655,38.79,58.0,27.467,90.485,18.466,14.223,21.681,2.725,1.533,3.496,994.848,991.503,997.462,2.703,2.62,2.862,315.462,0.0,986.222,333.746,0.0,813.812,76.223,0.0,210.978,24,152.644
TAM,Tamaulipas urbano,Reynosa,032,alta,2020-04-25,28.962,24.243,35.327,64.205,39.296,89.399,20.325,18.409,22.464,3.382,1.941,4.763,998.254,995.105,1003.511,3.357,2.912,3.782,242.766,0.0,782.481,151.275,0.0,408.88,134.255,0.0,405.08,24,99.713
TAM,Tamaulipas urbano,Reynosa,032,alta,2020-04-26,26.603,22.514,32.146,61.347,39.537,80.589,17.457,15.34,19.466,3.608,2.615,4.585,1004.759,1003.116,1007.208,3.477,3.055,3.68,274.667,0.0,894.468,226.567,0.0,643.142,106.214,0.0,306.075,24,68.027
TAM,Tamaulipas urbano,Reynosa,032,alta,2020-04-27,27.341,22.126,33.682,66.005,39.595,88.257,19.488,17.68,22.47,3.563,1.723,5.286,1002.752,999.872,1005.346,3.37,3.016,3.727,287.858,0.0,924.352,260.356,0.0,700.858,93.746,0.0,253.187,24,147.735
TAM,Tamaulipas urbano,Reynosa,032,alta,2020-04-28,29.492,23.741,36.937,65.966,35.686,94.509,20.921,18.254,23.043,4.457,3.399,5.724,997.748,994.08,1000.976,3.563,3.28,3.963,297.117,0.0,985.725,277.284,0.0,810.559,83.534,0.0,205.967,24,157.556
TAM,Tamaulipas urbano,Reynosa,032,alta,2020-04-29,28.829,24.282,34.724,66.544,42.651,86.884,20.999,19.219,22.806,3.794,2.755,4.314,998.694,995.196,1005.171,3.563,3.244,3.911,251.798,0.0,801.515,186.76,0.0,634.786,117.1,0.0,366.905,24,118.876
TAM,Tamaulipas urbano,Reynosa,032,alta,2020-04-30,26.408,21.565,32.549,58.378,32.771,91.177,15.115,11.164,20.641,2.582,1.214,3.721,1004.494,1002.011,1007.102,2.768,2.293,3.336,307.41,0.0,970.091,318.394,0.0,800.527,77.479,0.0,210.819,24,79.902
TAM,Tamaulipas urbano,Reynosa,032,alta,2020-05-01,26.959,20.206,34.757,55.206,32.319,77.41,15.73,13.791,19.83,3.74,1.828,5.433,1001.784,999.135,1003.69,2.326,2.14,2.56,331.839,0.0,1028.496,380.24,0.0,901.76,59.816,0.0,143.575,24,152.914
TAM,Tamaulipas urbano,Reynosa,032,alta,2020-05-02,28.113,22.774,35.272,63.172,35.459,87.473,19.028,16.387,20.83,4.569,3.494,5.824,1001.005,998.98,1002.301,2.493,2.384,2.605,329.405,0.0,1034.558,371.372,0.0,913.709,61.257,0.0,166.767,24,152.134
TAM,Tamaulipas urbano,Reynosa,032,alta,2020-05-03,28.639,22.962,35.987,64.059,35.983,90.182,19.687,17.081,21.608,4.224,3.005,5.24,999.627,996.874,1001.738,2.61,2.513,2.668,324.824,0.0,1022.002,355.526,0.0,889.384,64.649,0.0,151.472,24,149.35
TAM,Tamaulipas urbano,Reynosa,032,alta,2020-05-04,29.235,23.497,36.425,66.273,37.171,92.787,20.845,18.277,23.075,4.039,2.67,5.214,997.118,994.317,999.045,2.976,2.654,3.37,306.437,0.0,960.313,306.181,0.0,773.397,81.236,0.0,221.979,24,151.128
TAM,Tamaulipas urbano,Reynosa,032,alta,2020-05-05,29.94,24.43,36.941,66.983,38.887,94.389,21.887,19.952,23.491,3.57,1.564,4.614,997.224,995.459,1001.597,3.515,3.293,3.844,288.672,0.0,921.053,247.885,0.0,668.938,100.696,0.0,262.566,24,131.821
TAM,Tamaulipas urbano,Reynosa,032,alta,2020-05-06,27.835,24.229,32.913,72.373,47.225,94.225,21.66,19.649,23.575,2.797,1.099,3.976,1002.937,1001.505,1005.137,3.801,3.474,4.219,207.91,0.0,646.905,143.428,0.0,493.887,102.479,0.0,335.634,24,59.391
TAM,Tamaulipas urbano,Reynosa,032,alta,2020-05-07,27.963,23.254,34.056,69.039,41.687,93.685,20.769,18.566,22.48,3.46,1.159,5.451,1002.573,999.369,1005.203,3.608,3.377,3.954,298.532,0.0,956.544,287.122,0.0,817.521,86.706,0.0,260.055,24,126.661
TAM,Tamaulipas urbano,Reynosa,032,alta,2020-05-08,29.057,23.873,36.264,65.755,37.947,88.285,20.87,18.875,22.257,4.767,3.492,5.872,997.391,994.179,1000.304,3.694,3.164,4.444,283.658,0.0,867.145,235.896,0.0,581.16,110.39,0.0,321.421,24,145.461
TAM,Tamaulipas urbano,Reynosa,032,alta,2020-05-09,23.688,21.502,25.914,75.644,59.38,90.029,18.827,17.207,22.16,3.66,1.706,4.886,1003.339,1000.527,1005.823,4.156,3.677,4.413,224.856,0.0,748.273,154.45,0.0,479.9,111.043,0.0,368.049,24,34.242
TAM,Tamaulipas urbano,Reynosa,032,alta,2020-05-10,25.376,19.948,31.651,68.652,44.614,90.973,18.454,17.757,20.028,3.113,1.546,4.613,1005.161,1003.531,1006.78,3.281,3.157,3.59,297.692,0.0,858.614,305.069,0.0,735.482,86.659,0.0,268.33,24,44.296
TAM,Tamaulipas urbano,Reynosa,032,alta,2020-05-11,26.646,21.864,32.472,66.929,42.9,91.094,19.186,17.706,20.433,3.682,1.396,5.657,1004.323,1001.346,1006.56,3.46,3.121,4.17,280.575,0.0,807.94,276.212,0.0,649.236,84.857,0.0,245.305,24,128.547
TAM,Tamaulipas urbano,Reynosa,032,alta,2020-05-12,27.861,23.284,33.528,65.769,45.053,84.224,20.196,19.46,21.708,4.674,3.532,5.561,999.697,996.987,1002.313,4.025,3.877,4.178,256.887,0.0,837.626,225.944,0.0,615.249,97.31,0.0,291.954,24,148.586
TAM,Tamaulipas urbano,Reynosa,032,alta,2020-05-13,28.621,23.912,34.693,69.538,45.756,91.165,21.75,20.638,23.128,4.291,2.758,5.443,997.731,995.044,999.697,4.039,3.945,4.175,270.823,0.0,876.655,236.53,0.0,673.335,99.487,0.0,289.67,24,141.107
TAM,Tamaulipas urbano,Reynosa,032,alta,2020-05-14,29.055,24.373,34.906,72.383,46.509,96.209,22.734,21.14,24.256,3.77,2.344,4.696,996.767,993.73,999.132,4.119,3.707,4.432,283.566,0.0,907.527,237.997,0.0,653.688,105.337,0.0,289.288,24,138.144
TAM,Tamaulipas urbano,Reynosa,032,alta,2020-05-15,29.773,25.425,35.646,74.834,49.46,95.993,24.03,22.568,25.216,4.332,2.716,5.676,993.607,990.343,996.41,4.38,4.008,4.763,257.04,0.0,778.57,167.065,0.0,473.409,133.928,0.0,431.48,24,140.738
TAM,Tamaulipas urbano,Reynosa,032,alta,2020-05-16,28.555,25.471,32.957,79.176,57.461,95.886,23.737,21.751,25.252,2.722,1.202,3.489,993.535,992.136,996.205,4.358,4.055,4.819,238.957,0.0,844.662,170.254,0.0,615.471,105.216,0.0,336.076,24,125.351
TAM,Tamaulipas urbano,Reynosa,032,alta,2020-05-17,28.401,24.088,33.856,74.151,48.63,97.404,22.431,20.666,24.338,1.929,0.682,3.287,998.224,995.67,1000.507,3.711,3.542,4.005,300.951,0.0,951.9,286.41,0.0,760.262,87.449,0.0,231.464,24,101.195
TAM,Tamaulipas urbano,Reynosa,032,alta,2020-05-18,28.996,23.143,35.777,67.425,40.073,95.208,21.157,19.202,22.891,2.597,1.253,3.878,998.971,996.379,1000.761,3.214,2.825,3.596,327.914,0.0,1013.851,362.111,0.0,872.881,66.567,0.0,180.033,24,152.495
TAM,Tamaulipas urbano,Reynosa,032,alta,2020-05-19,29.822,23.804,37.418,66.906,34.702,96.264,21.343,18.015,23.811,4.321,2.678,5.629,996.047,992.516,998.715,2.893,2.824,3.238,333.501,0.0,1018.824,368.578,0.0,868.74,65.11,0.0,153.993,24,159.015
TAM,Tamaulipas urbano,Reynosa,032,alta,2020-05-20,30.037,25.582,36.019,70.361,43.576,93.841,23.043,20.989,24.545,4.787,3.618,6.156,994.07,991.531,995.88,4.03,3.337,4.386,297.114,0.0,953.902,255.877,0.0,714.318,102.315,0.0,255.57,24,147.48
TAM,Tamaulipas urbano,Reynosa,032,alta,2020-05-21,29.065,25.456,33.68,76.282,54.41,95.771,23.901,22.672,24.9,3.845,2.238,5.23,994.411,992.943,996.025,4.374,4.199,4.537,231.545,0.0,794.793,154.788,0.0,492.47,113.605,0.0,354.035,24,136.772
TAM,Tamaulipas urbano,Reynosa,032,alta,2020-05-22,29.335,25.5,34.29,73.596,48.69,96.476,23.423,21.388,25.069,3.532,2.172,4.86,995.389,993.651,996.984,4.016,3.615,4.466,313.444,0.0,971.125,296.444,0.0,760.715,92.536,0.0,251.28,24,128.512
TAM,Tamaulipas urbano,Reynosa,032,alta,2020-05-23,29.722,25.372,35.689,70.751,44.18,95.485,22.885,20.878,24.717,3.943,2.595,5.457,995.752,993.168,997.483,3.877,3.758,3.971,314.958,0.0,991.272,310.755,0.0,829.334,79.368,0.0,192.389,24,133.323
TAM,Tamaulipas urbano,Reynosa,032,alta,2020-05-24,29.182,25.496,34.373,75.082,49.849,96.693,23.602,21.898,25.019,4.419,2.933,5.676,993.965,990.909,996.238,4.325,4.056,4.481,284.451,0.0,925.716,227.19,0.0,722.534,105.317,0.0,299.118,24,135.791
TAM,Tamaulipas urbano,Reynosa,032,alta,2020-05-25,28.292,25.027,33.029,78.432,55.856,96.669,23.604,22.354,24.813,3.894,2.64,4.799,992.668,990.484,995.537,4.261,4.073,4.489,259.237,0.0,800.003,185.342,0.0,558.667,120.8,0.0,338.05,24,128.364
TAM,Tamaulipas urbano,Reynosa,032,alta,2020-05-26,27.519,24.501,31.942,78.063,55.704,96.805,22.877,21.493,24.198,2.631,1.675,3.674,997.176,995.31,1000.096,4.538,4.17,4.782,229.989,0.0,673.393,155.272,0.0,530.909,118.893,0.0,343.894,24,59.691
TAM,Tamaulipas urbano,Reynosa,032,alta,2020-05-27,27.903,23.404,32.946,73.046,50.802,95.206,21.962,20.926,22.886,2.546,1.334,3.697,998.398,995.455,1000.435,3.951,3.708,4.137,285.876,0.0,930.104,283.382,0.0,710.95,77.19,0.0,224.723,24,132.36
TAM,Tamaulipas urbano,Reynosa,032,alta,2020-05-28,28.868,24.47,34.421,73.849,48.391,94.79,22.946,21.184,24.827,2.551,1.396,3.119,998.161,996.775,1000.778,4.052,3.912,4.339,259.372,0.0,791.814,174.518,0.0,505.84,123.562,0.0,347.578,24,141.027
TAM,Tamaulipas urbano,Reynosa,032,alta,2020-05-29,26.451,24.093,28.878,79.606,60.873,95.471,22.298,19.917,24.852,2.109,0.783,3.332,1002.651,1000.657,1004.137,4.492,4.343,4.578,132.404,0.0,428.658,32.439,0.0,115.206,108.491,0.0,354.424,24,36.974
TAM,Tamaulipas urbano,Reynosa,032,alta,2020-05-30,25.33,22.713,28.674,75.088,56.017,88.468,20.304,18.971,21.293,1.926,0.775,3.708,1002.691,1000.945,1004.221,4.382,4.263,4.509,192.936,0.0,636.018,92.286,0.0,275.586,126.705,0.0,402.862,24,40.64
TAM,Tamaulipas urbano,Reynosa,032,alta,2020-05-31,25.814,21.87,30.096,79.319,59.542,94.274,21.62,20.808,23.106,2.485,0.775,4.214,1001.945,1000.847,1003.625,4.846,4.498,5.104,224.216,0.0,651.004,169.315,0.0,428.066,106.525,0.0,340.725,24,49.795
TAM,Tamaulipas urbano,Reynosa,032,alta,2020-06-01,26.501,23.387,30.591,81.413,61.178,95.677,22.72,21.999,23.659,2.478,1.133,4.106,1001.876,1000.546,1003.492,4.98,4.767,5.173,259.715,0.0,882.415,221.266,0.0,699.425,93.147,0.0,278.172,24,107.413
TAM,Tamaulipas urbano,Reynosa,032,alta,2020-06-02,27.286,23.537,31.95,79.195,57.692,96.306,22.953,22.352,23.696,2.409,1.082,4.268,1001.155,999.488,1002.705,4.94,4.796,5.144,291.4,0.0,873.55,315.672,0.0,755.431,69.73,0.0,194.137,24,87.89
TAM,Tamaulipas urbano,Reynosa,032,alta,2020-06-03,27.83,23.854,32.512,76.9,56.226,96.241,22.917,22.146,23.682,2.38,0.947,4.153,999.272,997.225,1001.215,4.765,4.598,4.928,309.984,0.0,864.402,348.145,0.0,756.091,66.486,0.0,212.606,24,92.12
TAM,Tamaulipas urbano,Reynosa,032,alta,2020-06-04,28.453,24.083,33.587,74.411,53.045,94.718,22.904,22.297,23.619,2.63,1.177,4.354,997.663,995.922,999.068,4.512,4.343,4.678,319.937,0.0,972.082,358.875,0.0,816.093,61.699,0.0,168.293,24,129.985
TAM,Tamaulipas urbano,Reynosa,032,alta,2020-06-05,28.726,24.561,34.136,71.402,48.491,92.189,22.401,21.197,23.641,2.598,1.179,4.392,998.502,996.793,999.584,4.123,3.917,4.323,324.178,0.0,984.455,366.707,0.0,858.47,60.002,0.0,149.122,24,108.851
TAM,Tamaulipas urbano,Reynosa,032,alta,2020-06-06,28.859,23.843,34.852,68.214,42.605,93.065,21.55,19.871,22.898,2.068,0.913,3.828,996.883,994.272,999.083,3.677,3.51,3.898,334.231,0.0,966.978,391.697,0.0,861.818,55.987,0.0,169.064,24,55.245
TAM,Tamaulipas urbano,Reynosa,032,alta,2020-06-07,30.089,24.072,36.797,63.378,38.516,89.514,21.275,19.806,22.493,2.053,0.882,3.487,993.922,990.685,996.647,3.864,3.659,4.009,332.814,0.0,1003.194,374.639,0.0,855.253,63.166,0.0,155.182,24,167.787
TAM,Tamaulipas urbano,Reynosa,032,alta,2020-06-08,30.835,24.787,37.739,66.974,41.363,89.87,22.849,21.263,25.452,3.31,2.174,4.233,991.715,989.357,993.829,4.095,3.684,4.648,333.855,0.0,1009.453,373.457,0.0,881.355,61.263,0.0,139.214,24,154.988
TAM,Tamaulipas urbano,Reynosa,032,alta,2020-06-09,31.055,26.921,36.636,74.02,49.459,94.71,25.12,23.642,26.314,2.881,1.931,3.493,992.96,991.191,996.719,4.553,4.144,4.933,294.034,0.0,960.649,253.705,0.0,735.778,99.059,0.0,270.52,24,125.451
TAM,Tamaulipas urbano,Reynosa,032,alta,2020-06-10,29.325,26.788,32.822,78.714,58.732,95.781,24.74,23.099,26.536,2.803,0.854,4.291,1000.768,997.109,1004.199,4.933,4.602,5.113,237.269,0.0,812.916,163.298,0.0,502.513,108.72,0.0,326.303,24,65.384
TAM,Tamaulipas urbano,Reynosa,032,alta,2020-06-11,28.122,24.741,31.778,73.164,52.079,91.299,22.038,19.485,24.421,2.733,1.447,4.242,1006.434,1004.415,1007.807,4.427,3.395,5.219,208.543,0.0,638.485,128.11,0.0,344.109,113.392,0.0,336.971,24,61.02
TAM,Tamaulipas urbano,Reynosa,032,alta,2020-06-12,27.362,22.465,33.055,63.325,39.727,87.36,18.75,16.654,20.851,2.966,1.633,4.554,1006.379,1003.935,1008.558,2.789,2.415,3.321,334.498,0.0,1009.231,371.425,0.0,866.801,64.883,0.0,165.55,24,50.301
TAM,Tamaulipas urbano,Reynosa,032,alta,2020-06-13,26.833,21.566,32.563,60.686,39.352,84.549,17.667,15.953,19.156,2.535,1.284,3.93,1003.285,1000.465,1005.449,2.677,2.462,2.858,320.242,0.0,945.506,335.376,0.0,783.201,81.005,0.0,236.936,24,36.974
TAM,Tamaulipas urbano,Reynosa,032,alta,2020-06-14,27.106,21.426,32.99,58.846,38.223,81.032,17.447,16.228,19.19,1.934,0.792,3.627,1002.523,1000.927,1004.035,2.613,2.447,2.772,335.796,0.0,981.506,371.317,0.0,848.685,69.655,0.0,200.51,24,90.838
TAM,Tamaulipas urbano,Reynosa,032,alta,2020-06-15,27.756,22.17,33.764,63.9,40.751,84.801,19.472,17.915,22.562,2.291,0.906,4.117,1003.69,1002.129,1004.877,3.425,2.7,4.397,327.518,0.0,948.388,365.245,0.0,848.364,65.43,0.0,183.964,24,131.363
TAM,Tamaulipas urbano,Reynosa,032,alta,2020-06-16,28.446,24.146,33.503,71.565,49.113,92.757,22.203,20.969,23.271,2.99,1.358,4.708,1003.093,1000.671,1004.79,4.495,4.333,4.714,297.186,0.0,887.962,301.926,0.0,717.802,81.046,0.0,243.483,24,132.543
TAM,Tamaulipas urbano,Reynosa,032,alta,2020-06-17,28.907,24.723,33.998,71.571,50.011,91.836,22.671,21.758,23.557,3.363,2.103,4.481,1001.069,998.79,1003.007,4.653,4.46,4.888,302.225,0.0,866.282,319.603,0.0,747.9,73.187,0.0,199.063,24,140.058
TAM,Tamaulipas urbano,Reynosa,032,alta,2020-06-18,29.189,25.133,34.321,71.874,49.528,91.633,23.007,21.851,23.949,3.642,2.373,4.791,999.28,997.267,1000.667,4.943,4.703,5.349,296.843,0.0,918.627,296.028,0.0,786.479,79.542,0.0,224.343,24,145.941
TAM,Tamaulipas urbano,Reynosa,032,alta,2020-06-19,28.771,25.374,33.163,74.88,55.486,92.293,23.443,22.681,24.216,3.913,2.551,5.124,999.547,998.468,1001.323,5.25,5.059,5.408,256.866,0.0,804.48,246.182,0.0,591.51,84.153,0.0,259.427,24,139.816
TAM,Tamaulipas urbano,Reynosa,032,alta,2020-06-20,29.341,25.143,34.609,72.695,50.143,94.107,23.298,22.218,24.41,3.571,2.159,4.753,1000.363,998.785,1001.87,5.015,4.937,5.085,316.066,0.0,967.927,344.464,0.0,814.042,68.13,0.0,190.259,24,139.662
TAM,Tamaulipas urbano,Reynosa,032,alta,2020-06-21,29.85,25.115,35.504,70.043,46.785,92.715,23.058,21.854,24.28,3.901,2.265,5.25,999.006,996.338,1000.903,4.878,4.681,5.019,316.956,0.0,965.594,333.791,0.0,800.198,67.937,0.0,178.182,24,150.092
TAM,Tamaulipas urbano,Reynosa,032,alta,2020-06-22,29.646,26.008,34.238,72.119,49.939,91.538,23.434,21.708,24.796,4.247,3.16,5.181,998.549,997.184,999.582,4.571,4.421,4.796,308.642,0.0,952.698,302.583,0.0,760.709,81.583,0.0,197.93,24,151.609
TAM,Tamaulipas urbano,Reynosa,032,alta,2020-06-23,29.164,25.928,33.552,77.217,55.757,93.61,24.256,22.942,25.156,3.466,2.764,4.24,997.383,995.925,999.34,4.712,4.324,5.06,264.357,0.0,816.601,185.619,0.0,558.019,121.245,0.0,340.966,24,146.183
TAM,Tamaulipas urbano,Reynosa,032,alta,2020-06-24,28.271,25.171,32.621,78.033,54.336,96.048,23.496,21.521,24.975,2.941,1.81,3.952,997.424,995.86,998.705,4.627,4.396,4.993,246.44,0.0,715.646,145.202,0.0,403.891,133.55,0.0,368.434,24,140.442
TAM,Tamaulipas urbano,Reynosa,032,alta,2020-06-25,26.763,24.594,29.604,83.852,66.819,95.459,23.575,22.594,24.561,2.789,1.288,4.078,999.456,997.942,1001.519,5.636,5.084,6.017,204.452,0.0,647.265,91.318,0.0,320.738,131.282,0.0,366.731,24,135.025
TAM,Tamaulipas urbano,Reynosa,032,alta,2020-06-26,27.467,25.404,30.416,86.005,70.364,96.242,24.744,24.048,25.54,3.498,2.407,4.929,1001.314,1000.044,1002.623,5.008,3.886,5.913,166.765,0.0,652.028,48.613,0.0,262.668,125.374,0.0,412.875,24,134.37
TAM,Tamaulipas urbano,Reynosa,032,alta,2020-06-27,28.412,24.994,32.728,80.276,59.128,97.02,24.255,23.235,25.067,3.655,2.118,5.163,999.586,997.644,1001.754,4.366,3.921,4.483,262.9,0.0,842.254,172.877,0.0,563.12,129.881,0.0,380.255,24,146.421
TAM,Tamaulipas urbano,Reynosa,032,alta,2020-06-28,28.9,25.235,33.558,76.619,54.636,95.288,23.861,22.795,25.048,4.533,3.344,5.686,996.837,994.634,998.606,4.512,4.388,4.703,294.675,0.0,918.837,250.96,0.0,694.38,99.419,0.0,266.901,24,157.255
TAM,Tamaulipas urbano,Reynosa,032,alta,2020-06-29,29.5,25.373,34.619,75.02,52.845,93.721,24.01,23.095,25.194,4.585,3.512,5.373,996.525,994.611,997.677,4.538,4.397,4.669,299.235,0.0,952.266,256.732,0.0,726.442,98.791,0.0,234.891,24,154.22
TAM,Tamaulipas urbano,Reynosa,032,alta,2020-06-30,29.594,26.036,34.311,76.153,54.143,94.665,24.343,23.064,25.465,4.307,3.486,5.129,996.909,994.807,998.203,4.728,4.622,4.868,310.965,0.0,958.796,283.215,0.0,759.565,92.975,0.0,219.189,24,151.141
TAM,Tamaulipas urbano,Reynosa,032,alta,2020-07-01,29.765,26.098,34.763,75.468,52.536,95.235,24.286,22.917,25.51,4.023,3.08,4.783,997.565,996.099,999.374,4.144,3.577,4.674,313.437,0.0,962.54,281.678,0.0,754.767,96.711,0.0,262.094,24,146.621
TAM,Tamaulipas urbano,Reynosa,032,alta,2020-07-02,29.773,25.318,35.787,70.571,41.828,96.6,22.695,19.927,25.201,3.786,2.87,4.719,999.225,997.327,1001.392,3.664,3.401,3.925,317.248,0.0,961.744,291.756,0.0,714.377,96.422,0.0,255.294,24,144.406
TAM,Tamaulipas urbano,Reynosa,032,alta,2020-07-03,29.327,24.887,34.831,70.104,44.842,94.295,22.336,20.288,24.095,2.875,1.796,4.001,1000.454,998.634,1001.892,3.796,3.65,3.998,318.97,0.0,981.532,327.995,0.0,838.879,76.493,0.0,191.883,24,147.716
TAM,Tamaulipas urbano,Reynosa,032,alta,2020-07-04,29.777,24.162,36.447,67.406,39.682,96.236,21.78,19.479,23.721,2.969,1.737,4.197,999.337,996.987,1001.332,3.554,3.465,3.706,330.353,0.0,989.879,348.923,0.0,810.679,73.171,0.0,184.537,24,160.671
TAM,Tamaulipas urbano,Reynosa,032,alta,2020-07-05,30.226,24.044,37.249,65.811,37.205,94.513,21.572,18.998,24.013,3.566,2.29,4.545,997.517,994.741,999.956,3.516,3.277,3.898,333.663,0.0,1004.458,368.676,0.0,855.704,64.92,0.0,155.037,24,156.787
TAM,Tamaulipas urbano,Reynosa,032,alta,2020-07-06,30.046,25.47,35.543,70.883,46.569,93.051,23.306,21.649,24.894,4.071,2.877,4.969,997.508,996.037,999.673,4.358,3.949,4.801,327.06,0.0,981.651,353.758,0.0,826.517,68.317,0.0,171.038,24,147.736
TAM,Tamaulipas urbano,Reynosa,032,alta,2020-07-07,29.898,26.209,34.553,71.829,50.027,90.59,23.599,22.065,24.939,3.981,2.938,4.921,998.81,997.033,999.962,4.773,4.647,4.903,324.466,0.0,979.649,345.587,0.0,812.278,70.779,0.0,169.455,24,149.134
TAM,Tamaulipas urbano,Reynosa,032,alta,2020-07-08,29.902,26.025,34.75,73.166,50.584,93.427,23.852,22.296,24.963,4.285,2.972,5.383,998.084,996.157,999.443,4.413,4.227,4.612,322.861,0.0,978.414,329.867,0.0,801.061,77.611,0.0,190.193,24,149.235
TAM,Tamaulipas urbano,Reynosa,032,alta,2020-07-09,29.991,26.368,34.784,72.964,51.211,91.953,24.011,22.702,25.041,4.409,3.514,5.351,997.791,996.099,1000.051,4.402,4.234,4.571,326.4,0.0,985.416,347.16,0.0,814.723,71.083,0.0,172.542,24,151.039
TAM,Tamaulipas urbano,Reynosa,032,alta,2020-07-10,30.383,25.778,36.528,69.376,42.308,93.587,23.085,20.931,24.874,3.794,2.687,5.075,1000.556,999.171,1002.869,3.986,3.827,4.219,335.801,0.0,1010.751,389.278,0.0,902.435,53.261,0.0,120.976,24,143.91
TAM,Tamaulipas urbano,Reynosa,032,alta,2020-07-11,30.858,25.378,37.562,66.129,38.407,93.557,22.319,19.838,24.445,3.357,2.4,4.514,1001.467,999.537,1002.715,3.893,3.541,4.306,326.876,0.0,983.468,358.073,0.0,828.252,65.897,0.0,169.97,24,150.506
TAM,Tamaulipas urbano,Reynosa,032,alta,2020-07-12,31.113,25.59,37.879,65.441,38.391,92.849,22.414,19.746,24.465,3.226,1.966,4.461,1000.016,997.184,1002.37,3.543,3.246,3.947,329.661,0.0,990.495,377.275,0.0,855.844,61.657,0.0,154.243,24,161.15
TAM,Tamaulipas urbano,Reynosa,032,alta,2020-07-13,30.961,25.27,38.253,61.596,31.92,88.729,20.853,16.965,23.635,3.67,2.422,5.16,998.906,996.833,1000.378,3.02,2.882,3.285,337.369,0.0,1013.702,379.846,0.0,864.345,61.781,0.0,152.939,24,159.215
TAM,Tamaulipas urbano,Reynosa,032,alta,2020-07-14,30.363,24.974,36.576,65.744,40.206,91.48,21.881,19.579,23.697,4.171,2.397,5.577,999.333,998.1,1000.94,3.229,2.917,3.524,332.62,0.0,1009.774,370.924,0.0,869.377,63.237,0.0,151.138,24,153.504
TAM,Tamaulipas urbano,Reynosa,032,alta,2020-07-15,30.326,25.232,36.506,65.807,38.702,92.13,21.919,19.236,23.974,4.321,2.773,5.676,999.966,997.971,1001.822,3.454,3.155,3.726,319.486,0.0,976.246,301.741,0.0,768.1,92.082,0.0,233.941,24,146.193
TAM,Tamaulipas urbano,Reynosa,032,alta,2020-07-16,29.911,26.257,34.701,71.359,49.268,91.069,23.442,21.719,24.713,4.16,2.876,5.413,1001.426,999.912,1003.396,4.066,3.784,4.226,315.346,0.0,944.837,303.073,0.0,747.211,89.69,0.0,250.586,24,143.032
TAM,Tamaulipas urbano,Reynosa,032,alta,2020-07-17,28.838,25.72,33.084,70.83,48.294,90.902,22.23,19.69,24.709,3.441,2.241,4.755,1002.04,1000.373,1003.644,4.227,3.908,4.636,277.505,0.0,837.617,188.413,0.0,527.191,130.987,0.0,356.735,24,145.985
TAM,Tamaulipas urbano,Reynosa,032,alta,2020-07-18,28.653,25.248,32.926,71.345,49.765,90.474,22.325,20.543,23.756,3.176,1.919,4.359,1000.791,998.92,1002.135,4.611,4.473,4.765,254.14,0.0,849.541,152.957,0.0,508.449,134.747,0.0,388.323,24,140.509
TAM,Tamaulipas urbano,Reynosa,032,alta,2020-07-19,29.275,24.597,35.152,68.55,41.75,94.178,21.921,19.677,23.83,2.599,1.245,4.476,1000.067,998.218,1001.478,4.114,3.84,4.406,313.133,0.0,960.506,295.51,0.0,775.749,88.989,0.0,225.759,24,134.789
TAM,Tamaulipas urbano,Reynosa,032,alta,2020-07-20,30.009,24.577,36.261,64.87,38.295,92.433,21.562,19.304,23.434,2.401,1.062,4.152,998.412,995.744,1000.848,4.216,3.95,4.483,307.593,0.0,939.934,303.022,0.0,815.799,80.787,0.0,220.545,24,137.506
TAM,Tamaulipas urbano,Reynosa,032,alta,2020-07-21,30.533,25.529,36.247,63.464,40.445,86.361,21.892,20.246,23.308,2.761,1.366,4.12,997.717,995.843,999.322,4.438,4.273,4.586,309.44,0.0,984.186,317.047,0.0,844.481,71.67,0.0,184.849,24,142.269
TAM,Tamaulipas urbano,Reynosa,032,alta,2020-07-22,30.662,25.87,36.615,63.894,38.766,87.09,22.058,19.825,23.713,2.962,1.792,4.449,998.62,996.825,1000.023,4.491,4.305,4.814,313.665,0.0,961.174,347.97,0.0,806.776,64.79,0.0,171.551,24,135.632
TAM,Tamaulipas urbano,Reynosa,032,alta,2020-07-23,30.563,26.254,36.025,65.286,41.859,87.246,22.437,20.489,24.091,2.463,1.061,4.298,998.604,996.681,999.891,4.761,4.56,4.978,299.76,0.0,894.751,304.112,0.0,758.283,79.186,0.0,233.605,24,126.183
TAM,Tamaulipas urbano,Reynosa,032,alta,2020-07-24,30.401,26.254,35.269,65.586,44.025,87.223,22.481,20.807,23.952,1.978,0.924,3.552,997.289,994.944,999.324,5.129,4.675,5.656,296.419,0.0,937.985,280.608,0.0,804.412,83.271,0.0,234.971,24,58.389
TAM,Tamaulipas urbano,Reynosa,032,alta,2020-07-25,28.852,26.512,32.447,76.419,60.464,91.801,23.852,23.088,25.044,4.384,1.714,6.564,993.541,990.229,996.801,6.049,5.7,6.408,156.414,0.0,552.309,77.143,0.0,251.456,96.345,0.0,313.681,24,244.607
TAM,Tamaulipas urbano,Reynosa,032,alta,2020-07-26,27.753,26.364,30.026,87.559,74.99,95.247,25.344,24.808,26.036,5.724,4.017,6.884,994.879,991.318,998.426,5.945,5.777,6.289,125.582,0.0,422.707,32.568,0.0,131.31,98.268,0.0,327.511,24,131.911
TAM,Tamaulipas urbano,Reynosa,032,alta,2020-07-27,27.7,26.088,29.883,89.835,77.002,97.098,25.77,25.191,26.411,3.146,1.459,4.298,999.0,997.771,1000.446,5.705,5.563,5.975,142.653,0.0,463.459,40.902,0.0,162.208,108.934,0.0,323.681,24,110.839
TAM,Tamaulipas urbano,Reynosa,032,alta,2020-07-28,27.166,24.807,30.223,85.457,68.907,97.371,24.28,23.596,25.377,2.246,0.922,3.912,1000.088,998.762,1001.613,5.514,5.297,5.638,154.847,0.0,514.33,70.354,0.0,267.475,99.078,0.0,297.461,24,130.962
TAM,Tamaulipas urbano,Reynosa,032,alta,2020-07-29,27.168,24.634,30.161,84.392,68.698,95.437,24.099,23.517,24.811,2.932,1.927,4.256,1000.464,999.209,1001.847,5.614,5.362,5.736,154.298,0.0,458.734,77.216,0.0,231.502,104.664,0.0,336.846,24,137.251
TAM,Tamaulipas urbano,Reynosa,032,alta,2020-07-30,28.119,25.483,31.742,82.792,64.656,96.732,24.657,24.021,25.362,3.231,2.112,4.447,1000.75,999.357,1001.878,5.045,4.495,5.583,300.216,0.0,918.455,307.457,0.0,741.007,76.542,0.0,201.88,24,144.939
TAM,Tamaulipas urbano,Reynosa,032,alta,2020-07-31,28.627,25.119,32.892,77.691,56.503,95.61,23.927,22.807,24.79,2.756,2.003,3.663,1000.513,999.105,1001.691,4.515,4.347,4.667,319.934,0.0,985.751,365.482,0.0,850.477,58.563,0.0,148.758,24,151.341
TAM,Tamaulipas urbano,Reynosa,032,alta,2020-08-01,28.203,24.98,32.336,80.711,60.867,95.87,24.234,23.604,24.956,2.073,1.503,2.597,1000.411,999.277,1001.454,4.958,4.612,5.421,251.82,0.0,842.353,211.099,0.0,583.691,93.182,0.0,282.78,24,150.314
TAM,Tamaulipas urbano,Reynosa,032,alta,2020-08-02,28.467,24.917,32.941,76.537,54.299,95.879,23.446,22.095,24.907,1.74,0.742,3.209,1000.871,999.572,1002.449,4.858,4.473,5.393,269.408,0.0,954.716,243.716,0.0,794.658,84.919,0.0,257.09,24,129.825
TAM,Tamaulipas urbano,Reynosa,032,alta,2020-08-03,28.812,23.926,34.265,71.625,47.634,94.406,22.482,21.31,23.445,1.842,0.941,3.132,1001.867,1000.214,1003.106,4.153,3.981,4.453,310.595,0.0,966.555,335.127,0.0,808.509,69.44,0.0,190.805,24,133.131
TAM,Tamaulipas urbano,Reynosa,032,alta,2020-08-04,29.089,24.043,34.697,72.219,48.177,94.972,22.888,21.792,24.137,2.179,0.993,3.644,1001.701,1000.04,1003.092,4.133,3.884,4.405,315.461,0.0,986.711,346.048,0.0,853.36,65.585,0.0,164.125,24,146.099
TAM,Tamaulipas urbano,Reynosa,032,alta,2020-08-05,29.52,25.124,34.7,72.688,49.27,94.696,23.477,22.12,24.373,2.652,1.498,3.772,1000.59,998.476,1002.093,4.149,4.036,4.261,319.12,0.0,985.026,363.122,0.0,849.858,59.568,0.0,150.633,24,142.83
TAM,Tamaulipas urbano,Reynosa,032,alta,2020-08-06,29.539,25.405,34.542,72.714,50.919,92.977,23.56,22.597,24.442,2.918,1.583,4.325,1000.298,998.389,1001.706,4.375,4.196,4.548,316.673,0.0,986.284,364.579,0.0,863.609,55.932,0.0,140.292,24,137.126
TAM,Tamaulipas urbano,Reynosa,032,alta,2020-08-07,29.532,25.571,34.41,72.42,50.705,91.309,23.499,22.346,24.666,2.869,1.294,4.645,1001.51,1000.003,1003.452,4.599,4.405,4.772,302.688,0.0,953.91,329.75,0.0,830.483,64.862,0.0,183.952,24,125.84
TAM,Tamaulipas urbano,Reynosa,032,alta,2020-08-08,29.188,25.802,33.327,74.423,53.903,92.786,23.719,22.078,24.823,3.319,1.892,4.701,1003.255,1001.821,1005.127,4.823,4.58,5.041,273.622,0.0,881.356,259.194,0.0,671.168,86.181,0.0,243.121,24,140.124
TAM,Tamaulipas urbano,Reynosa,032,alta,2020-08-09,28.814,25.094,33.322,73.195,50.813,93.239,22.837,21.096,24.329,3.276,2.113,4.642,1003.494,1001.508,1004.979,4.497,4.347,4.888,238.01,0.0,724.114,193.594,0.0,537.173,94.05,0.0,277.32,24,145.422
TAM,Tamaulipas urbano,Reynosa,032,alta,2020-08-10,28.866,24.849,33.874,71.642,47.884,93.222,22.404,20.553,24.046,3.022,1.631,4.171,1002.483,1000.328,1004.064,4.598,4.501,4.65,247.63,0.0,788.356,240.944,0.0,583.421,75.279,0.0,239.139,24,144.522
TAM,Tamaulipas urbano,Reynosa,032,alta,2020-08-11,29.114,24.878,34.149,73.052,50.77,93.018,23.097,21.862,24.42,3.64,2.271,5.138,1000.512,998.495,1002.24,4.484,4.38,4.605,309.32,0.0,983.997,332.626,0.0,873.896,65.096,0.0,177.708,24,155.734
TAM,Tamaulipas urbano,Reynosa,032,alta,2020-08-12,29.296,25.425,34.211,72.568,50.339,93.724,23.236,21.743,24.497,3.513,2.367,4.427,1000.266,998.411,1001.589,4.137,3.723,4.359,309.227,0.0,965.63,344.44,0.0,825.988,62.461,0.0,156.708,24,153.545
TAM,Tamaulipas urbano,Reynosa,032,alta,2020-08-13,29.11,24.348,34.83,69.891,44.324,92.911,21.984,19.665,24.118,3.141,2.301,4.187,1000.19,998.217,1001.489,3.573,3.168,3.863,321.124,0.0,980.505,380.444,0.0,898.437,53.408,0.0,154.058,24,154.973
TAM,Tamaulipas urbano,Reynosa,032,alta,2020-08-14,29.462,25.145,35.214,70.608,44.514,94.193,22.536,20.426,24.404,2.896,1.775,4.029,999.435,997.721,1000.699,3.709,3.632,3.892,322.479,0.0,1000.4,389.311,0.0,897.362,48.923,0.0,120.171,24,157.577
TAM,Tamaulipas urbano,Reynosa,032,alta,2020-08-15,29.067,24.699,34.543,70.977,47.062,92.562,22.391,20.749,23.656,2.916,1.962,4.084,999.712,998.56,1001.596,3.997,3.697,4.278,287.06,0.0,942.286,307.266,0.0,790.699,65.193,0.0,173.827,24,156.633
TAM,Tamaulipas urbano,Reynosa,032,alta,2020-08-16,29.506,24.553,35.343,68.185,42.004,92.654,21.856,19.512,23.776,2.765,1.515,4.326,1001.472,1000.202,1003.18,4.129,3.742,4.459,287.864,0.0,956.499,321.582,0.0,855.981,57.934,0.0,158.361,24,148.748
TAM,Tamaulipas urbano,Reynosa,032,alta,2020-08-17,29.559,24.641,35.32,68.945,44.056,93.246,22.22,20.396,23.907,1.99,0.77,3.558,1002.777,1000.911,1004.549,4.216,3.886,4.429,297.931,0.0,906.943,325.411,0.0,852.538,68.017,0.0,216.439,24,124.78
TAM,Tamaulipas urbano,Reynosa,032,alta,2020-08-18,29.235,24.794,34.442,67.046,44.242,90.066,21.718,19.818,23.299,1.631,0.84,3.014,1001.286,999.232,1003.184,4.235,4.036,4.474,255.423,0.0,810.726,191.478,0.0,565.116,110.711,0.0,322.638,24,127.291
TAM,Tamaulipas urbano,Reynosa,032,alta,2020-08-19,29.449,25.104,34.752,64.606,43.413,84.434,21.241,19.599,22.406,1.56,0.726,2.507,998.887,996.737,1000.461,4.33,3.945,4.564,257.116,0.0,861.261,195.685,0.0,607.858,106.449,0.0,295.049,24,144.833
TAM,Tamaulipas urbano,Reynosa,032,alta,2020-08-20,30.082,24.455,36.585,61.958,36.332,86.156,20.746,18.338,22.682,2.357,1.313,3.374,996.806,994.137,998.618,3.843,3.577,4.207,306.713,0.0,993.651,333.762,0.0,904.17,60.253,0.0,147.861,24,152.502
TAM,Tamaulipas urbano,Reynosa,032,alta,2020-08-21,30.296,24.649,37.096,61.349,33.516,88.859,20.496,17.603,22.756,3.001,2.075,3.956,995.937,993.87,997.174,3.555,3.192,4.17,313.282,0.0,984.267,366.517,0.0,864.329,56.449,0.0,145.675,24,147.153
TAM,Tamaulipas urbano,Reynosa,032,alta,2020-08-22,30.141,25.279,36.556,65.158,37.716,89.879,21.803,19.211,23.68,2.879,1.792,4.557,996.995,995.283,998.67,3.872,3.571,4.214,303.902,0.0,972.75,334.534,0.0,833.968,66.753,0.0,196.184,24,134.109
TAM,Tamaulipas urbano,Reynosa,032,alta,2020-08-23,29.626,25.809,34.658,66.246,42.973,86.754,21.924,19.872,23.553,2.266,0.699,4.496,998.545,997.027,999.847,4.334,4.157,4.53,265.856,0.0,819.005,251.999,0.0,699.799,91.405,0.0,279.385,24,97.338
TAM,Tamaulipas urbano,Reynosa,032,alta,2020-08-24,29.2,24.732,34.524,69.179,44.172,90.407,22.239,20.055,23.98,2.494,0.63,4.616,999.032,996.966,1000.94,4.529,4.142,5.001,253.098,0.0,826.709,243.583,0.0,745.487,80.561,0.0,243.774,24,48.889
TAM,Tamaulipas urbano,Reynosa,032,alta,2020-08-25,28.855,25.452,32.88,73.958,54.065,92.499,23.195,21.699,24.237,2.206,0.974,3.698,997.763,995.707,999.447,5.493,5.04,5.797,210.385,0.0,649.137,141.782,0.0,454.811,109.753,0.0,365.245,24,45.593
TAM,Tamaulipas urbano,Reynosa,032,alta,2020-08-26,30.632,25.211,36.603,66.218,42.293,89.789,22.5,20.81,24.459,2.301,0.955,3.307,994.708,991.937,996.594,5.068,4.896,5.317,289.748,0.0,911.161,311.315,0.0,802.621,68.424,0.0,203.183,24,14.21
TAM,Tamaulipas urbano,Reynosa,032,alta,2020-08-27,31.181,26.802,36.569,68.371,45.369,87.672,23.755,22.054,25.615,3.009,2.029,4.369,995.267,993.868,996.634,5.244,4.869,5.586,291.139,0.0,924.862,318.323,0.0,805.011,67.606,0.0,199.749,24,157.482
TAM,Tamaulipas urbano,Reynosa,032,alta,2020-08-28,31.103,27.277,36.47,69.608,44.496,90.159,23.878,21.433,25.885,3.755,2.519,5.133,996.156,994.494,997.57,4.918,4.62,5.2,293.831,0.0,929.8,321.065,0.0,821.224,66.829,0.0,194.663,24,155.413
TAM,Tamaulipas urbano,Reynosa,032,alta,2020-08-29,31.048,26.523,36.793,68.472,43.051,91.28,23.443,21.054,25.294,3.407,2.132,4.522,996.289,994.074,997.507,4.589,4.412,4.828,295.105,0.0,945.089,337.421,0.0,833.981,59.771,0.0,182.859,24,149.729
TAM,Tamaulipas urbano,Reynosa,032,alta,2020-08-30,30.994,26.809,36.189,71.481,49.111,90.854,24.486,23.049,25.957,3.922,2.145,5.181,994.299,991.512,996.693,5.17,4.871,5.419,281.18,0.0,912.649,302.308,0.0,764.845,68.671,0.0,198.989,24,152.009
TAM,Tamaulipas urbano,Reynosa,032,alta,2020-08-31,30.926,27.758,35.099,72.743,52.119,88.692,24.928,23.356,26.016,4.296,3.474,4.983,994.128,992.265,995.84,4.921,4.793,5.244,288.23,0.0,938.741,315.115,0.0,814.64,66.37,0.0,186.697,24,151.182
TAM,Tamaulipas urbano,Reynosa,032,alta,2020-09-01,31.232,27.874,36.303,71.373,48.22,88.929,24.821,22.945,26.271,4.488,4.106,5.481,995.647,993.934,997.555,4.441,3.974,4.961,292.879,0.0,946.593,315.175,0.0,796.681,69.162,0.0,187.75,24,155.437
TAM,Tamaulipas urbano,Reynosa,032,alta,2020-09-02,30.188,26.804,34.892,72.969,50.231,91.263,24.144,22.284,25.418,3.423,2.588,4.169,997.374,995.202,999.111,4.204,4.123,4.343,270.564,0.0,908.918,266.104,0.0,743.795,79.408,0.0,237.718,24,154.347
TAM,Tamaulipas urbano,Reynosa,032,alta,2020-09-03,30.025,26.205,35.149,71.826,45.758,93.567,23.532,20.909,25.305,2.911,2.038,3.674,998.451,996.457,1000.274,4.332,4.156,4.586,281.006,0.0,920.76,298.829,0.0,829.834,72.082,0.0,218.27,24,147.138
TAM,Tamaulipas urbano,Reynosa,032,alta,2020-09-04,28.673,26.118,32.07,76.051,57.482,90.499,23.691,22.202,24.949,2.199,1.034,3.516,1001.275,999.702,1003.629,4.895,4.638,5.158,212.399,0.0,774.58,185.875,0.0,660.204,81.694,0.0,263.908,24,103.373
TAM,Tamaulipas urbano,Reynosa,032,alta,2020-09-05,26.926,24.964,29.573,84.907,68.256,95.542,23.976,22.705,24.711,2.713,1.803,3.865,1004.692,1002.946,1006.373,5.515,5.216,5.718,80.452,0.0,319.004,14.817,0.0,102.605,71.104,0.0,234.042,24,56.08
TAM,Tamaulipas urbano,Reynosa,032,alta,2020-09-06,27.162,24.763,30.572,81.731,60.783,96.289,23.354,21.406,24.613,2.054,1.276,2.721,1003.975,1001.562,1005.876,5.359,5.227,5.588,141.881,0.0,483.227,46.481,0.0,168.07,105.922,0.0,325.125,24,43.192
TAM,Tamaulipas urbano,Reynosa,032,alta,2020-09-07,27.718,24.159,32.371,77.424,55.658,92.885,22.986,22.042,24.202,1.883,0.869,3.052,998.597,995.054,1002.383,5.095,4.776,5.457,206.285,0.0,691.584,138.738,0.0,458.536,106.209,0.0,349.09,24,82.354
TAM,Tamaulipas urbano,Reynosa,032,alta,2020-09-08,28.596,24.761,33.649,76.115,52.268,95.58,23.403,22.066,24.52,3.161,1.944,4.227,994.622,992.005,996.107,4.808,4.553,5.304,276.052,0.0,914.339,301.981,0.0,795.632,64.733,0.0,179.452,24,149.068
TAM,Tamaulipas urbano,Reynosa,032,alta,2020-09-09,29.02,25.444,33.95,76.453,53.212,93.229,23.927,22.624,25.413,3.157,2.023,4.098,997.311,995.176,1001.469,5.153,4.921,5.424,270.564,0.0,858.397,294.698,0.0,798.336,69.778,0.0,210.809,24,135.68
TAM,Tamaulipas urbano,Reynosa,032,alta,2020-09-10,26.463,23.398,28.997,86.345,70.843,95.755,23.869,22.231,25.439,2.786,0.993,3.858,1003.213,1001.174,1005.425,5.614,5.429,5.737,141.751,0.0,530.202,79.997,0.0,231.033,88.702,0.0,322.187,24,38.429
TAM,Tamaulipas urbano,Reynosa,032,alta,2020-09-11,25.305,21.476,30.199,81.212,62.426,94.272,21.552,20.047,22.975,3.625,1.488,4.632,1003.033,999.769,1005.273,5.206,4.92,5.557,151.277,0.0,527.478,97.959,0.0,462.45,92.69,0.0,303.217,24,6.126
TAM,Tamaulipas urbano,Reynosa,032,alta,2020-09-12,27.33,22.498,32.816,75.672,53.177,94.868,22.101,21.383,23.097,2.541,0.812,3.518,999.104,996.081,1001.572,4.804,4.454,4.997,275.102,0.0,908.64,300.826,0.0,803.247,65.392,0.0,168.408,24,9.529
TAM,Tamaulipas urbano,Reynosa,032,alta,2020-09-13,28.321,23.683,33.601,73.69,50.731,92.457,22.566,21.606,24.37,2.532,0.676,4.222,998.515,996.477,1000.439,4.716,4.185,5.54,248.55,0.0,824.478,232.514,0.0,680.272,87.143,0.0,277.478,24,4.65
TAM,Tamaulipas urbano,Reynosa,032,alta,2020-09-14,26.801,24.82,29.656,86.822,71.626,96.389,24.24,23.663,24.765,2.998,1.636,4.167,1000.899,999.616,1002.407,5.893,5.595,6.105,133.203,0.0,439.211,50.882,0.0,186.491,100.283,0.0,323.371,24,4.382
TAM,Tamaulipas urbano,Reynosa,032,alta,2020-09-15,26.904,24.226,30.434,85.091,67.352,97.059,23.927,23.456,24.793,2.905,1.321,4.07,1001.174,999.274,1003.173,5.937,5.844,6.044,145.681,0.0,495.707,72.652,0.0,240.502,99.862,0.0,340.586,24,349.883
TAM,Tamaulipas urbano,Reynosa,032,alta,2020-09-16,27.646,24.148,32.123,80.127,59.186,94.346,23.495,22.784,24.59,2.498,1.468,3.317,999.348,997.183,1000.674,5.756,5.652,5.851,204.572,0.0,740.812,147.242,0.0,480.412,99.037,0.0,349.14,24,2.159
TAM,Tamaulipas urbano,Reynosa,032,alta,2020-09-17,26.981,24.541,30.719,84.691,64.633,96.773,23.941,23.109,24.568,2.288,1.097,3.782,999.01,996.987,1000.417,5.54,5.44,5.714,156.691,0.0,580.785,115.516,0.0,358.904,83.989,0.0,311.354,24,35.43
TAM,Tamaulipas urbano,Reynosa,032,alta,2020-09-18,26.281,23.557,30.184,84.523,64.857,97.389,23.203,22.413,24.07,3.507,2.1,5.322,1000.071,998.319,1001.798,5.234,4.893,5.448,217.219,0.0,761.139,196.093,0.0,697.778,82.906,0.0,272.965,24,0.322
TAM,Tamaulipas urbano,Reynosa,032,alta,2020-09-19,25.676,21.903,30.535,73.331,48.193,95.57,19.92,17.62,23.096,3.45,1.596,5.35,1000.951,999.08,1002.969,3.724,3.18,4.718,272.08,0.0,909.514,292.79,0.0,790.46,72.442,0.0,200.174,24,4.14
TAM,Tamaulipas urbano,Reynosa,032,alta,2020-09-20,24.9,20.175,30.659,66.681,45.875,85.637,17.762,16.508,18.98,3.075,1.805,4.575,1001.418,999.379,1003.179,2.826,2.214,3.534,268.981,0.0,898.346,271.309,0.0,750.337,82.915,0.0,237.327,24,347.066
TAM,Tamaulipas urbano,Reynosa,032,alta,2020-09-21,24.642,19.457,30.275,69.301,50.819,83.928,18.253,16.266,20.466,3.005,1.434,4.508,1000.421,998.185,1002.008,3.655,2.298,4.406,221.707,0.0,781.319,185.667,0.0,578.078,96.391,0.0,299.325,24,314.796
TAM,Tamaulipas urbano,Reynosa,032,alta,2020-09-22,26.839,21.576,32.945,68.111,46.575,85.079,19.911,18.667,21.717,2.295,0.983,3.427,999.912,997.472,1001.982,4.019,3.643,4.372,269.205,0.0,906.55,306.122,0.0,815.499,63.961,0.0,184.9,24,298.358
TAM,Tamaulipas urbano,Reynosa,032,alta,2020-09-23,27.216,21.86,33.421,68.987,44.686,89.225,20.361,19.227,21.673,1.774,1.051,2.569,998.927,996.47,1000.745,3.427,3.302,3.611,271.219,0.0,915.846,310.492,0.0,840.981,63.856,0.0,176.837,24,345.848
TAM,Tamaulipas urbano,Reynosa,032,alta,2020-09-24,27.373,22.615,33.346,71.956,46.23,92.539,21.164,19.896,22.143,1.453,0.799,2.26,998.979,997.041,1000.607,3.531,3.3,3.689,257.913,0.0,880.908,273.808,0.0,738.951,76.112,0.0,224.992,24,128.029
TAM,Tamaulipas urbano,Reynosa,032,alta,2020-09-25,27.373,23.376,32.505,75.811,54.277,93.19,22.231,21.568,22.977,2.161,1.269,3.068,1000.029,997.955,1001.933,3.889,3.67,4.083,236.429,0.0,806.156,226.568,0.0,631.201,83.884,0.0,253.674,24,145.441
TAM,Tamaulipas urbano,Reynosa,032,alta,2020-09-26,28.073,23.434,34.22,73.172,45.287,95.501,21.889,19.911,23.273,2.867,2.057,3.711,998.638,995.717,1000.878,3.307,3.112,3.642,265.474,0.0,884.162,310.212,0.0,821.06,60.877,0.0,180.25,24,160.536
TAM,Tamaulipas urbano,Reynosa,032,alta,2020-09-27,28.973,24.278,35.388,73.431,45.793,95.692,22.819,21.144,24.116,3.458,2.666,4.253,995.046,992.214,997.413,3.39,3.273,3.537,271.418,0.0,911.601,336.44,0.0,868.013,51.643,0.0,138.553,24,161.617
TAM,Tamaulipas urbano,Reynosa,032,alta,2020-09-28,27.306,23.478,32.316,72.632,52.944,95.542,21.122,16.176,24.275,3.698,2.169,5.453,998.058,993.575,1005.261,3.86,3.207,4.575,204.479,0.0,716.302,200.675,0.0,553.239,77.368,0.0,254.046,24,80.793
TAM,Tamaulipas urbano,Reynosa,032,alta,2020-09-29,23.345,19.234,28.565,50.024,30.192,66.436,10.957,7.034,15.745,4.049,1.369,5.549,1006.786,1005.326,1009.395,2.175,1.232,3.941,262.567,0.0,897.973,299.718,0.0,804.266,68.319,0.0,214.359,24,16.552
TAM,Tamaulipas urbano,Reynosa,032,alta,2020-09-30,22.219,15.374,29.694,51.516,27.529,72.925,10.267,7.746,13.193,1.707,1.338,2.285,1005.538,1002.902,1007.877,1.287,1.146,1.541,286.532,0.0,958.037,388.531,0.0,968.961,40.238,0.0,105.746,24,153.373
TAM,Tamaulipas urbano,Reynosa,032,alta,2020-10-01,23.161,16.853,29.968,57.839,35.83,78.29,13.392,12.114,15.809,1.849,1.228,3.158,1005.261,1003.612,1007.015,1.94,1.587,2.209,278.174,0.0,931.799,375.192,0.0,936.959,40.941,0.0,110.974,24,81.077
TAM,Tamaulipas urbano,Reynosa,032,alta,2020-10-02,23.903,18.397,30.184,65.55,42.85,84.352,16.266,15.138,18.301,2.358,1.3,3.771,1005.728,1003.455,1007.946,2.341,2.114,2.569,243.845,0.0,853.112,282.208,0.0,822.418,64.815,0.0,224.096,24,42.821
TAM,Tamaulipas urbano,Reynosa,032,alta,2020-10-03,24.741,19.436,31.314,68.019,42.132,90.845,17.529,16.205,18.501,2.279,1.403,3.88,1003.312,1000.509,1005.231,2.383,2.129,2.474,258.181,0.0,875.465,309.165,0.0,813.63,61.225,0.0,180.774,24,133.943
TAM,Tamaulipas urbano,Reynosa,032,alta,2020-10-04,24.603,19.47,31.094,68.387,41.416,91.833,17.37,15.562,18.521,2.137,1.09,3.726,1004.819,1003.526,1006.874,2.112,1.883,2.353,259.259,0.0,884.878,303.289,0.0,812.184,63.76,0.0,180.478,24,80.838
TAM,Tamaulipas urbano,Reynosa,032,alta,2020-10-05,24.698,18.547,31.439,67.021,37.758,95.98,16.895,14.151,18.524,1.936,1.31,2.964,1005.027,1002.337,1006.96,2.31,2.059,2.531,261.238,0.0,891.754,316.962,0.0,850.137,58.288,0.0,158.793,24,84.228
TAM,Tamaulipas urbano,Reynosa,032,alta,2020-10-06,25.108,19.593,31.762,65.166,39.064,89.483,17.022,15.128,18.272,2.242,1.257,3.865,1002.231,999.845,1003.807,2.441,2.33,2.533,246.299,0.0,866.37,261.845,0.0,828.549,72.013,0.0,200.084,24,76.956
TAM,Tamaulipas urbano,Reynosa,032,alta,2020-10-07,24.914,19.112,31.045,67.472,40.935,92.466,17.416,15.42,19.701,2.614,1.424,4.027,1001.275,999.135,1003.272,3.333,2.376,4.561,239.748,0.0,792.489,284.52,0.0,783.588,62.023,0.0,214.47,24,9.449
TAM,Tamaulipas urbano,Reynosa,032,alta,2020-10-08,26.929,21.837,33.176,67.49,44.072,85.147,19.535,18.018,22.032,3.152,1.968,4.654,998.497,995.702,1000.751,4.679,4.535,4.848,222.677,0.0,788.86,248.156,0.0,703.543,63.903,0.0,188.941,24,351.618
TAM,Tamaulipas urbano,Reynosa,032,alta,2020-10-09,28.423,23.162,34.765,66.762,42.906,87.326,20.705,19.112,22.06,2.381,1.273,3.243,996.387,994.004,998.23,4.08,3.254,4.786,236.226,0.0,800.148,264.583,0.0,729.212,70.517,0.0,230.323,24,320.957
TAM,Tamaulipas urbano,Reynosa,032,alta,2020-10-10,28.519,22.555,36.012,64.701,35.676,86.952,19.593,16.753,22.234,2.356,1.529,3.137,996.98,994.942,998.762,2.696,2.409,3.215,255.508,0.0,877.635,328.633,0.0,871.86,50.658,0.0,138.946,24,173.391
TAM,Tamaulipas urbano,Reynosa,032,alta,2020-10-11,27.954,22.476,34.824,72.21,43.033,95.227,21.214,19.022,23.254,2.976,1.621,4.298,997.067,994.908,998.27,2.453,2.281,2.624,245.214,0.0,839.634,289.122,0.0,813.879,62.51,0.0,187.946,24,160.798
TAM,Tamaulipas urbano,Reynosa,032,alta,2020-10-12,28.18,23.014,34.594,73.823,44.906,96.531,21.947,19.706,23.639,2.59,1.528,3.584,999.309,997.642,1001.996,3.123,2.574,3.792,232.455,0.0,832.183,266.028,0.0,782.356,64.539,0.0,176.558,24,140.366
TAM,Tamaulipas urbano,Reynosa,032,alta,2020-10-13,27.525,24.06,32.524,77.491,51.989,96.422,22.46,20.342,23.89,2.019,0.736,3.373,1003.086,1001.649,1005.256,4.03,3.666,4.463,193.168,0.0,672.896,205.775,0.0,552.912,69.247,0.0,243.941,24,82.979
TAM,Tamaulipas urbano,Reynosa,032,alta,2020-10-14,27.433,23.567,32.634,76.745,52.754,95.884,22.176,20.345,23.406,1.78,0.819,2.552,1001.067,997.959,1003.537,4.14,3.93,4.342,235.497,0.0,816.126,292.43,0.0,798.396,56.308,0.0,166.784,24,118.823
TAM,Tamaulipas urbano,Reynosa,032,alta,2020-10-15,28.21,23.852,34.315,73.902,47.63,95.48,22.284,20.789,23.209,2.869,1.996,3.971,997.462,995.289,1000.668,3.422,3.238,3.948,241.428,0.0,844.744,309.789,0.0,851.064,51.262,0.0,140.939,24,152.429
TAM,Tamaulipas urbano,Reynosa,032,alta,2020-10-16,24.599,20.102,28.088,78.261,59.43,91.814,20.263,18.295,23.081,3.077,1.567,4.689,1004.828,1000.931,1007.82,3.715,3.509,3.812,134.521,0.0,509.978,116.382,0.0,390.664,64.667,0.0,225.996,24,36.231
TAM,Tamaulipas urbano,Reynosa,032,alta,2020-10-17,23.38,17.873,30.073,74.628,48.846,93.383,17.981,16.648,20.012,2.345,1.373,3.346,1004.672,1001.322,1007.347,3.128,2.848,3.576,213.207,0.0,759.406,259.293,0.0,728.192,59.611,0.0,191.401,24,120.073
TAM,Tamaulipas urbano,Reynosa,032,alta,2020-10-18,26.203,20.568,32.956,73.772,45.105,96.465,20.265,18.776,22.749,3.021,1.712,4.174,1000.75,998.239,1002.556,3.023,2.669,3.51,244.919,0.0,851.747,345.882,0.0,913.749,39.199,0.0,106.521,24,164.237
TAM,Tamaulipas urbano,Reynosa,032,alta,2020-10-19,27.289,23.09,32.86,76.14,50.742,96.271,22.051,20.793,22.963,3.09,1.82,4.076,1000.202,998.058,1001.964,3.588,3.409,3.803,234.955,0.0,799.617,323.672,0.0,829.635,44.673,0.0,144.989,24,149.882
TAM,Tamaulipas urbano,Reynosa,032,alta,2020-10-20,27.123,23.369,32.805,73.399,46.52,94.375,21.246,19.215,22.953,2.821,1.771,4.198,999.617,996.978,1001.127,3.449,3.132,3.854,228.138,0.0,822.306,304.316,0.0,854.344,47.282,0.0,143.287,24,136.8
TAM,Tamaulipas urbano,Reynosa,032,alta,2020-10-21,26.648,22.488,32.246,74.93,48.841,95.513,21.154,19.599,22.495,2.248,1.164,3.853,1000.062,998.1,1002.003,3.493,3.372,3.598,222.563,0.0,777.039,292.078,0.0,804.041,51.25,0.0,163.204,24,117.728
TAM,Tamaulipas urbano,Reynosa,032,alta,2020-10-22,27.048,22.96,32.873,74.893,47.48,95.781,21.509,19.654,22.694,1.928,1.108,2.983,998.507,996.103,1000.022,3.44,3.316,3.609,230.528,0.0,805.187,316.086,0.0,830.204,45.742,0.0,139.58,24,133.651
TAM,Tamaulipas urbano,Reynosa,032,alta,2020-10-23,27.485,22.682,33.859,72.512,45.546,94.715,21.292,19.82,22.298,2.155,1.368,3.286,999.39,997.843,1002.956,3.432,3.168,3.697,232.993,0.0,822.69,325.541,0.0,887.755,41.995,0.0,117.174,24,132.274
TAM,Tamaulipas urbano,Reynosa,032,alta,2020-10-24,24.63,20.789,29.322,71.606,50.448,89.726,18.661,16.412,22.114,2.56,1.832,3.198,1002.499,999.591,1005.39,3.615,3.392,3.834,187.666,0.0,732.156,230.285,0.0,787.068,57.215,0.0,224.074,24,38.499
TAM,Tamaulipas urbano,Reynosa,032,alta,2020-10-25,26.758,22.008,33.568,73.973,47.78,94.575,20.966,19.93,22.41,3.516,1.912,4.904,997.942,995.184,1000.778,3.117,2.677,3.45,216.37,0.0,798.013,290.372,0.0,858.226,48.533,0.0,164.464,24,155.372
TAM,Tamaulipas urbano,Reynosa,032,alta,2020-10-26,26.903,22.916,32.858,72.844,46.17,93.142,20.81,18.825,22.495,4.161,3.315,5.298,996.558,994.005,998.33,2.79,2.682,2.911,226.018,0.0,796.783,315.66,0.0,850.195,45.346,0.0,143.115,24,152.002
TAM,Tamaulipas urbano,Reynosa,032,alta,2020-10-27,23.254,17.238,27.817,75.945,50.078,94.764,18.246,15.282,21.31,2.323,1.378,3.249,998.265,995.755,1000.623,2.885,2.652,3.37,184.161,0.0,649.235,237.677,0.0,679.0,49.26,0.0,163.908,24,102.585
TAM,Tamaulipas urbano,Reynosa,032,alta,2020-10-28,17.556,13.586,23.711,60.964,33.509,88.253,8.603,4.437,14.637,4.274,1.429,6.169,1000.077,997.587,1003.023,2.497,1.742,3.443,169.637,0.0,622.723,215.763,0.0,659.944,52.92,0.0,184.597,24,337.972
TAM,Tamaulipas urbano,Reynosa,032,alta,2020-10-29,18.836,12.753,26.284,47.542,27.393,62.73,6.406,4.548,9.008,3.367,1.694,5.92,1005.495,1003.188,1008.465,1.586,1.462,1.711,198.407,0.0,723.894,258.933,0.0,690.738,57.433,0.0,199.554,24,340.371
TAM,Tamaulipas urbano,Reynosa,032,alta,2020-10-30,18.001,12.781,24.688,57.946,34.708,76.138,8.726,7.207,10.962,2.871,1.253,4.178,1009.09,1006.797,1011.922,1.676,1.634,1.73,234.678,0.0,820.68,352.811,0.0,940.003,37.178,0.0,111.875,24,11.513
TAM,Tamaulipas urbano,Reynosa,032,alta,2020-10-31,19.827,13.111,27.833,64.38,34.516,89.32,11.712,10.106,14.51,1.489,1.145,2.303,1007.075,1004.223,1008.91,1.728,1.567,1.991,234.216,0.0,828.2,357.38,0.0,946.625,35.096,0.0,98.408,24,64.424
TAM,Tamaulipas urbano,Reynosa,032,alta,2020-11-01,21.205,15.969,28.254,67.941,40.633,90.903,14.117,12.584,14.919,2.534,1.085,4.773,1010.605,1007.997,1013.716,1.933,1.859,1.998,219.334,0.0,811.112,328.529,0.0,914.2,36.643,0.0,109.517,25,28.508
TAM,Tamaulipas urbano,Reynosa,032,alta,2020-11-02,20.258,16.057,26.38,65.201,38.626,87.301,12.38,9.686,14.9,2.949,1.653,4.157,1013.514,1011.21,1015.808,1.771,1.622,1.961,204.126,0.0,727.699,263.292,0.0,781.245,60.935,0.0,218.937,24,23.763
TAM,Tamaulipas urbano,Reynosa,032,alta,2020-11-03,20.148,14.448,26.963,64.91,36.012,92.027,12.256,9.894,13.581,2.043,1.522,3.138,1010.442,1007.829,1012.809,1.584,1.513,1.694,229.648,0.0,818.43,346.325,0.0,938.433,37.679,0.0,104.767,24,71.88
TAM,Tamaulipas urbano,Reynosa,032,alta,2020-11-04,21.41,15.607,28.28,66.686,40.825,87.877,14.135,13.271,16.305,2.093,1.268,3.334,1008.244,1006.22,1010.371,1.887,1.679,2.098,223.87,0.0,795.041,338.192,0.0,914.095,38.867,0.0,116.264,24,138.173
TAM,Tamaulipas urbano,Reynosa,032,alta,2020-11-05,22.349,17.0,28.913,69.885,43.729,92.651,15.798,14.639,16.86,1.908,1.211,3.033,1006.366,1004.076,1008.71,2.174,2.035,2.291,208.752,0.0,721.25,300.54,0.0,802.631,48.963,0.0,178.182,24,105.064
TAM,Tamaulipas urbano,Reynosa,032,alta,2020-11-06,22.501,17.803,28.813,70.918,41.974,94.542,16.106,13.86,17.624,1.866,1.089,2.88,1003.597,1000.914,1005.717,2.237,2.121,2.434,218.313,0.0,768.422,333.259,0.0,899.551,37.528,0.0,120.411,24,77.88
TAM,Tamaulipas urbano,Reynosa,032,alta,2020-11-07,22.733,17.456,29.219,73.151,42.881,95.183,16.743,14.725,19.172,2.01,1.283,3.267,1001.198,998.835,1003.171,2.482,2.291,2.758,211.552,0.0,743.231,318.695,0.0,855.768,40.841,0.0,133.542,24,79.579
TAM,Tamaulipas urbano,Reynosa,032,alta,2020-11-08,23.871,19.052,30.729,73.493,42.203,97.665,17.83,15.503,19.192,2.537,1.555,3.745,999.241,997.32,1000.631,2.707,2.654,2.78,214.058,0.0,772.461,324.147,0.0,892.408,38.22,0.0,110.496,24,156.045
TAM,Tamaulipas urbano,Reynosa,032,alta,2020-11-09,24.432,19.637,31.25,73.914,44.873,96.608,18.564,17.008,19.741,3.024,2.031,4.073,998.378,996.02,1000.629,2.787,2.732,2.857,203.248,0.0,756.043,293.899,0.0,854.075,44.15,0.0,144.918,24,154.194
TAM,Tamaulipas urbano,Reynosa,032,alta,2020-11-10,25.142,20.228,31.889,74.664,47.489,95.954,19.499,18.686,20.526,2.537,1.368,3.209,996.367,994.243,998.567,3.209,2.886,3.531,169.787,0.0,633.414,223.591,0.0,648.887,50.606,0.0,165.918,24,131.414
TAM,Tamaulipas urbano,Reynosa,032,alta,2020-11-11,24.71,21.031,30.4,72.952,47.422,94.153,18.877,17.333,20.564,1.669,0.659,2.931,999.018,997.045,1000.74,3.367,3.185,3.527,174.087,0.0,662.069,214.281,0.0,674.085,60.923,0.0,203.055,24,138.562
TAM,Tamaulipas urbano,Reynosa,032,alta,2020-11-12,24.608,19.711,30.919,72.209,45.292,94.483,18.503,17.294,20.076,1.91,0.958,2.878,1000.803,998.418,1002.696,3.074,2.997,3.205,173.769,0.0,628.625,229.204,0.0,734.72,55.285,0.0,216.251,24,153.453
TAM,Tamaulipas urbano,Reynosa,032,alta,2020-11-13,24.95,20.959,30.667,74.667,47.803,97.029,19.448,17.695,20.584,2.677,1.527,4.012,1002.322,1000.169,1004.752,3.054,2.746,3.305,180.539,0.0,644.143,249.255,0.0,707.298,51.12,0.0,186.191,24,151.272
TAM,Tamaulipas urbano,Reynosa,032,alta,2020-11-14,25.69,21.142,32.219,74.302,44.919,95.476,19.807,17.87,21.713,3.515,2.649,4.817,999.015,995.712,1001.635,2.917,2.801,3.105,190.395,0.0,707.77,273.406,0.0,776.936,45.718,0.0,146.531,24,169.167
TAM,Tamaulipas urbano,Reynosa,032,alta,2020-11-15,24.548,20.683,30.077,71.858,47.986,96.596,17.888,14.955,21.874,2.89,1.149,4.894,1004.186,999.598,1008.329,3.27,3.065,3.568,160.047,0.0,605.96,201.771,0.0,632.31,54.355,0.0,186.629,24,72.571
TAM,Tamaulipas urbano,Reynosa,032,alta,2020-11-16,22.3,18.561,27.802,65.171,47.071,84.127,14.476,12.947,16.505,2.578,1.893,3.445,1009.342,1007.566,1011.047,2.836,2.69,3.031,165.203,0.0,593.187,220.482,0.0,600.992,51.634,0.0,174.715,24,37.321
TAM,Tamaulipas urbano,Reynosa,032,alta,2020-11-17,21.696,17.91,27.66,70.604,42.104,95.627,15.157,12.122,17.274,2.917,1.797,4.696,1011.711,1010.273,1013.54,2.403,2.129,2.708,171.318,0.0,684.58,235.488,0.0,731.429,49.579,0.0,169.239,24,46.414
TAM,Tamaulipas urbano,Reynosa,032,alta,2020-11-18,21.53,16.682,27.709,70.444,44.979,91.819,15.201,14.115,16.261,2.223,1.642,3.356,1011.369,1008.716,1013.46,2.369,2.174,2.531,175.235,0.0,642.582,240.193,0.0,692.309,53.39,0.0,199.046,24,76.736
TAM,Tamaulipas urbano,Reynosa,032,alta,2020-11-19,22.077,17.202,28.477,68.231,40.338,93.273,15.128,13.066,16.415,2.111,1.227,3.209,1009.155,1006.588,1011.134,1.98,1.882,2.155,201.466,0.0,721.381,322.157,0.0,859.653,37.484,0.0,127.703,24,137.835
TAM,Tamaulipas urbano,Reynosa,032,alta,2020-11-20,22.838,17.533,28.905,72.414,47.471,92.819,16.952,15.225,20.023,2.332,1.46,3.567,1008.732,1006.667,1010.445,2.776,2.034,3.316,178.226,0.0,648.953,252.572,0.0,738.066,49.376,0.0,164.318,24,133.67
TAM,Tamaulipas urbano,Reynosa,032,alta,2020-11-21,23.594,19.65,29.153,74.724,47.583,96.467,18.161,16.192,20.031,2.162,1.273,3.32,1007.618,1005.372,1009.651,2.903,2.769,3.184,127.247,0.0,414.081,152.034,0.0,584.303,61.429,0.0,250.418,24,93.934
TAM,Tamaulipas urbano,Reynosa,032,alta,2020-11-22,23.126,18.85,28.839,74.48,47.076,96.983,17.657,15.929,18.928,2.164,1.102,3.696,1005.987,1003.849,1008.011,2.732,2.535,2.791,154.691,0.0,549.075,203.526,0.0,618.179,58.105,0.0,234.139,24,109.092
TAM,Tamaulipas urbano,Reynosa,032,alta,2020-11-23,22.591,18.427,27.975,73.528,45.485,96.187,16.902,14.732,18.563,2.322,1.44,3.38,1005.853,1003.114,1008.588,2.616,2.489,2.841,180.259,0.0,669.54,282.919,0.0,819.088,40.713,0.0,154.198,24,93.451
TAM,Tamaulipas urbano,Reynosa,032,alta,2020-11-24,24.256,19.843,31.306,70.155,38.147,94.542,17.173,13.72,18.988,3.888,3.069,5.35,999.423,996.178,1002.827,2.689,2.377,2.92,198.272,0.0,732.44,328.608,0.0,920.233,32.046,0.0,92.181,24,172.283
TAM,Tamaulipas urbano,Reynosa,032,alta,2020-11-25,23.997,19.695,30.275,68.146,40.275,89.097,16.482,13.636,18.834,2.407,1.456,3.341,1001.244,998.805,1003.559,3.124,2.827,3.517,172.688,0.0,648.387,240.032,0.0,753.763,50.709,0.0,185.814,24,148.882
TAM,Tamaulipas urbano,Reynosa,032,alta,2020-11-26,24.724,19.918,31.004,72.37,47.505,90.301,18.527,16.929,21.287,2.664,1.306,4.119,1000.713,997.732,1002.735,3.617,3.25,4.037,166.572,0.0,641.708,211.86,0.0,695.243,54.005,0.0,201.163,24,167.354
TAM,Tamaulipas urbano,Reynosa,032,alta,2020-11-27,25.641,21.832,31.527,76.016,48.511,96.361,20.332,18.515,21.652,3.315,2.454,4.393,999.497,997.085,1001.392,3.871,3.692,4.165,175.071,0.0,667.485,249.799,0.0,744.561,47.799,0.0,157.441,24,150.35
TAM,Tamaulipas urbano,Reynosa,032,alta,2020-11-28,24.164,19.347,29.283,81.203,57.023,97.534,20.22,17.596,21.819,3.048,1.888,3.967,999.957,997.59,1001.489,4.114,3.972,4.256,116.834,0.0,424.514,116.856,0.0,417.588,60.716,0.0,232.467,24,134.456
TAM,Tamaulipas urbano,Reynosa,032,alta,2020-11-29,19.302,15.288,24.305,66.121,40.155,88.595,12.007,8.589,16.774,3.976,3.264,4.89,1004.57,1001.38,1010.341,3.074,2.179,4.083,93.108,0.0,355.304,108.584,0.0,430.522,46.634,0.0,184.59,24,2.005
TAM,Tamaulipas urbano,Reynosa,032,alta,2020-11-30,14.036,9.229,18.764,50.407,27.45,69.324,2.87,-2.39,8.696,3.959,1.437,5.883,1013.481,1010.947,1016.479,1.633,1.122,2.136,105.354,0.0,432.124,93.802,0.0,474.601,61.825,0.0,250.602,24,2.109
TAM,Tamaulipas urbano,Reynosa,032,alta,2020-12-01,14.753,7.944,21.946,51.737,27.231,80.77,3.787,-0.099,11.901,2.247,0.898,3.942,1006.46,1001.894,1012.441,1.822,1.107,2.459,183.405,0.0,670.433,286.047,0.0,779.264,44.072,0.0,145.935,24,148.579
TAM,Tamaulipas urbano,Reynosa,032,alta,2020-12-02,19.453,14.112,26.683,66.325,43.841,89.256,12.0,7.488,14.226,2.706,1.396,3.919,1002.275,1000.572,1006.15,2.339,2.195,2.463,180.573,0.0,669.738,281.115,0.0,834.884,40.63,0.0,130.062,24,185.017
TAM,Tamaulipas urbano,Reynosa,032,alta,2020-12-03,13.853,10.561,18.281,44.471,28.762,56.552,1.195,-1.332,6.221,4.3,2.195,6.266,1008.621,1006.356,1011.375,2.014,1.943,2.193,148.421,0.0,541.478,197.702,0.0,643.781,55.296,0.0,210.276,24,347.279
TAM,Tamaulipas urbano,Reynosa,032,alta,2020-12-04,12.703,8.502,18.113,53.291,34.59,68.341,2.903,1.678,5.552,2.694,1.16,4.175,1009.407,1006.698,1011.987,2.311,2.064,2.896,106.428,0.0,436.709,97.79,0.0,390.169,60.951,0.0,238.988,24,7.767
TAM,Tamaulipas urbano,Reynosa,032,alta,2020-12-05,13.4,9.912,18.514,68.589,52.696,81.773,7.302,5.64,8.687,2.608,1.175,3.647,1008.246,1006.018,1009.687,2.948,2.687,3.177,49.869,0.0,186.593,17.834,0.0,150.213,43.584,0.0,169.981,24,354.058
TAM,Tamaulipas urbano,Reynosa,032,alta,2020-12-06,13.76,9.343,20.632,59.321,32.172,82.25,5.025,2.97,7.776,3.425,1.419,5.565,1007.613,1005.035,1009.104,1.816,1.43,2.605,116.471,0.0,448.108,104.667,0.0,398.055,66.85,0.0,254.676,24,324.133
TAM,Tamaulipas urbano,Reynosa,032,alta,2020-12-07,14.931,8.609,22.927,50.198,24.306,72.446,3.281,0.834,4.862,2.241,1.134,3.347,1009.427,1007.575,1011.178,1.242,1.18,1.393,170.019,0.0,643.849,250.501,0.0,771.33,48.067,0.0,172.908,24,348.122
TAM,Tamaulipas urbano,Reynosa,032,alta,2020-12-08,16.093,9.502,24.595,46.869,22.765,64.778,3.334,1.231,5.833,1.468,1.238,1.92,1010.387,1008.158,1012.481,1.344,1.299,1.377,187.143,0.0,700.947,303.582,0.0,907.745,38.677,0.0,129.269,24,304.259
TAM,Tamaulipas urbano,Reynosa,032,alta,2020-12-09,17.083,10.645,25.835,53.193,25.104,80.264,5.786,3.292,10.659,1.81,1.27,2.431,1007.945,1004.645,1011.059,1.351,1.296,1.537,193.874,0.0,725.618,333.624,0.0,947.565,31.775,0.0,90.612,24,189.168
TAM,Tamaulipas urbano,Reynosa,032,alta,2020-12-10,19.236,12.399,27.16,67.021,35.934,88.618,11.434,9.171,16.253,3.358,1.943,4.825,1001.689,998.872,1004.921,2.391,1.574,3.189,182.342,0.0,698.957,293.273,0.0,902.304,37.002,0.0,118.598,24,169.596
TAM,Tamaulipas urbano,Reynosa,032,alta,2020-12-11,22.091,18.135,28.84,72.198,42.995,90.333,15.907,14.043,17.118,2.811,1.081,4.178,998.031,995.854,999.937,3.374,3.188,3.585,161.517,0.0,608.771,207.896,0.0,685.563,53.763,0.0,185.98,24,171.135
TAM,Tamaulipas urbano,Reynosa,032,alta,2020-12-12,21.775,18.218,27.536,75.567,47.998,95.994,16.56,15.022,18.78,1.762,0.715,3.056,1000.1,998.25,1002.559,3.558,3.328,3.842,141.11,0.0,564.116,147.572,0.0,517.793,66.589,0.0,234.065,24,113.587
TAM,Tamaulipas urbano,Reynosa,032,alta,2020-12-13,22.525,16.192,29.886,64.367,38.136,97.178,13.451,3.721,19.076,3.793,1.902,5.484,1000.245,996.983,1009.026,2.754,1.643,3.845,148.908,0.0,578.603,158.927,0.0,549.392,65.447,0.0,234.449,24,215.251
TAM,Tamaulipas urbano,Reynosa,032,alta,2020-12-14,13.542,10.317,17.956,49.147,33.718,73.986,2.196,0.328,5.943,3.289,1.413,5.936,1009.038,1004.022,1013.371,1.814,1.523,2.184,132.237,0.0,510.094,146.818,0.0,427.372,64.848,0.0,250.851,24,37.175
TAM,Tamaulipas urbano,Reynosa,032,alta,2020-12-15,16.726,10.106,26.105,64.012,34.708,86.21,8.419,6.313,10.405,2.354,1.287,3.537,999.212,994.871,1003.019,1.86,1.541,2.358,179.571,0.0,651.668,281.541,0.0,831.055,43.67,0.0,152.973,24,146.736
TAM,Tamaulipas urbano,Reynosa,032,alta,2020-12-16,14.397,10.22,20.743,46.43,22.872,70.506,1.634,-1.95,8.097,3.373,1.448,5.034,1006.349,1003.339,1008.931,1.326,1.208,1.712,180.965,0.0,702.053,295.004,0.0,879.876,39.43,0.0,129.064,24,18.111
TAM,Tamaulipas urbano,Reynosa,032,alta,2020-12-17,14.646,8.763,21.798,56.383,32.186,79.42,4.998,3.309,9.464,2.17,1.291,3.524,1009.328,1007.637,1011.877,1.579,1.287,2.085,148.689,0.0,553.478,235.367,0.0,655.525,38.505,0.0,127.317,24,72.062
TAM,Tamaulipas urbano,Reynosa,032,alta,2020-12-18,18.767,12.601,25.561,76.146,51.793,95.441,13.866,9.783,17.881,3.276,1.71,5.087,1005.781,1002.705,1009.036,2.689,2.14,3.299,131.079,0.0,473.543,154.469,0.0,517.809,58.413,0.0,212.109,24,156.835
TAM,Tamaulipas urbano,Reynosa,032,alta,2020-12-19,21.102,15.681,27.902,68.638,39.164,96.515,13.696,8.694,17.894,2.806,1.502,4.566,1003.674,1001.985,1005.643,2.641,1.777,3.418,166.125,0.0,633.44,249.269,0.0,812.149,44.293,0.0,154.034,24,271.202
TAM,Tamaulipas urbano,Reynosa,032,alta,2020-12-20,18.268,12.548,25.418,57.379,31.438,80.515,7.906,5.041,10.698,1.946,1.019,2.696,1006.062,1004.222,1008.019,1.699,1.652,1.785,162.705,0.0,600.607,244.345,0.0,694.647,45.712,0.0,150.547,24,13.791
TAM,Tamaulipas urbano,Reynosa,032,alta,2020-12-21,19.13,13.952,25.933,63.339,37.576,85.665,10.916,9.501,14.937,2.04,0.912,3.456,1006.718,1004.453,1009.275,2.442,1.741,3.19,160.969,0.0,634.236,200.877,0.0,776.685,57.534,0.0,198.402,24,160.374
TAM,Tamaulipas urbano,Reynosa,032,alta,2020-12-22,20.839,16.346,26.516,76.998,51.101,94.718,16.053,15.102,18.349,2.9,1.498,4.273,1004.752,1002.295,1007.759,3.29,3.144,3.44,121.016,0.0,466.807,114.043,0.0,440.209,65.276,0.0,236.227,24,147.661
TAM,Tamaulipas urbano,Reynosa,032,alta,2020-12-23,22.746,18.096,30.503,71.807,37.108,96.981,15.818,11.883,18.341,2.814,1.631,4.199,998.9,995.393,1001.847,2.505,2.125,3.252,177.432,0.0,682.562,275.716,0.0,869.816,39.566,0.0,119.473,24,176.239
TAM,Tamaulipas urbano,Reynosa,032,alta,2020-12-24,13.662,8.419,18.244,36.637,16.37,82.657,-3.279,-9.917,14.513,5.044,1.396,8.241,1011.887,1000.898,1015.75,1.231,0.686,2.316,173.314,0.0,646.941,273.667,0.0,779.383,43.117,0.0,160.494,24,342.612
TAM,Tamaulipas urbano,Reynosa,032,alta,2020-12-25,12.07,5.598,20.498,30.263,11.856,49.847,-6.944,-11.768,-0.989,1.649,1.015,2.111,1012.233,1009.152,1015.363,0.746,0.592,0.986,191.604,0.0,726.079,316.194,0.0,946.696,37.56,0.0,133.977,24,200.429
TAM,Tamaulipas urbano,Reynosa,032,alta,2020-12-26,14.982,8.18,22.897,54.672,33.65,88.872,4.594,-0.444,11.802,2.254,0.946,3.747,1005.825,1002.849,1009.179,1.506,1.011,1.835,162.748,0.0,616.814,243.063,0.0,768.364,43.017,0.0,137.931,24,168.724
TAM,Tamaulipas urbano,Reynosa,032,alta,2020-12-27,18.581,12.004,26.652,71.348,37.836,95.061,11.822,9.499,15.959,2.879,1.831,4.069,1002.326,1000.092,1003.815,1.672,1.557,1.822,185.599,0.0,711.142,310.579,0.0,918.987,35.238,0.0,116.648,24,167.012
TAM,Tamaulipas urbano,Reynosa,032,alta,2020-12-28,20.589,15.483,27.047,76.538,46.698,97.652,15.519,13.999,17.325,3.88,2.118,5.692,1004.066,1002.619,1005.749,1.96,1.779,2.169,178.853,0.0,670.747,285.755,0.0,812.869,40.41,0.0,129.233,24,155.482
TAM,Tamaulipas urbano,Reynosa,032,alta,2020-12-29,21.605,17.674,27.486,73.748,43.254,96.321,15.798,12.757,17.613,4.9,3.155,6.292,1000.795,997.3,1004.514,2.051,1.881,2.31,185.841,0.0,698.611,307.849,0.0,900.586,34.998,0.0,109.384,24,157.063
TAM,Tamaulipas urbano,Reynosa,032,alta,2020-12-30,22.209,18.677,28.464,74.379,43.752,93.179,16.464,13.633,18.16,4.545,2.914,5.876,994.15,990.822,997.127,2.655,2.354,3.536,172.306,0.0,639.671,246.623,0.0,751.844,49.046,0.0,164.638,24,161.986
TAM,Tamaulipas urbano,Reynosa,032,alta,2020-12-31,15.349,9.353,20.031,65.39,33.468,95.64,7.392,0.975,17.346,4.722,2.254,6.921,995.919,991.999,1000.777,1.986,1.169,3.512,152.012,0.0,683.58,219.769,0.0,881.743,42.043,0.0,202.564,24,309.225
TAM,Tamaulipas urbano,Reynosa,032,alta,2021-01-01,12.505,7.155,19.571,58.582,35.277,77.479,3.763,2.85,5.352,2.351,1.633,3.065,1003.436,1000.695,1006.951,1.499,1.313,1.822,97.677,0.0,416.46,75.993,0.0,293.872,60.831,0.0,235.808,24,342.178
TAM,Tamaulipas urbano,Reynosa,032,alta,2021-01-02,12.897,7.463,20.461,53.238,27.597,70.783,2.472,0.482,4.836,3.095,1.232,4.287,1008.766,1006.878,1011.901,1.217,0.974,1.74,160.121,0.0,599.466,248.512,0.0,726.473,41.421,0.0,142.924,24,356.103
TAM,Tamaulipas urbano,Reynosa,032,alta,2021-01-03,15.692,9.247,24.31,60.78,32.169,88.964,6.798,4.693,11.646,1.696,1.074,2.598,1005.843,1003.064,1008.468,1.311,1.131,1.412,168.37,0.0,682.627,234.768,0.0,797.872,50.746,0.0,169.958,24,191.646
TAM,Tamaulipas urbano,Reynosa,032,alta,2021-01-04,18.104,11.217,26.928,66.156,33.006,89.688,9.895,7.637,13.592,1.702,1.282,2.234,1004.267,1002.511,1006.201,1.446,1.262,1.787,195.549,0.0,730.262,335.797,0.0,951.647,31.541,0.0,89.408,24,187.277
TAM,Tamaulipas urbano,Reynosa,032,alta,2021-01-05,19.497,13.882,26.575,73.306,45.501,94.014,13.709,11.564,17.114,2.292,1.148,3.855,1003.56,1000.961,1006.847,2.082,1.802,2.381,185.389,0.0,695.396,300.374,0.0,853.136,37.81,0.0,120.513,24,176.728
TAM,Tamaulipas urbano,Reynosa,032,alta,2021-01-06,20.708,15.261,26.742,69.524,45.198,95.908,13.879,7.283,17.708,3.665,2.515,5.163,1001.162,998.294,1005.75,2.426,1.611,2.892,149.825,0.0,580.229,168.499,0.0,592.158,61.995,0.0,223.411,24,223.54
TAM,Tamaulipas urbano,Reynosa,032,alta,2021-01-07,15.996,11.003,22.327,42.194,20.086,61.443,1.697,-2.476,6.35,2.702,1.216,3.931,1007.298,1005.531,1010.031,1.192,1.113,1.496,172.787,0.0,639.629,253.784,0.0,733.975,48.902,0.0,159.202,24,3.917
TAM,Tamaulipas urbano,Reynosa,032,alta,2021-01-08,15.415,10.413,22.202,56.091,32.872,81.416,5.684,2.661,8.938,2.092,1.137,3.077,1009.239,1007.439,1011.428,1.533,1.271,1.92,191.713,0.0,712.201,300.722,0.0,877.172,41.295,0.0,141.609,24,62.261
TAM,Tamaulipas urbano,Reynosa,032,alta,2021-01-09,15.456,11.134,19.715,76.339,54.709,93.224,10.938,9.113,14.418,2.759,1.31,4.014,1007.666,1005.018,1010.691,2.849,1.98,3.615,41.746,0.0,166.935,7.897,0.0,47.37,37.996,0.0,156.816,24,87.518
TAM,Tamaulipas urbano,Reynosa,032,alta,2021-01-10,14.92,6.699,20.278,80.811,64.532,95.237,11.335,3.495,15.736,4.823,2.741,6.322,1005.298,1002.221,1012.83,2.519,1.63,3.53,104.97,0.0,359.8,119.298,0.0,362.707,48.148,0.0,176.079,24,42.902
TAM,Tamaulipas urbano,Reynosa,032,alta,2021-01-11,8.215,4.607,13.343,65.542,42.569,83.918,1.626,0.668,3.116,3.942,1.889,5.412,1014.738,1012.894,1017.341,1.575,1.496,1.678,86.826,0.0,335.537,64.147,0.0,175.602,57.215,0.0,219.954,24,354.678
TAM,Tamaulipas urbano,Reynosa,032,alta,2021-01-12,9.276,4.444,15.668,63.15,39.887,82.947,1.975,1.341,3.207,2.433,1.836,3.305,1013.58,1011.068,1015.799,1.636,1.466,1.787,87.35,0.0,345.236,30.465,0.0,102.87,73.646,0.0,279.731,24,352.566
TAM,Tamaulipas urbano,Reynosa,032,alta,2021-01-13,11.58,4.69,20.124,59.69,32.063,82.148,2.906,1.701,5.414,1.821,1.361,2.166,1009.529,1005.559,1013.479,1.199,1.006,1.492,177.325,0.0,668.363,240.939,0.0,734.742,55.739,0.0,194.57,24,312.587
TAM,Tamaulipas urbano,Reynosa,032,alta,2021-01-14,16.389,8.176,26.93,55.833,23.78,81.758,5.165,1.662,8.305,2.759,1.899,4.097,1001.891,998.459,1004.878,1.071,0.991,1.332,165.296,0.0,599.194,224.37,0.0,660.658,52.032,0.0,173.592,24,260.637
TAM,Tamaulipas urbano,Reynosa,032,alta,2021-01-15,14.098,8.973,21.293,50.809,22.914,78.292,2.23,-2.182,8.046,3.002,1.383,4.333,1007.107,1004.19,1010.016,1.039,0.923,1.31,197.692,0.0,739.839,293.252,0.0,889.233,44.861,0.0,126.733,24,358.091
TAM,Tamaulipas urbano,Reynosa,032,alta,2021-01-16,13.855,6.628,22.539,46.162,19.911,71.467,0.727,-2.628,6.779,1.971,1.265,2.752,1006.22,1002.321,1009.932,0.91,0.739,1.475,196.34,0.0,749.914,283.157,0.0,913.717,46.802,0.0,145.431,24,188.671
TAM,Tamaulipas urbano,Reynosa,032,alta,2021-01-17,17.112,11.626,24.392,71.844,47.167,91.995,11.02,7.53,13.479,1.821,1.304,2.602,1003.556,1001.347,1005.403,1.996,1.608,2.13,156.218,0.0,587.813,203.798,0.0,648.271,52.662,0.0,199.723,24,85.692
TAM,Tamaulipas urbano,Reynosa,032,alta,2021-01-18,19.694,13.872,26.862,77.376,48.52,95.155,14.854,13.037,17.456,3.809,1.269,5.887,1001.98,998.768,1004.718,2.121,1.965,2.383,189.925,0.0,702.057,286.095,0.0,873.181,41.674,0.0,132.462,24,163.666
TAM,Tamaulipas urbano,Reynosa,032,alta,2021-01-19,21.647,17.942,27.307,80.007,52.529,96.298,17.513,16.365,19.195,4.083,2.234,5.38,1003.962,1000.379,1008.828,3.235,2.437,4.037,116.791,0.0,449.709,100.214,0.0,323.645,61.405,0.0,220.839,24,138.965
TAM,Tamaulipas urbano,Reynosa,032,alta,2021-01-20,20.212,17.476,23.296,88.13,69.76,98.463,18.014,16.88,19.222,2.412,1.412,3.741,1007.915,1006.086,1009.917,4.251,4.083,4.381,44.301,0.0,177.186,6.898,0.0,57.473,41.187,0.0,149.388,24,102.746
TAM,Tamaulipas urbano,Reynosa,032,alta,2021-01-21,20.226,15.874,26.68,83.014,58.893,97.495,16.86,14.822,18.605,2.036,1.187,3.088,1002.248,998.139,1006.893,4.132,3.909,4.422,157.867,0.0,573.043,205.947,0.0,644.498,53.381,0.0,196.096,24,181.94
TAM,Tamaulipas urbano,Reynosa,032,alta,2021-01-22,21.445,17.137,27.868,79.812,50.932,97.838,17.092,16.113,18.578,1.8,1.062,2.535,999.756,997.929,1001.634,3.451,3.103,3.884,171.035,0.0,673.368,241.53,0.0,788.904,47.77,0.0,177.79,24,303.346
TAM,Tamaulipas urbano,Reynosa,032,alta,2021-01-23,22.517,17.604,28.985,81.999,54.251,98.774,18.67,17.398,20.358,2.204,0.78,3.495,999.597,996.867,1001.753,3.573,3.297,3.962,105.271,0.0,376.327,74.973,0.0,239.027,64.356,0.0,223.367,24,129.061
TAM,Tamaulipas urbano,Reynosa,032,alta,2021-01-24,23.754,20.487,28.988,82.2,56.768,98.216,20.029,18.867,20.766,4.571,2.331,6.191,996.033,993.183,998.927,3.62,3.211,4.064,129.094,0.0,502.715,80.238,0.0,288.894,83.957,0.0,298.021,24,156.462
TAM,Tamaulipas urbano,Reynosa,032,alta,2021-01-25,23.51,18.848,30.52,64.77,28.809,95.47,14.478,8.438,20.465,3.408,1.346,5.056,992.765,991.068,994.407,2.336,1.886,3.261,179.059,0.0,653.977,230.07,0.0,691.701,56.187,0.0,206.874,24,247.155
TAM,Tamaulipas urbano,Reynosa,032,alta,2021-01-26,22.105,16.463,29.796,64.853,34.51,88.276,13.721,11.144,17.053,2.029,1.046,3.029,995.212,993.716,997.24,2.246,2.017,2.559,203.821,0.0,756.736,287.555,0.0,864.504,46.644,0.0,140.307,24,354.071
TAM,Tamaulipas urbano,Reynosa,032,alta,2021-01-27,18.78,14.241,23.633,55.683,29.639,89.03,8.188,3.644,16.72,4.415,1.135,8.004,1007.095,997.848,1013.713,2.094,1.865,2.556,170.66,0.0,631.601,198.304,0.0,629.556,62.425,0.0,235.39,24,352.64
TAM,Tamaulipas urbano,Reynosa,032,alta,2021-01-28,16.368,11.831,21.694,59.95,39.218,82.609,7.854,6.438,11.793,2.94,1.768,3.855,1014.461,1012.576,1017.33,2.514,2.073,2.875,151.022,0.0,570.443,155.89,0.0,498.829,66.058,0.0,260.966,24,44.152
TAM,Tamaulipas urbano,Reynosa,032,alta,2021-01-29,18.851,13.808,24.901,73.218,48.944,91.68,13.376,12.083,16.041,2.843,1.25,4.493,1007.615,1003.183,1012.754,2.687,2.536,2.851,155.006,0.0,603.846,160.057,0.0,537.616,66.965,0.0,219.952,24,130.333
TAM,Tamaulipas urbano,Reynosa,032,alta,2021-01-30,21.96,17.013,29.676,74.175,43.098,95.225,16.02,14.328,17.312,3.669,1.271,6.085,998.705,995.185,1002.567,2.65,2.446,2.812,198.362,0.0,707.407,260.71,0.0,795.233,53.297,0.0,171.77,24,172.308
TAM,Tamaulipas urbano,Reynosa,032,alta,2021-01-31,20.814,16.006,28.068,61.944,30.921,91.032,11.362,6.163,16.703,3.109,1.135,5.056,1005.688,999.923,1011.491,2.241,1.883,2.419,170.212,0.0,628.289,181.069,0.0,533.623,71.165,0.0,256.599,24,8.017
TAM,Tamaulipas urbano,Reynosa,032,alta,2021-02-01,16.308,12.164,22.342,50.448,26.883,67.754,4.8,1.148,9.07,3.033,1.245,4.567,1012.936,1011.119,1015.702,1.589,1.553,1.797,213.828,0.0,773.337,307.278,0.0,885.116,46.871,0.0,149.38,24,35.344
TAM,Tamaulipas urbano,Reynosa,032,alta,2021-02-02,16.545,10.57,23.73,55.213,31.108,77.517,6.457,4.29,10.565,1.984,1.043,3.095,1008.289,1005.087,1011.422,1.991,1.56,2.462,213.82,0.0,781.85,292.95,0.0,884.287,47.162,0.0,142.808,24,140.907
TAM,Tamaulipas urbano,Reynosa,032,alta,2021-02-03,19.388,12.873,27.259,68.786,40.332,93.293,12.473,10.934,14.755,3.306,1.638,4.689,1002.138,999.487,1004.816,2.28,2.049,2.457,206.3,0.0,725.551,285.109,0.0,814.291,50.04,0.0,167.55,24,160.154
TAM,Tamaulipas urbano,Reynosa,032,alta,2021-02-04,22.295,15.743,31.741,66.546,32.375,91.802,13.818,10.843,16.828,3.537,1.944,5.148,996.228,993.296,999.109,2.056,1.932,2.433,222.949,0.0,804.207,329.107,0.0,920.783,40.442,0.0,111.464,24,165.427
TAM,Tamaulipas urbano,Reynosa,032,alta,2021-02-05,21.09,16.529,27.769,71.17,45.456,95.014,14.575,13.388,16.651,2.412,1.085,4.28,996.193,994.871,997.951,2.49,2.189,2.797,178.323,0.0,692.379,219.85,0.0,780.633,55.588,0.0,191.497,24,93.87
TAM,Tamaulipas urbano,Reynosa,032,alta,2021-02-06,20.768,15.143,29.34,66.174,35.395,98.763,12.156,7.633,15.595,2.408,0.871,5.445,996.74,994.228,1002.654,1.867,1.165,2.282,167.015,0.0,547.21,222.339,0.0,706.352,50.211,0.0,148.466,24,31.819
TAM,Tamaulipas urbano,Reynosa,032,alta,2021-02-07,19.12,12.763,26.381,57.558,32.109,80.179,8.918,6.889,14.046,2.765,1.413,4.372,1001.547,998.657,1004.202,1.782,1.177,2.556,225.025,0.0,819.146,316.702,0.0,926.498,44.477,0.0,140.545,24,100.181
TAM,Tamaulipas urbano,Reynosa,032,alta,2021-02-08,21.834,16.428,29.121,71.763,42.486,94.408,15.134,13.363,18.254,2.667,1.416,4.066,998.365,996.13,1000.945,2.438,2.285,2.562,171.239,0.0,649.397,169.575,0.0,585.09,73.988,0.0,244.322,24,141.631
TAM,Tamaulipas urbano,Reynosa,032,alta,2021-02-09,22.906,17.448,29.922,74.64,44.272,96.452,17.022,15.329,19.582,2.091,0.866,3.449,1000.918,998.891,1003.297,2.582,2.327,3.226,178.373,0.0,687.135,199.457,0.0,661.457,68.294,0.0,254.658,24,140.283
TAM,Tamaulipas urbano,Reynosa,032,alta,2021-02-10,23.81,19.97,29.966,76.88,47.256,97.775,18.716,16.768,20.032,3.599,1.861,5.296,998.43,995.187,1000.734,3.26,3.053,3.531,173.981,0.0,634.507,172.268,0.0,511.727,73.667,0.0,246.918,24,138.87
TAM,Tamaulipas urbano,Reynosa,032,alta,2021-02-11,19.125,11.991,24.264,78.931,58.491,96.373,14.834,9.583,19.609,3.885,2.084,5.475,998.674,996.926,1002.203,3.496,3.087,3.844,113.276,0.0,391.995,92.915,0.0,321.092,60.219,0.0,210.782,24,76.032
TAM,Tamaulipas urbano,Reynosa,032,alta,2021-02-12,9.661,7.288,11.957,74.521,64.238,85.411,5.211,3.435,8.744,5.092,3.552,5.691,1003.227,1001.014,1005.311,2.92,2.243,3.654,62.677,0.0,198.574,36.939,0.0,192.568,45.19,0.0,151.965,24,354.343
TAM,Tamaulipas urbano,Reynosa,032,alta,2021-02-13,7.788,5.131,11.054,70.31,58.773,77.759,2.509,1.552,3.209,3.897,3.185,4.747,1003.847,1002.388,1005.393,2.071,1.959,2.232,70.714,0.0,285.553,33.931,0.0,165.45,53.327,0.0,206.448,24,0.251
TAM,Tamaulipas urbano,Reynosa,032,alta,2021-02-14,7.773,3.354,14.031,71.242,52.221,84.138,2.324,0.612,4.521,3.972,2.379,6.625,1002.593,999.211,1007.288,1.798,1.687,1.951,96.693,0.0,389.969,70.495,0.0,312.13,55.112,0.0,203.774,24,6.089
TAM,Tamaulipas urbano,Reynosa,032,alta,2021-02-15,3.755,-0.721,9.286,56.822,34.679,78.168,-4.769,-6.968,-0.556,4.901,2.012,6.603,1009.45,1007.011,1011.927,1.335,1.148,1.754,162.281,0.0,602.113,155.245,0.0,603.824,74.401,0.0,272.999,24,358.066
TAM,Tamaulipas urbano,Reynosa,032,alta,2021-02-16,6.661,-0.897,14.711,62.004,38.447,88.781,-0.952,-5.685,5.851,2.476,1.812,3.742,1004.652,999.49,1010.473,1.564,1.339,2.045,130.524,0.0,463.828,113.699,0.0,390.685,68.359,0.0,237.496,24,58.669
TAM,Tamaulipas urbano,Reynosa,032,alta,2021-02-17,11.313,5.713,19.888,70.236,39.31,91.153,4.947,3.598,6.416,3.369,2.677,4.676,999.588,996.147,1003.377,1.783,1.515,2.069,197.587,0.0,729.574,232.056,0.0,757.956,63.584,0.0,249.273,24,349.887
TAM,Tamaulipas urbano,Reynosa,032,alta,2021-02-18,8.83,4.418,14.775,66.999,46.926,83.866,2.421,0.703,4.704,4.95,3.479,6.392,1008.674,1003.546,1017.674,1.447,1.201,1.809,105.617,0.0,398.998,48.904,0.0,181.584,77.062,0.0,285.241,24,355.878
TAM,Tamaulipas urbano,Reynosa,032,alta,2021-02-19,7.12,0.914,14.565,60.317,33.424,81.581,-1.017,-3.868,2.127,3.214,1.185,4.539,1017.146,1014.293,1020.122,0.834,0.734,1.143,229.864,0.0,818.276,293.26,0.0,817.799,56.612,0.0,182.355,24,10.406
TAM,Tamaulipas urbano,Reynosa,032,alta,2021-02-20,12.155,4.317,20.793,68.489,38.58,91.589,5.412,2.445,10.055,2.543,0.906,4.34,1010.672,1006.938,1014.719,1.124,0.846,1.368,244.161,0.0,870.92,320.399,0.0,935.471,54.65,0.0,185.791,24,144.82
TAM,Tamaulipas urbano,Reynosa,032,alta,2021-02-21,18.032,10.696,26.996,70.502,37.572,94.868,11.035,9.171,14.798,3.502,1.38,5.576,1003.094,999.432,1006.694,1.608,1.291,2.382,245.373,0.0,864.008,328.442,0.0,934.423,48.326,0.0,148.051,24,156.392
TAM,Tamaulipas urbano,Reynosa,032,alta,2021-02-22,19.515,14.543,26.277,72.561,45.26,95.063,13.574,12.458,14.582,2.403,0.81,3.552,1007.352,1004.854,1009.896,2.611,2.448,2.698,194.033,0.0,719.41,209.56,0.0,625.724,68.801,0.0,218.518,24,52.492
TAM,Tamaulipas urbano,Reynosa,032,alta,2021-02-23,20.634,14.218,27.808,74.949,45.293,97.307,15.076,13.767,17.947,2.858,1.242,4.285,1004.17,1000.917,1007.418,2.724,2.543,2.896,239.482,0.0,841.413,305.992,0.0,876.354,55.312,0.0,196.436,24,152.186
TAM,Tamaulipas urbano,Reynosa,032,alta,2021-02-24,23.275,17.555,31.164,74.273,41.255,97.62,17.196,15.42,18.855,3.575,2.59,4.618,1001.367,999.084,1003.293,2.754,2.583,2.985,240.165,0.0,846.943,304.529,0.0,838.433,56.415,0.0,173.153,24,151.636
TAM,Tamaulipas urbano,Reynosa,032,alta,2021-02-25,23.511,18.364,30.227,76.095,45.944,97.191,18.112,16.52,19.931,3.953,2.031,5.377,1001.642,998.936,1004.481,2.829,2.588,2.98,218.89,0.0,753.921,249.873,0.0,658.356,71.05,0.0,245.434,24,152.548
TAM,Tamaulipas urbano,Reynosa,032,alta,2021-02-26,24.102,19.298,30.215,74.991,44.622,98.314,18.368,16.136,20.175,3.693,3.115,4.426,998.208,995.682,1000.138,2.82,2.488,3.226,213.291,0.0,793.742,231.106,0.0,722.209,68.221,0.0,224.375,24,151.961
TAM,Tamaulipas urbano,Reynosa,032,alta,2021-02-27,24.544,20.55,30.282,78.758,52.325,97.983,19.848,18.604,21.117,4.202,2.952,5.71,996.489,993.972,998.106,3.254,3.049,3.511,167.438,0.0,596.813,124.33,0.0,396.944,90.37,0.0,312.447,24,149.434
TAM,Tamaulipas urbano,Reynosa,032,alta,2021-02-28,25.53,20.948,32.578,75.081,43.085,97.552,19.591,17.258,21.154,3.694,2.294,5.114,995.881,993.584,997.315,3.228,3.105,3.51,204.756,0.0,785.961,186.968,0.0,670.706,83.077,0.0,259.564,24,149.21
TAM,Tamaulipas urbano,Reynosa,032,alta,2021-03-01,22.188,14.927,28.347,73.368,52.452,97.294,16.512,9.339,21.091,4.179,1.573,6.86,1001.037,996.325,1008.49,3.58,3.269,3.798,116.562,0.0,392.754,69.282,0.0,219.623,72.427,0.0,232.394,24,65.184
TAM,Tamaulipas urbano,Reynosa,032,alta,2021-03-02,16.913,12.762,23.307,53.099,30.491,71.711,6.305,4.025,8.662,4.236,1.164,6.246,1007.811,1005.18,1010.249,2.589,2.245,3.215,120.798,0.0,494.824,62.78,0.0,330.774,86.64,0.0,351.389,24,14.125
TAM,Tamaulipas urbano,Reynosa,032,alta,2021-03-03,18.477,12.027,26.01,58.768,33.373,79.446,9.091,7.673,12.504,1.978,0.851,3.286,1005.976,1003.657,1007.596,2.512,2.42,2.684,235.457,0.0,822.773,243.621,0.0,695.713,80.709,0.0,237.566,24,100.255
TAM,Tamaulipas urbano,Reynosa,032,alta,2021-03-04,21.116,14.466,28.784,68.37,39.504,91.852,13.937,12.741,17.387,3.126,1.325,4.85,1003.308,1000.242,1006.321,2.852,2.705,2.975,209.967,0.0,777.357,187.473,0.0,626.75,88.991,0.0,284.38,24,147.169
TAM,Tamaulipas urbano,Reynosa,032,alta,2021-03-05,22.966,18.036,29.975,64.321,37.509,95.019,14.059,9.831,17.699,3.091,1.958,5.016,999.868,997.588,1003.681,2.685,1.894,3.095,195.792,0.0,662.929,196.755,0.0,621.325,77.908,0.0,242.338,24,53.001
TAM,Tamaulipas urbano,Reynosa,032,alta,2021-03-06,19.001,14.675,24.713,56.354,36.755,82.014,9.216,8.254,11.554,4.183,1.946,6.003,1007.326,1004.053,1009.545,1.89,1.769,2.096,246.023,0.0,861.32,274.56,0.0,813.957,71.297,0.0,229.646,24,16.713
TAM,Tamaulipas urbano,Reynosa,032,alta,2021-03-07,18.601,13.496,24.357,69.073,44.161,92.213,12.108,11.021,14.037,2.555,1.188,4.302,1009.971,1008.277,1012.852,2.673,2.162,2.818,115.34,0.0,465.283,70.119,0.0,405.888,77.106,0.0,290.762,24,81.392
TAM,Tamaulipas urbano,Reynosa,032,alta,2021-03-08,20.251,15.345,25.66,71.239,46.982,94.443,14.234,13.269,16.004,2.967,1.328,4.491,1012.08,1010.398,1013.923,2.666,2.616,2.772,127.91,0.0,444.993,64.954,0.0,236.872,93.591,0.0,316.242,24,110.347
TAM,Tamaulipas urbano,Reynosa,032,alta,2021-03-09,21.568,17.034,27.767,71.996,45.04,96.478,15.481,14.004,16.693,4.391,2.408,6.02,1008.137,1005.118,1011.306,2.587,2.342,2.768,239.153,0.0,830.337,276.696,0.0,775.076,64.988,0.0,207.089,24,146.205
TAM,Tamaulipas urbano,Reynosa,032,alta,2021-03-10,22.928,17.656,30.372,69.188,37.672,93.916,15.604,13.157,18.125,4.892,3.522,6.093,1002.928,1000.021,1005.339,2.339,2.244,2.514,265.424,0.0,917.6,313.261,0.0,906.441,55.905,0.0,143.311,24,152.507
TAM,Tamaulipas urbano,Reynosa,032,alta,2021-03-11,23.874,19.007,30.647,72.918,42.685,94.631,17.529,15.371,20.052,4.636,3.337,5.773,1002.558,1000.11,1004.278,2.785,2.572,3.027,252.12,0.0,851.383,296.441,0.0,819.317,61.54,0.0,176.598,24,147.606
TAM,Tamaulipas urbano,Reynosa,032,alta,2021-03-12,24.422,20.372,30.523,76.371,47.59,97.382,19.161,17.451,20.403,4.635,3.451,5.943,1004.506,1002.838,1006.361,3.008,2.802,3.234,229.594,0.0,770.668,240.399,0.0,720.568,73.441,0.0,246.624,24,141.268
TAM,Tamaulipas urbano,Reynosa,032,alta,2021-03-13,24.651,20.648,30.894,74.46,45.426,97.189,18.945,17.201,20.435,5.301,3.745,6.574,1001.617,998.397,1004.696,3.008,2.878,3.219,257.949,0.0,862.961,302.558,0.0,798.845,59.677,0.0,182.311,24,145.041
TAM,Tamaulipas urbano,Reynosa,032,alta,2021-03-14,24.097,18.505,30.445,62.265,34.148,95.648,14.288,8.759,20.151,4.086,1.183,5.405,998.619,996.802,1000.658,2.701,2.22,3.244,201.108,0.0,707.7,159.889,0.0,470.8,95.512,0.0,296.508,23,130.68
TAM,Tamaulipas urbano,Reynosa,032,alta,2021-03-15,23.447,16.924,31.481,59.526,36.148,84.951,13.174,10.319,18.508,1.804,0.712,2.929,998.291,995.44,1000.532,2.625,2.448,2.822,210.46,0.0,780.842,190.758,0.0,662.443,83.144,0.0,258.773,24,126.382
TAM,Tamaulipas urbano,Reynosa,032,alta,2021-03-16,26.037,19.924,34.103,70.313,38.585,97.873,18.539,15.811,20.535,3.507,1.649,4.846,993.875,989.758,997.923,3.077,2.87,3.362,222.044,0.0,793.982,218.961,0.0,753.124,77.711,0.0,232.908,24,154.693
TAM,Tamaulipas urbano,Reynosa,032,alta,2021-03-17,25.647,19.505,33.219,47.253,11.911,90.156,7.932,-3.663,20.724,4.3,2.348,6.888,995.272,991.012,1001.943,1.665,0.851,3.176,291.964,0.0,987.277,366.753,0.0,947.89,52.335,0.0,137.426,24,350.039
TAM,Tamaulipas urbano,Reynosa,032,alta,2021-03-18,20.351,15.034,27.315,37.984,19.729,53.676,3.715,0.84,6.201,3.332,1.27,5.604,1007.428,1002.756,1010.66,1.199,1.034,1.337,293.903,0.0,967.459,370.13,0.0,934.532,53.339,0.0,154.281,24,16.197
TAM,Tamaulipas urbano,Reynosa,032,alta,2021-03-19,19.166,13.109,26.457,47.05,23.958,72.591,5.779,3.023,8.27,2.576,1.052,3.765,1009.521,1007.618,1012.301,1.709,1.376,1.878,287.916,0.0,956.417,341.4,0.0,880.925,60.446,0.0,165.861,24,48.123
TAM,Tamaulipas urbano,Reynosa,032,alta,2021-03-20,19.081,13.094,26.382,55.59,29.392,82.647,8.673,6.258,11.081,2.364,0.873,3.939,1009.262,1005.927,1012.239,2.061,1.91,2.228,257.647,0.0,877.823,266.349,0.0,753.684,78.243,0.0,228.58,24,79.852
TAM,Tamaulipas urbano,Reynosa,032,alta,2021-03-21,20.441,14.264,28.183,62.293,35.107,86.765,11.912,10.736,14.242,3.258,1.196,5.338,1004.55,1000.744,1008.313,2.454,2.26,2.792,243.575,0.0,813.678,248.229,0.0,650.171,77.513,0.0,233.361,24,139.021
TAM,Tamaulipas urbano,Reynosa,032,alta,2021-03-22,23.624,17.23,32.016,63.262,33.825,88.1,14.578,12.218,17.641,4.628,3.265,6.129,995.198,989.819,1001.822,2.775,2.616,2.921,245.133,0.0,840.673,247.402,0.0,681.278,80.187,0.0,229.585,24,158.777
TAM,Tamaulipas urbano,Reynosa,032,alta,2021-03-23,24.837,18.527,33.05,55.004,21.475,85.927,11.183,4.437,17.737,3.021,1.41,4.708,992.64,990.196,995.558,2.031,1.669,2.784,248.162,0.0,848.976,243.567,0.0,671.703,82.05,0.0,248.558,24,41.732
TAM,Tamaulipas urbano,Reynosa,032,alta,2021-03-24,26.089,18.661,36.042,54.519,16.821,88.591,11.752,3.361,16.78,2.682,1.652,3.725,990.158,986.571,993.265,1.766,1.367,2.252,243.109,0.0,871.573,216.339,0.0,699.28,93.16,0.0,289.543,24,185.023
TAM,Tamaulipas urbano,Reynosa,032,alta,2021-03-25,24.377,19.133,31.003,43.281,17.644,75.339,7.787,1.922,15.867,4.065,1.981,6.815,995.37,989.158,999.11,1.288,1.128,1.729,278.898,0.0,934.506,279.989,0.0,807.608,81.986,0.0,220.785,24,357.209
TAM,Tamaulipas urbano,Reynosa,032,alta,2021-03-26,24.174,16.158,33.497,55.833,26.115,83.699,12.271,9.315,17.667,2.5,1.165,3.915,997.606,994.761,999.582,1.836,1.515,2.438,267.123,0.0,918.042,270.642,0.0,784.651,83.893,0.0,272.902,24,148.57
TAM,Tamaulipas urbano,Reynosa,032,alta,2021-03-27,27.084,20.479,36.297,60.758,25.848,90.725,15.456,9.541,19.403,3.563,2.489,4.749,995.465,992.394,997.356,2.386,2.062,2.873,283.151,0.0,935.664,290.944,0.0,855.731,75.631,0.0,216.255,24,159.65
TAM,Tamaulipas urbano,Reynosa,032,alta,2021-03-28,22.424,17.239,26.876,70.756,50.597,92.037,15.961,11.304,20.538,4.66,1.909,7.562,1003.498,997.164,1009.555,3.525,2.988,3.83,88.553,0.0,265.45,20.408,0.0,76.042,76.221,0.0,232.242,24,43.644
TAM,Tamaulipas urbano,Reynosa,032,alta,2021-03-29,19.998,15.971,25.057,67.506,51.495,87.443,13.295,11.318,16.908,2.891,1.942,3.631,1005.125,1001.142,1008.947,3.538,3.476,3.658,150.503,0.0,575.782,84.747,0.0,382.023,91.503,0.0,336.423,24,49.506
TAM,Tamaulipas urbano,Reynosa,032,alta,2021-03-30,24.548,18.47,32.488,70.859,41.376,94.53,17.757,16.953,19.986,3.498,1.633,5.293,998.261,995.482,1000.521,3.353,3.122,3.472,268.08,0.0,948.543,267.966,0.0,822.737,76.006,0.0,226.778,24,156.153
TAM,Tamaulipas urbano,Reynosa,032,alta,2021-03-31,26.114,20.577,33.575,70.372,40.613,95.919,19.051,17.573,20.339,3.49,1.779,4.511,1001.982,998.456,1008.49,3.417,2.987,4.006,220.126,0.0,718.373,155.056,0.0,488.407,106.4,0.0,314.38,24,114.949
TAM,Tamaulipas urbano,Reynosa,032,alta,2021-04-01,19.132,15.744,21.208,67.079,51.06,82.377,12.18,9.034,17.758,5.026,2.789,6.287,1012.273,1008.824,1014.846,3.477,2.873,3.901,66.36,0.0,248.769,3.376,0.0,26.704,64.462,0.0,239.751,24,34.294
TAM,Tamaulipas urbano,Reynosa,032,alta,2021-04-02,19.158,14.753,24.616,62.294,44.157,76.99,11.249,10.269,12.993,3.135,1.794,4.727,1011.172,1008.808,1013.683,2.891,2.772,3.036,153.202,0.0,570.784,70.598,0.0,321.046,98.788,0.0,310.176,24,87.569
TAM,Tamaulipas urbano,Reynosa,032,alta,2021-04-03,21.193,16.739,27.153,66.659,45.6,84.551,14.234,13.215,15.349,3.614,2.007,5.58,1007.928,1006.115,1009.735,2.779,2.499,2.945,157.019,0.0,450.02,114.513,0.0,342.805,82.745,0.0,268.431,24,127.522
TAM,Tamaulipas urbano,Reynosa,032,alta,2021-04-04,22.45,17.555,29.037,65.276,37.99,89.881,14.627,12.701,15.951,3.657,2.311,5.23,1006.102,1003.446,1008.36,2.673,2.543,2.883,240.378,0.0,752.547,214.604,0.0,575.018,90.483,0.0,291.426,24,129.541
TAM,Tamaulipas urbano,Reynosa,032,alta,2021-04-05,23.374,17.899,30.027,67.597,40.648,89.875,16.054,14.607,19.099,3.685,1.972,5.265,1001.626,997.948,1005.558,2.993,2.889,3.176,284.151,0.0,931.716,308.96,0.0,791.037,70.179,0.0,213.27,24,146.817
TAM,Tamaulipas urbano,Reynosa,032,alta,2021-04-06,25.664,20.485,32.732,69.725,41.023,93.236,18.643,16.977,20.431,4.838,3.381,5.994,997.361,994.145,1000.21,3.331,3.183,3.529,279.527,0.0,888.837,274.948,0.0,727.227,86.993,0.0,269.915,24,153.839
TAM,Tamaulipas urbano,Reynosa,032,alta,2021-04-07,27.705,21.297,36.293,62.82,30.86,91.072,17.887,14.202,20.527,3.897,2.003,4.806,994.67,992.501,997.057,3.058,2.885,3.406,297.785,0.0,973.671,316.23,0.0,844.143,70.947,0.0,179.164,24,146.313
TAM,Tamaulipas urbano,Reynosa,032,alta,2021-04-08,28.223,21.587,36.715,61.789,28.586,92.11,17.951,13.948,20.547,2.426,0.915,3.999,995.199,992.021,997.874,2.84,2.602,3.15,299.946,0.0,999.844,321.624,0.0,897.34,68.379,0.0,172.145,24,138.912
TAM,Tamaulipas urbano,Reynosa,032,alta,2021-04-09,29.564,22.366,39.325,58.334,23.175,91.844,16.956,10.018,21.081,3.699,1.95,5.067,989.977,987.022,993.232,2.572,2.238,3.192,307.942,0.0,993.864,346.857,0.0,871.513,64.69,0.0,172.761,24,160.775
TAM,Tamaulipas urbano,Reynosa,032,alta,2021-04-10,27.943,22.281,35.98,57.128,29.849,77.939,16.435,13.586,18.554,3.225,1.401,4.986,992.2,990.325,994.455,2.615,2.409,2.843,303.861,0.0,977.305,328.034,0.0,836.587,71.869,0.0,193.774,24,31.726
TAM,Tamaulipas urbano,Reynosa,032,alta,2021-04-11,26.767,20.318,34.365,63.869,36.957,91.183,17.915,16.558,19.893,2.443,1.205,3.917,992.484,989.397,994.537,3.135,2.85,3.307,263.336,0.0,893.102,222.927,0.0,673.613,102.755,0.0,311.332,24,79.064
TAM,Tamaulipas urbano,Reynosa,032,alta,2021-04-12,27.357,21.557,34.608,67.049,39.285,92.715,19.285,17.319,21.433,3.016,1.554,4.509,992.438,989.892,994.851,3.325,3.161,3.522,249.292,0.0,813.781,201.61,0.0,635.358,105.87,0.0,321.397,24,132.433
TAM,Tamaulipas urbano,Reynosa,032,alta,2021-04-13,28.207,22.489,35.489,67.359,37.709,94.178,20.097,17.738,22.094,2.73,1.359,4.05,995.531,993.19,997.786,3.662,3.425,3.992,204.56,0.0,721.258,139.825,0.0,389.025,105.629,0.0,355.31,24,114.051
TAM,Tamaulipas urbano,Reynosa,032,alta,2021-04-14,29.275,23.547,36.54,67.298,37.345,95.468,21.24,18.838,22.837,2.826,1.147,4.192,996.782,993.531,999.252,4.062,3.847,4.242,249.57,0.0,877.442,187.399,0.0,628.704,107.953,0.0,305.73,24,133.912
TAM,Tamaulipas urbano,Reynosa,032,alta,2021-04-15,28.906,24.196,35.289,69.5,41.667,93.526,21.63,19.451,23.221,3.444,1.767,4.906,995.009,991.801,997.091,3.832,3.645,4.026,205.93,0.0,706.554,141.247,0.0,415.189,107.998,0.0,331.96,24,126.344
TAM,Tamaulipas urbano,Reynosa,032,alta,2021-04-16,29.867,24.271,37.649,65.629,33.538,93.646,20.798,17.092,23.237,3.175,1.963,4.106,991.777,988.072,994.431,3.826,3.366,4.377,261.648,0.0,887.998,224.217,0.0,675.233,99.954,0.0,304.832,24,127.151
TAM,Tamaulipas urbano,Reynosa,032,alta,2021-04-17,23.203,18.438,25.745,70.457,50.533,90.039,17.027,12.658,23.156,4.845,2.762,5.869,997.634,993.56,1002.472,3.968,3.492,4.487,125.313,0.0,433.921,59.948,0.0,179.571,82.518,0.0,290.576,24,29.193
TAM,Tamaulipas urbano,Reynosa,032,alta,2021-04-18,19.907,15.576,25.998,57.384,36.012,75.288,10.364,8.37,12.499,4.285,2.128,5.12,1002.797,1000.001,1005.017,2.787,2.229,3.61,151.687,0.0,575.257,51.071,0.0,224.02,113.652,0.0,406.678,24,19.426
TAM,Tamaulipas urbano,Reynosa,032,alta,2021-04-19,20.837,14.676,27.483,59.052,36.201,81.236,11.498,9.974,14.582,2.404,1.576,3.549,1001.912,998.094,1004.25,2.521,2.335,2.909,199.46,0.0,706.935,112.564,0.0,417.187,113.033,0.0,387.371,24,51.944
TAM,Tamaulipas urbano,Reynosa,032,alta,2021-04-20,23.551,16.928,31.484,60.308,31.483,90.54,13.793,11.518,15.363,2.244,1.144,3.87,1001.54,998.683,1004.23,2.602,2.439,2.895,317.144,0.0,1007.285,350.413,0.0,868.049,65.37,0.0,167.555,24,68.494
TAM,Tamaulipas urbano,Reynosa,032,alta,2021-04-21,22.642,18.21,28.316,63.229,38.997,87.936,14.351,12.508,16.393,3.619,1.687,5.143,1005.077,1003.105,1007.677,2.998,2.822,3.375,284.01,0.0,899.064,275.869,0.0,717.758,88.597,0.0,251.496,24,79.081
TAM,Tamaulipas urbano,Reynosa,032,alta,2021-04-22,25.031,19.904,31.381,67.286,44.887,88.395,17.824,16.22,21.184,3.948,2.482,5.372,999.697,996.032,1003.414,3.443,3.322,3.843,187.698,0.0,613.801,112.616,0.0,323.235,103.912,0.0,312.612,24,132.601
TAM,Tamaulipas urbano,Reynosa,032,alta,2021-04-23,27.963,22.539,35.379,68.908,38.762,96.142,20.023,16.797,21.999,4.053,2.407,5.604,993.532,989.207,998.288,3.621,3.266,4.142,243.046,0.0,876.256,177.807,0.0,648.015,110.837,0.0,349.006,24,156.497
TAM,Tamaulipas urbano,Reynosa,032,alta,2021-04-24,28.197,22.058,36.599,52.754,21.021,86.272,13.645,6.668,20.912,3.318,1.242,5.851,995.862,992.158,1000.165,2.503,1.908,3.427,305.902,0.0,994.208,302.641,0.0,821.949,83.47,0.0,217.889,24,41.215
TAM,Tamaulipas urbano,Reynosa,032,alta,2021-04-25,26.689,19.873,34.714,56.841,28.491,83.882,15.092,11.926,19.658,3.248,1.344,5.289,999.94,997.787,1002.33,2.288,1.925,2.998,320.426,0.0,1000.257,339.5,0.0,842.905,77.171,0.0,212.491,24,111.268
TAM,Tamaulipas urbano,Reynosa,032,alta,2021-04-26,27.464,22.15,34.253,68.255,39.673,94.853,19.842,17.739,21.703,4.348,2.956,5.81,996.988,994.27,999.733,3.908,3.111,4.528,231.272,0.0,753.897,113.352,0.0,350.137,142.595,0.0,426.129,24,149.451
TAM,Tamaulipas urbano,Reynosa,032,alta,2021-04-27,28.491,23.515,35.15,67.585,40.038,91.525,20.744,18.703,22.68,4.638,3.124,5.747,994.739,991.7,997.144,4.195,4.039,4.45,242.687,0.0,813.808,139.147,0.0,414.128,137.591,0.0,447.367,24,154.123
TAM,Tamaulipas urbano,Reynosa,032,alta,2021-04-28,30.116,24.347,38.423,64.516,34.223,89.007,20.903,18.109,22.816,5.05,3.839,6.605,991.994,987.973,994.892,3.853,3.602,4.076,294.16,0.0,955.335,258.119,0.0,713.211,100.99,0.0,259.852,24,152.685
TAM,Tamaulipas urbano,Reynosa,032,alta,2021-04-29,29.137,24.456,35.307,62.795,37.607,87.902,19.986,17.142,22.465,3.844,2.237,5.575,994.661,991.084,1000.011,4.157,3.888,4.989,251.534,0.0,871.038,186.688,0.0,609.473,107.498,0.0,293.531,24,38.41
TAM,Tamaulipas urbano,Reynosa,032,alta,2021-04-30,25.937,22.347,30.083,71.591,54.908,86.779,19.899,18.755,21.374,2.751,1.584,3.897,1000.137,998.555,1001.709,5.152,4.919,5.493,165.245,0.0,566.507,51.646,0.0,185.339,126.559,0.0,408.798,24,22.123
TAM,Tamaulipas urbano,Reynosa,032,alta,2021-05-01,25.457,22.32,30.25,77.683,55.29,94.218,20.818,19.612,21.536,2.366,1.214,4.021,997.823,994.799,1000.399,4.874,4.281,5.516,149.073,0.0,512.514,70.558,0.0,232.99,96.507,0.0,286.604,24,39.64
TAM,Tamaulipas urbano,Reynosa,032,alta,2021-05-02,28.333,20.979,37.049,63.963,29.181,95.238,18.602,13.977,21.794,2.641,0.888,4.016,992.056,987.589,996.657,2.845,2.355,4.098,326.388,0.0,1014.264,358.317,0.0,856.118,68.785,0.0,169.969,24,169.232
TAM,Tamaulipas urbano,Reynosa,032,alta,2021-05-03,30.614,23.592,40.056,58.541,20.926,91.261,17.912,10.635,22.486,3.618,2.754,4.451,987.883,984.91,989.843,2.312,2.027,2.623,329.221,0.0,1030.257,357.727,0.0,885.551,69.058,0.0,170.035,24,173.789
TAM,Tamaulipas urbano,Reynosa,032,alta,2021-05-04,29.439,23.918,36.265,63.7,36.512,86.591,20.028,17.15,22.122,3.819,2.197,5.539,992.654,988.104,999.312,3.17,2.443,4.066,273.032,0.0,863.783,224.787,0.0,575.504,110.992,0.0,348.135,24,61.967
TAM,Tamaulipas urbano,Reynosa,032,alta,2021-05-05,27.42,23.453,32.795,65.528,45.116,82.491,19.643,18.383,21.961,4.172,2.503,5.127,1001.576,999.539,1003.949,3.962,3.819,4.094,270.909,0.0,847.528,221.067,0.0,592.15,111.694,0.0,364.383,24,35.183
TAM,Tamaulipas urbano,Reynosa,032,alta,2021-05-06,27.045,22.327,33.423,67.857,44.469,92.082,19.724,18.062,21.077,3.076,1.694,4.894,1004.063,1002.415,1006.192,3.57,2.735,3.927,248.934,0.0,722.002,226.142,0.0,558.801,93.275,0.0,259.208,24,58.101
TAM,Tamaulipas urbano,Reynosa,032,alta,2021-05-07,26.377,20.547,33.257,66.295,35.095,95.696,18.148,14.86,21.046,2.902,1.188,4.782,1004.212,1001.67,1006.482,2.676,2.592,2.999,327.868,0.0,1019.258,365.031,0.0,867.348,66.051,0.0,177.235,24,92.211
TAM,Tamaulipas urbano,Reynosa,032,alta,2021-05-08,28.399,23.522,35.058,65.807,38.683,90.286,20.269,18.275,21.88,5.0,3.252,6.356,998.666,994.662,1002.405,3.623,3.067,3.906,312.51,0.0,969.091,322.187,0.0,783.039,77.753,0.0,193.554,24,155.882
TAM,Tamaulipas urbano,Reynosa,032,alta,2021-05-09,29.992,24.409,37.355,62.54,35.503,85.982,20.598,18.284,22.679,4.7,4.156,5.394,994.819,991.97,997.004,4.099,3.898,4.27,303.275,0.0,963.933,283.405,0.0,734.225,92.571,0.0,237.744,24,152.082
TAM,Tamaulipas urbano,Reynosa,032,alta,2021-05-10,29.277,25.043,34.366,70.055,48.103,90.015,22.512,21.298,24.09,3.906,2.763,4.729,995.404,994.204,997.92,4.477,4.173,4.766,216.08,0.0,718.588,122.318,0.0,367.589,123.734,0.0,383.566,24,142.196
TAM,Tamaulipas urbano,Reynosa,032,alta,2021-05-11,29.04,25.005,34.753,71.699,44.25,93.708,22.43,19.96,24.176,3.499,2.399,4.687,996.826,994.474,998.36,4.632,4.357,5.324,244.208,0.0,811.598,161.747,0.0,635.406,119.624,0.0,381.372,24,141.56
TAM,Tamaulipas urbano,Reynosa,032,alta,2021-05-12,25.921,22.647,28.457,81.874,64.207,96.425,22.336,20.59,24.559,3.138,1.831,4.441,1002.067,998.179,1006.58,4.814,4.107,5.344,91.876,0.0,283.068,21.382,0.0,101.625,78.835,0.0,247.95,24,55.103
TAM,Tamaulipas urbano,Reynosa,032,alta,2021-05-13,24.533,20.564,29.668,74.062,51.966,92.814,19.127,18.352,20.421,3.836,2.626,4.844,1006.899,1005.258,1008.756,3.674,3.515,4.038,201.409,0.0,648.234,125.922,0.0,387.217,117.498,0.0,382.565,24,32.541
TAM,Tamaulipas urbano,Reynosa,032,alta,2021-05-14,25.473,20.761,30.936,73.253,50.547,94.29,19.803,19.158,21.435,2.74,1.37,4.217,1005.292,1002.931,1007.052,3.959,3.622,4.394,242.986,0.0,696.58,169.667,0.0,453.621,123.072,0.0,393.396,24,90.869
TAM,Tamaulipas urbano,Reynosa,032,alta,2021-05-15,26.298,23.357,30.54,78.713,58.547,94.972,21.863,20.945,23.302,3.685,2.448,5.067,1001.24,998.716,1004.176,4.622,4.433,4.715,191.392,0.0,532.769,167.685,0.0,433.862,72.743,0.0,180.628,24,134.22
TAM,Tamaulipas urbano,Reynosa,032,alta,2021-05-16,27.312,23.912,32.404,78.687,53.868,97.107,22.644,21.388,23.667,3.764,2.543,4.954,998.639,996.359,1000.534,4.519,4.298,4.624,280.606,0.0,911.977,244.864,0.0,667.355,96.87,0.0,278.494,24,146.433
TAM,Tamaulipas urbano,Reynosa,032,alta,2021-05-17,28.721,23.913,35.177,74.357,47.255,95.733,22.76,21.327,24.224,4.236,3.145,5.542,994.975,991.779,997.887,4.037,3.843,4.353,318.271,0.0,997.322,317.435,0.0,830.276,76.755,0.0,197.567,24,151.826
TAM,Tamaulipas urbano,Reynosa,032,alta,2021-05-18,28.852,25.014,34.108,75.247,50.67,95.116,23.277,21.687,24.673,4.258,3.141,5.043,993.552,990.381,996.039,4.181,3.922,4.428,273.895,0.0,906.506,223.864,0.0,639.116,107.946,0.0,314.412,24,142.232
TAM,Tamaulipas urbano,Reynosa,032,alta,2021-05-19,26.78,22.978,30.359,83.089,65.769,95.121,22.975,21.86,24.679,3.705,1.991,5.403,993.99,992.483,997.674,4.1,3.429,4.532,172.699,0.0,508.177,126.389,0.0,349.448,77.852,0.0,239.093,24,107.93
TAM,Tamaulipas urbano,Reynosa,032,alta,2021-05-20,25.778,20.927,31.637,76.356,52.606,94.696,20.578,19.928,21.969,2.302,1.382,3.799,998.3,997.003,1000.245,3.441,3.361,3.553,322.748,0.0,984.868,324.593,0.0,815.68,81.178,0.0,200.385,24,95.884
TAM,Tamaulipas urbano,Reynosa,032,alta,2021-05-21,26.516,22.096,31.938,75.438,51.098,96.482,21.08,19.839,22.128,2.692,1.431,4.291,1000.305,998.747,1002.636,3.573,3.352,3.803,317.28,0.0,980.349,323.559,0.0,802.045,77.646,0.0,189.707,24,129.507
TAM,Tamaulipas urbano,Reynosa,032,alta,2021-05-22,26.529,22.453,31.421,75.422,52.216,94.776,21.214,19.947,22.834,3.064,1.485,4.683,1002.486,1001.081,1003.834,4.048,3.769,4.459,317.42,0.0,951.807,327.651,0.0,806.996,75.843,0.0,206.327,24,138.99
TAM,Tamaulipas urbano,Reynosa,032,alta,2021-05-23,26.643,23.212,30.955,77.449,56.122,95.28,21.902,20.821,22.859,2.888,1.539,4.372,1002.141,1000.116,1003.633,4.245,4.141,4.419,299.34,0.0,934.138,293.42,0.0,770.478,83.394,0.0,224.404,24,126.537
TAM,Tamaulipas urbano,Reynosa,032,alta,2021-05-24,27.174,23.304,31.984,77.343,54.461,95.237,22.338,21.313,23.84,3.137,1.493,4.601,1000.944,998.713,1002.486,4.536,4.173,4.787,289.688,0.0,883.717,266.174,0.0,690.224,91.194,0.0,253.388,24,133.774
TAM,Tamaulipas urbano,Reynosa,032,alta,2021-05-25,28.281,24.418,33.411,77.124,53.469,96.591,23.277,22.241,24.372,3.78,2.552,4.968,1000.888,999.033,1002.906,4.501,4.365,4.583,298.905,0.0,935.915,290.578,0.0,703.032,85.94,0.0,234.745,24,143.604
TAM,Tamaulipas urbano,Reynosa,032,alta,2021-05-26,28.6,24.856,33.877,74.898,49.766,96.694,22.985,21.197,24.464,3.723,2.372,5.084,1002.717,1000.699,1004.358,4.245,3.844,4.583,319.074,0.0,992.851,333.245,0.0,864.076,70.34,0.0,187.544,24,140.111
TAM,Tamaulipas urbano,Reynosa,032,alta,2021-05-27,28.897,24.416,34.704,73.343,47.394,96.599,22.814,21.293,24.069,4.198,2.481,5.702,1000.459,997.733,1003.799,3.747,3.554,3.9,328.741,0.0,1004.134,360.212,0.0,858.661,64.407,0.0,147.648,24,150.216
TAM,Tamaulipas urbano,Reynosa,032,alta,2021-05-28,29.118,24.821,34.711,72.773,47.548,94.987,22.947,21.334,24.167,4.388,3.325,5.458,998.032,996.013,1000.092,3.929,3.658,4.446,313.639,0.0,956.054,311.736,0.0,754.011,82.921,0.0,211.23,24,142.58
TAM,Tamaulipas urbano,Reynosa,032,alta,2021-05-29,28.412,24.969,33.316,76.096,50.867,97.142,23.161,21.377,24.652,3.033,2.237,3.835,998.324,996.525,1000.368,4.241,4.105,4.428,185.468,0.0,578.5,124.501,0.0,294.33,96.354,0.0,294.634,24,129.994
TAM,Tamaulipas urbano,Reynosa,032,alta,2021-05-30,27.956,24.354,32.939,75.749,51.461,97.453,22.707,20.884,24.32,3.617,1.809,5.484,1000.435,998.806,1002.88,4.294,4.037,4.461,270.339,0.0,844.569,238.896,0.0,650.807,94.34,0.0,257.686,24,125.135
TAM,Tamaulipas urbano,Reynosa,032,alta,2021-05-31,27.919,24.314,32.587,75.231,52.25,96.221,22.66,21.374,23.704,3.864,2.56,5.089,1001.514,999.895,1002.908,4.648,4.22,5.072,265.225,0.0,752.466,193.532,0.0,538.248,120.067,0.0,353.422,24,132.495
TAM,Tamaulipas urbano,Reynosa,032,alta,2021-06-01,26.831,24.507,29.611,83.451,68.835,95.394,23.587,22.61,24.5,2.372,1.138,3.344,1001.623,1000.487,1003.069,4.636,4.315,4.812,141.432,0.0,438.728,71.507,0.0,217.937,88.466,0.0,280.605,24,123.231
TAM,Tamaulipas urbano,Reynosa,032,alta,2021-06-02,26.623,23.57,30.846,81.553,59.986,96.594,22.888,21.986,23.498,2.192,1.046,3.244,1000.224,998.289,1001.664,4.664,4.288,5.01,197.597,0.0,664.586,117.801,0.0,323.022,111.515,0.0,357.134,24,105.717
TAM,Tamaulipas urbano,Reynosa,032,alta,2021-06-03,26.23,23.731,29.766,81.715,61.018,96.694,22.477,20.935,23.854,2.119,1.398,3.104,999.39,997.84,1001.226,4.838,4.732,4.944,185.015,0.0,574.283,99.598,0.0,291.07,112.659,0.0,315.029,24,132.806
TAM,Tamaulipas urbano,Reynosa,032,alta,2021-06-04,25.545,22.243,29.121,79.441,60.504,96.462,21.394,20.57,22.527,1.495,1.013,2.411,1000.219,998.786,1001.511,4.757,4.587,4.901,188.071,0.0,564.965,97.958,0.0,301.404,119.406,0.0,369.011,24,110.232
TAM,Tamaulipas urbano,Reynosa,032,alta,2021-06-05,27.4,22.041,33.413,74.92,51.391,95.322,21.89,21.226,23.389,2.153,1.007,3.158,997.549,994.546,1000.025,4.082,3.845,4.511,332.16,0.0,1000.902,373.261,0.0,860.469,61.476,0.0,154.929,24,150.597
TAM,Tamaulipas urbano,Reynosa,032,alta,2021-06-06,29.198,24.015,35.442,74.532,49.292,96.514,23.344,22.466,24.784,3.864,2.444,4.95,994.384,991.912,996.372,3.821,3.656,3.981,329.885,0.0,1000.868,355.023,0.0,851.206,67.349,0.0,152.804,24,156.904
TAM,Tamaulipas urbano,Reynosa,032,alta,2021-06-07,30.017,25.151,36.107,74.626,48.526,95.839,24.078,22.713,25.731,4.237,3.455,4.941,994.73,993.348,997.002,3.82,3.62,4.026,320.495,0.0,962.675,314.409,0.0,775.66,85.749,0.0,223.595,24,150.298
TAM,Tamaulipas urbano,Reynosa,032,alta,2021-06-08,29.762,25.979,34.716,76.785,53.068,96.284,24.595,23.251,25.747,3.986,2.958,5.057,997.698,996.152,1000.781,4.014,3.819,4.169,320.535,0.0,966.715,324.404,0.0,773.996,82.267,0.0,226.63,24,146.211
TAM,Tamaulipas urbano,Reynosa,032,alta,2021-06-09,29.086,25.805,33.566,77.908,55.09,96.712,24.245,22.712,25.725,3.367,2.167,4.713,1000.347,999.138,1001.708,3.901,3.7,4.087,330.401,0.0,993.355,356.765,0.0,859.069,66.887,0.0,155.023,24,144.954
TAM,Tamaulipas urbano,Reynosa,032,alta,2021-06-10,28.638,25.409,33.213,76.008,54.3,94.634,23.423,21.551,24.908,3.263,1.819,4.431,999.533,997.879,1001.187,3.812,3.344,4.078,308.968,0.0,915.122,323.27,0.0,755.747,77.247,0.0,224.702,24,148.42
TAM,Tamaulipas urbano,Reynosa,032,alta,2021-06-11,28.313,23.3,33.954,68.19,42.829,91.904,20.876,18.747,22.808,3.485,2.248,4.829,998.119,996.365,999.312,3.754,3.187,4.253,316.85,0.0,1005.12,348.487,0.0,890.597,63.278,0.0,163.927,24,156.88
TAM,Tamaulipas urbano,Reynosa,032,alta,2021-06-12,28.661,24.222,34.056,69.49,45.481,90.754,21.738,20.048,23.451,3.133,1.932,4.178,998.388,996.893,1000.709,4.471,4.227,4.72,265.053,0.0,826.802,226.314,0.0,618.903,103.6,0.0,316.768,24,135.967
TAM,Tamaulipas urbano,Reynosa,032,alta,2021-06-13,28.76,24.051,34.178,72.261,48.977,94.905,22.477,21.233,23.524,2.329,0.999,3.798,999.924,998.428,1001.292,4.501,4.105,4.679,286.752,0.0,861.257,287.885,0.0,658.967,78.791,0.0,221.134,24,112.079
TAM,Tamaulipas urbano,Reynosa,032,alta,2021-06-14,29.229,23.685,35.524,68.051,40.979,95.659,21.506,19.081,23.543,2.213,1.08,4.145,999.916,998.119,1001.432,3.948,3.812,4.077,329.094,0.0,995.222,367.767,0.0,843.572,62.595,0.0,152.555,24,117.15
TAM,Tamaulipas urbano,Reynosa,032,alta,2021-06-15,29.312,23.982,35.089,67.247,42.713,93.232,21.647,20.056,23.281,2.116,0.721,4.031,1000.189,998.773,1001.548,4.076,3.965,4.25,318.771,0.0,947.944,340.886,0.0,778.013,73.241,0.0,195.972,24,83.461
TAM,Tamaulipas urbano,Reynosa,032,alta,2021-06-16,28.805,24.21,34.201,69.239,44.532,91.987,21.848,20.111,23.359,2.574,0.776,4.94,1000.044,998.836,1001.263,4.112,3.581,4.637,280.225,0.0,883.374,278.911,0.0,750.176,83.067,0.0,243.623,24,50.935
TAM,Tamaulipas urbano,Reynosa,032,alta,2021-06-17,28.034,24.172,32.354,73.544,52.687,93.35,22.299,21.004,23.453,2.769,1.205,4.622,999.784,998.506,1001.157,4.231,3.873,4.762,229.133,0.0,710.691,165.954,0.0,456.281,114.278,0.0,306.606,24,43.96
TAM,Tamaulipas urbano,Reynosa,032,alta,2021-06-18,28.651,23.903,33.771,68.506,45.313,92.188,21.433,19.579,22.891,2.344,1.109,3.492,998.651,996.868,999.953,4.028,3.679,4.324,305.75,0.0,905.242,297.105,0.0,734.303,89.741,0.0,249.152,24,51.536
TAM,Tamaulipas urbano,Reynosa,032,alta,2021-06-19,29.003,24.837,34.076,70.539,47.683,91.546,22.396,20.863,23.837,2.503,0.957,4.133,997.566,995.844,999.161,4.865,4.325,5.644,260.737,0.0,818.365,187.063,0.0,589.761,113.068,0.0,342.961,24,152.078
TAM,Tamaulipas urbano,Reynosa,032,alta,2021-06-20,29.355,26.003,33.469,76.699,57.953,91.669,24.353,23.361,26.093,4.23,2.954,5.521,995.89,993.511,997.725,6.004,5.717,6.201,256.922,0.0,850.317,187.068,0.0,582.644,108.706,0.0,299.42,24,155.161
TAM,Tamaulipas urbano,Reynosa,032,alta,2021-06-21,30.936,27.066,36.316,73.681,50.23,93.859,24.89,23.477,26.212,3.871,2.635,4.571,994.085,992.43,996.459,5.212,4.704,6.047,295.123,0.0,950.615,270.085,0.0,737.675,90.459,0.0,223.261,24,140.95
TAM,Tamaulipas urbano,Reynosa,032,alta,2021-06-22,28.918,26.479,32.112,82.816,64.978,96.375,25.446,24.568,26.222,2.228,1.343,3.207,997.43,995.543,999.464,5.348,4.867,5.761,137.516,0.0,489.955,43.43,0.0,177.743,104.446,0.0,353.137,24,107.356
TAM,Tamaulipas urbano,Reynosa,032,alta,2021-06-23,28.911,25.523,33.296,77.962,55.258,97.217,24.088,22.6,25.629,2.703,1.345,3.957,999.431,997.96,1001.441,5.463,5.051,5.816,241.16,0.0,796.872,165.363,0.0,529.29,111.499,0.0,327.99,24,137.457
TAM,Tamaulipas urbano,Reynosa,032,alta,2021-06-24,29.173,25.718,33.744,77.638,56.005,95.634,24.305,23.03,25.161,3.708,2.374,4.921,999.942,997.675,1001.322,4.44,3.812,5.007,317.872,0.0,954.731,322.784,0.0,774.873,78.782,0.0,198.592,24,141.195
TAM,Tamaulipas urbano,Reynosa,032,alta,2021-06-25,29.063,25.219,33.882,74.888,51.258,96.25,23.501,22.03,25.038,3.86,2.399,5.133,999.0,996.482,1000.831,3.654,3.313,3.975,329.051,0.0,995.977,365.18,0.0,856.708,64.472,0.0,159.629,24,147.766
TAM,Tamaulipas urbano,Reynosa,032,alta,2021-06-26,29.246,24.967,34.792,70.641,45.383,92.942,22.456,20.439,24.261,4.224,3.033,5.47,997.045,994.869,999.431,3.744,3.369,4.062,334.341,0.0,993.773,373.723,0.0,859.695,62.962,0.0,157.633,24,152.375
TAM,Tamaulipas urbano,Reynosa,032,alta,2021-06-27,28.536,24.948,33.106,73.303,51.341,91.498,22.717,21.186,23.89,3.42,2.215,4.585,996.281,994.912,997.51,4.518,3.979,4.951,278.482,0.0,951.542,251.486,0.0,795.058,85.278,0.0,258.616,24,137.485
TAM,Tamaulipas urbano,Reynosa,032,alta,2021-06-28,27.485,24.915,30.77,78.556,59.536,94.672,23.114,21.761,24.083,2.898,1.707,4.089,997.737,996.591,999.686,5.205,4.944,5.392,209.281,0.0,653.5,120.221,0.0,337.118,121.603,0.0,384.265,24,129.01
TAM,Tamaulipas urbano,Reynosa,032,alta,2021-06-29,27.324,24.284,31.051,76.682,56.67,92.772,22.521,21.241,23.693,2.484,1.492,3.729,999.707,998.59,1001.569,5.535,5.256,5.751,197.343,0.0,618.376,110.053,0.0,306.066,117.504,0.0,344.303,24,109.133
TAM,Tamaulipas urbano,Reynosa,032,alta,2021-06-30,26.994,24.241,30.327,82.082,65.595,95.19,23.44,22.963,24.045,2.478,1.274,3.981,1000.855,999.624,1002.031,5.833,5.744,5.944,190.613,0.0,645.968,106.785,0.0,381.16,112.161,0.0,328.279,24,102.696
TAM,Tamaulipas urbano,Reynosa,032,alta,2021-07-01,28.172,24.431,32.574,77.875,56.896,96.129,23.442,22.484,24.246,2.015,0.867,3.392,1000.166,998.281,1001.443,5.27,5.058,5.703,286.808,0.0,858.048,270.394,0.0,661.852,89.295,0.0,241.74,24,90.51
TAM,Tamaulipas urbano,Reynosa,032,alta,2021-07-02,28.853,24.634,33.618,74.12,52.615,94.401,23.161,22.053,24.15,2.19,1.063,3.535,999.567,997.501,1001.146,4.974,4.767,5.16,301.85,0.0,934.716,326.116,0.0,829.933,73.763,0.0,239.762,24,130.845
TAM,Tamaulipas urbano,Reynosa,032,alta,2021-07-03,28.854,24.918,33.395,74.938,54.259,94.487,23.393,22.392,24.222,2.317,1.122,3.53,999.278,997.781,1000.518,5.258,5.13,5.47,311.666,0.0,909.625,323.72,0.0,812.742,78.247,0.0,218.835,24,146.398
TAM,Tamaulipas urbano,Reynosa,032,alta,2021-07-04,29.217,25.227,34.071,74.167,51.771,94.879,23.513,22.247,24.408,2.926,1.809,4.307,998.367,996.771,999.673,5.19,5.06,5.401,313.845,0.0,935.754,316.334,0.0,800.874,77.287,0.0,201.559,24,150.222
TAM,Tamaulipas urbano,Reynosa,032,alta,2021-07-05,28.464,25.391,32.308,78.921,59.118,94.055,24.083,23.023,25.143,2.99,2.145,3.964,997.699,996.662,999.192,5.625,5.185,6.119,257.343,0.0,788.331,176.281,0.0,511.144,125.0,0.0,355.239,24,149.035
TAM,Tamaulipas urbano,Reynosa,032,alta,2021-07-06,26.71,25.151,28.356,91.286,81.731,97.471,25.11,24.716,25.52,2.978,2.122,3.738,996.897,995.499,997.911,6.279,6.094,6.531,131.218,0.0,423.903,57.295,0.0,207.587,85.359,0.0,224.949,24,138.421
TAM,Tamaulipas urbano,Reynosa,032,alta,2021-07-07,26.592,24.936,28.632,90.219,78.246,97.716,24.755,24.36,25.213,2.754,1.823,3.475,996.178,994.814,997.27,6.06,5.98,6.287,143.701,0.0,503.284,62.485,0.0,213.977,101.067,0.0,325.906,24,124.15
TAM,Tamaulipas urbano,Reynosa,032,alta,2021-07-08,27.056,25.152,29.782,89.057,74.843,97.624,24.975,24.672,25.534,3.047,2.321,3.754,996.641,995.406,998.865,6.091,5.97,6.215,181.798,0.0,555.795,81.53,0.0,251.695,120.518,0.0,376.408,24,138.209
TAM,Tamaulipas urbano,Reynosa,032,alta,2021-07-09,27.362,25.232,30.454,87.038,69.776,96.921,24.813,24.107,25.569,3.091,2.443,3.783,1000.081,998.389,1002.062,5.719,5.485,5.955,139.652,0.0,466.356,50.03,0.0,177.87,99.126,0.0,291.818,24,150.327
TAM,Tamaulipas urbano,Reynosa,032,alta,2021-07-10,27.514,25.464,30.473,87.869,71.556,97.242,25.137,24.568,25.648,3.344,2.447,4.476,1001.056,999.968,1002.072,5.097,4.344,5.634,170.529,0.0,586.424,60.31,0.0,213.464,126.262,0.0,394.644,24,144.307
TAM,Tamaulipas urbano,Reynosa,032,alta,2021-07-11,27.381,24.889,30.835,84.272,66.605,97.015,24.225,23.272,25.119,3.461,2.116,5.335,1001.005,999.275,1002.805,4.294,3.781,4.578,266.445,0.0,811.743,199.1,0.0,544.968,117.638,0.0,310.245,24,152.884
TAM,Tamaulipas urbano,Reynosa,032,alta,2021-07-12,27.159,23.898,31.167,80.331,59.07,96.077,23.038,21.883,23.983,2.797,1.896,3.81,1002.655,1001.485,1004.338,3.769,3.54,4.335,291.423,0.0,878.853,228.629,0.0,587.579,117.351,0.0,359.581,24,142.956
TAM,Tamaulipas urbano,Reynosa,032,alta,2021-07-13,26.478,24.236,29.205,85.726,70.525,95.947,23.737,23.136,24.519,2.32,1.402,3.455,1004.657,1003.103,1006.4,4.91,4.436,5.223,247.425,0.0,810.184,175.536,0.0,486.942,113.953,0.0,324.819,24,129.469
TAM,Tamaulipas urbano,Reynosa,032,alta,2021-07-14,27.023,23.877,30.827,81.55,61.533,96.375,23.26,22.385,24.15,2.347,1.328,3.365,1005.449,1003.665,1006.753,4.624,4.465,4.831,269.658,0.0,871.37,208.216,0.0,629.793,106.79,0.0,276.304,24,139.091
TAM,Tamaulipas urbano,Reynosa,032,alta,2021-07-15,27.336,23.792,31.549,80.482,60.93,96.423,23.292,22.782,24.149,3.087,1.634,4.356,1003.323,1000.863,1005.283,4.909,4.589,5.276,282.059,0.0,820.28,251.837,0.0,634.47,98.929,0.0,273.598,24,154.096
TAM,Tamaulipas urbano,Reynosa,032,alta,2021-07-16,27.991,24.404,32.635,78.999,58.315,95.211,23.542,22.931,24.374,3.873,2.693,5.062,1001.12,999.182,1002.494,4.305,4.11,4.743,283.05,0.0,855.408,230.305,0.0,592.977,109.321,0.0,301.461,24,153.918
TAM,Tamaulipas urbano,Reynosa,032,alta,2021-07-17,28.192,24.745,32.622,78.586,57.379,96.129,23.677,22.647,24.447,3.408,1.976,4.48,1001.902,1000.742,1004.008,4.103,3.87,4.452,317.392,0.0,970.313,319.397,0.0,767.287,81.461,0.0,208.576,24,138.98
TAM,Tamaulipas urbano,Reynosa,032,alta,2021-07-18,27.807,24.618,31.549,80.966,63.091,95.769,23.917,23.428,24.597,2.357,1.438,3.199,1003.243,1002.0,1004.336,4.711,4.463,4.969,304.551,0.0,893.041,320.441,0.0,746.836,77.221,0.0,255.234,24,132.028
TAM,Tamaulipas urbano,Reynosa,032,alta,2021-07-19,28.524,24.832,33.177,77.241,56.065,95.303,23.715,22.973,24.567,2.337,1.347,3.2,1002.481,1000.38,1004.027,4.614,4.325,4.958,329.797,0.0,995.264,383.563,0.0,870.814,53.786,0.0,128.044,24,150.561
TAM,Tamaulipas urbano,Reynosa,032,alta,2021-07-20,28.261,23.809,33.409,76.273,53.037,95.377,23.103,21.559,24.621,2.417,1.824,3.16,1000.206,998.44,1002.068,4.541,4.157,4.965,306.379,0.0,939.098,322.184,0.0,770.062,70.663,0.0,194.572,24,151.375
TAM,Tamaulipas urbano,Reynosa,032,alta,2021-07-21,27.227,24.712,30.479,84.775,68.588,96.515,24.172,23.761,24.657,1.965,0.841,2.914,1001.634,1000.054,1003.97,5.003,4.713,5.322,234.538,0.0,747.624,195.521,0.0,612.171,95.147,0.0,310.593,24,138.361
TAM,Tamaulipas urbano,Reynosa,032,alta,2021-07-22,27.146,24.546,30.048,87.031,72.094,97.479,24.614,24.058,25.257,2.554,1.163,3.796,1004.723,1003.585,1006.275,5.192,4.432,5.541,231.127,0.0,698.969,174.98,0.0,419.728,105.456,0.0,311.317,24,142.255
TAM,Tamaulipas urbano,Reynosa,032,alta,2021-07-23,28.155,24.836,32.862,79.445,56.347,96.573,23.716,22.466,25.16,3.685,2.481,5.053,1004.971,1002.799,1006.61,3.546,3.012,4.296,318.638,0.0,973.762,313.078,0.0,768.699,85.83,0.0,220.189,24,156.581
TAM,Tamaulipas urbano,Reynosa,032,alta,2021-07-24,28.197,23.487,34.11,74.296,46.198,97.156,22.185,20.091,24.203,3.258,2.395,4.135,1002.753,1000.725,1004.477,3.063,2.798,3.3,331.243,0.0,1006.185,365.405,0.0,855.305,65.038,0.0,155.712,24,159.435
TAM,Tamaulipas urbano,Reynosa,032,alta,2021-07-25,28.049,23.058,33.718,75.439,50.859,96.297,22.522,21.513,23.918,2.883,1.781,4.039,1000.737,998.647,1002.646,3.401,3.104,3.679,332.136,0.0,1006.435,384.414,0.0,874.964,56.656,0.0,136.711,24,150.848
TAM,Tamaulipas urbano,Reynosa,032,alta,2021-07-26,28.208,23.705,33.587,75.055,50.291,96.164,22.611,21.132,23.893,2.392,1.321,3.731,1000.329,998.794,1001.555,3.833,3.483,4.131,326.446,0.0,997.723,369.268,0.0,861.478,61.211,0.0,164.731,24,143.066
TAM,Tamaulipas urbano,Reynosa,032,alta,2021-07-27,28.249,23.945,33.165,74.184,50.139,94.822,22.45,20.678,23.732,1.819,0.953,3.124,1000.878,999.526,1002.089,4.321,3.984,4.742,302.675,0.0,954.492,312.826,0.0,816.457,73.706,0.0,220.889,24,129.982
TAM,Tamaulipas urbano,Reynosa,032,alta,2021-07-28,27.94,24.683,31.891,77.925,56.517,93.417,23.309,21.89,24.479,1.641,0.889,3.128,1001.439,999.859,1002.868,4.672,4.418,4.812,270.391,0.0,897.812,256.449,0.0,718.206,83.591,0.0,238.583,24,123.017
TAM,Tamaulipas urbano,Reynosa,032,alta,2021-07-29,28.221,24.591,32.633,76.872,54.057,93.844,23.227,21.679,24.461,1.855,0.666,3.284,1001.604,1000.145,1003.076,4.635,4.189,5.19,260.668,0.0,775.23,207.688,0.0,587.235,107.733,0.0,308.695,24,95.0
TAM,Tamaulipas urbano,Reynosa,032,alta,2021-07-30,28.639,24.983,32.841,77.997,57.648,94.435,23.875,22.871,24.782,2.044,0.82,3.64,1002.736,1001.765,1004.065,5.21,5.01,5.452,275.952,0.0,809.868,256.194,0.0,659.929,93.368,0.0,270.873,24,145.802
TAM,Tamaulipas urbano,Reynosa,032,alta,2021-07-31,28.755,25.079,33.468,76.232,54.53,94.565,23.473,22.263,24.762,2.936,1.675,4.312,1002.858,1001.243,1004.349,4.824,4.5,5.197,313.83,0.0,964.798,352.711,0.0,848.641,61.084,0.0,160.696,24,160.853
TAM,Tamaulipas urbano,Reynosa,032,alta,2021-08-01,28.763,24.462,34.089,74.195,50.196,94.415,22.93,21.56,24.184,3.138,1.921,4.451,1001.965,1000.08,1003.305,4.423,4.218,4.737,325.249,0.0,993.787,379.941,0.0,868.849,53.921,0.0,132.972,24,157.163
TAM,Tamaulipas urbano,Reynosa,032,alta,2021-08-02,28.852,24.804,33.732,76.551,54.286,94.368,23.758,22.803,25.285,2.614,1.927,3.405,1001.35,999.405,1002.793,4.799,4.61,4.959,311.239,0.0,958.663,346.84,0.0,838.626,61.473,0.0,159.05,24,148.002
TAM,Tamaulipas urbano,Reynosa,032,alta,2021-08-03,28.627,25.307,32.636,79.169,58.105,96.427,24.184,22.875,25.312,1.935,1.394,2.532,1000.376,998.744,1001.797,5.029,4.945,5.142,267.679,0.0,813.169,244.488,0.0,668.374,89.377,0.0,260.851,24,151.852
TAM,Tamaulipas urbano,Reynosa,032,alta,2021-08-04,28.342,24.847,32.528,79.221,58.434,94.813,24.001,23.014,24.911,2.089,1.045,3.436,1000.629,999.424,1001.935,5.11,4.977,5.396,269.493,0.0,855.239,235.051,0.0,619.549,95.98,0.0,256.351,24,152.374
TAM,Tamaulipas urbano,Reynosa,032,alta,2021-08-05,28.353,25.162,32.459,79.601,58.115,95.278,24.088,22.906,24.963,2.319,1.265,3.279,1001.985,1000.494,1003.263,4.977,4.901,5.105,287.46,0.0,886.708,275.706,0.0,686.311,83.895,0.0,226.334,24,138.863
TAM,Tamaulipas urbano,Reynosa,032,alta,2021-08-06,28.184,25.296,31.96,80.323,59.555,95.656,24.131,22.885,24.966,2.628,1.44,3.891,1002.172,1000.461,1003.848,4.832,4.575,5.012,258.136,0.0,794.844,219.014,0.0,545.07,98.756,0.0,284.415,24,140.181
TAM,Tamaulipas urbano,Reynosa,032,alta,2021-08-07,28.663,24.898,33.438,77.003,54.253,95.887,23.709,22.586,24.936,3.342,1.695,4.845,1000.946,998.976,1002.702,4.228,4.087,4.478,304.775,0.0,978.989,339.573,0.0,864.106,60.006,0.0,168.521,24,150.124
TAM,Tamaulipas urbano,Reynosa,032,alta,2021-08-08,28.768,25.069,33.363,76.997,54.777,94.916,23.804,22.611,25.055,4.072,2.555,5.615,1000.162,998.609,1001.488,4.417,4.138,4.741,316.494,0.0,973.647,359.663,0.0,850.961,58.783,0.0,148.876,24,154.607
TAM,Tamaulipas urbano,Reynosa,032,alta,2021-08-09,29.04,25.371,33.822,76.372,53.056,94.702,23.862,22.45,25.141,4.096,2.697,5.574,1000.931,999.267,1002.841,4.193,3.999,4.441,312.676,0.0,986.859,358.167,0.0,868.185,57.718,0.0,149.454,24,148.533
TAM,Tamaulipas urbano,Reynosa,032,alta,2021-08-10,28.951,25.443,34.077,74.25,48.463,95.844,23.136,21.022,25.247,3.735,2.398,5.372,1002.585,1001.009,1004.143,3.557,3.359,3.954,323.199,0.0,999.12,375.227,0.0,878.728,55.46,0.0,134.744,24,143.73
TAM,Tamaulipas urbano,Reynosa,032,alta,2021-08-11,28.241,24.639,32.527,76.446,54.633,94.843,23.156,21.738,24.295,2.929,1.899,4.111,1002.523,1000.707,1004.387,4.031,3.8,4.284,318.684,0.0,986.297,373.25,0.0,864.523,54.523,0.0,138.011,24,148.386
TAM,Tamaulipas urbano,Reynosa,032,alta,2021-08-12,28.242,24.556,32.707,77.142,55.531,96.279,23.268,21.923,24.346,2.798,1.434,4.598,1002.295,1000.915,1003.702,4.255,4.145,4.393,315.44,0.0,975.417,361.019,0.0,872.058,56.631,0.0,142.976,24,152.096
TAM,Tamaulipas urbano,Reynosa,032,alta,2021-08-13,28.538,24.292,33.577,74.491,50.575,95.556,22.856,21.394,24.131,2.738,1.519,4.408,1003.181,1001.88,1004.835,4.487,4.31,4.639,311.489,0.0,941.55,359.71,0.0,849.717,57.48,0.0,172.912,24,147.283
TAM,Tamaulipas urbano,Reynosa,032,alta,2021-08-14,28.998,24.45,34.391,72.885,47.38,95.045,22.906,21.294,24.363,2.072,0.959,3.555,1003.466,1001.13,1005.111,4.835,4.649,5.024,289.374,0.0,920.442,320.004,0.0,846.975,63.935,0.0,213.011,24,123.582
TAM,Tamaulipas urbano,Reynosa,032,alta,2021-08-15,29.126,24.928,34.402,73.266,48.774,94.613,23.165,21.712,24.423,2.101,0.777,4.025,1000.82,998.382,1003.376,4.767,4.633,4.915,300.64,0.0,912.318,336.557,0.0,821.992,63.225,0.0,184.164,24,103.744
TAM,Tamaulipas urbano,Reynosa,032,alta,2021-08-16,29.463,25.164,34.838,71.302,46.656,92.975,23.025,21.409,24.318,2.14,0.713,4.011,998.286,995.998,999.985,4.753,4.684,4.851,303.53,0.0,926.858,346.393,0.0,831.992,59.495,0.0,167.552,24,126.839
TAM,Tamaulipas urbano,Reynosa,032,alta,2021-08-17,29.829,25.59,35.128,71.716,48.462,92.492,23.452,22.012,24.807,2.945,1.41,4.671,997.545,995.521,999.076,4.941,4.745,5.124,295.756,0.0,895.448,323.152,0.0,797.623,67.476,0.0,199.154,24,149.876
TAM,Tamaulipas urbano,Reynosa,032,alta,2021-08-18,29.901,26.32,34.352,74.656,53.896,92.635,24.39,23.25,25.627,3.927,2.449,5.362,999.103,997.81,1000.948,4.939,4.56,5.16,302.774,0.0,949.784,334.143,0.0,825.565,63.363,0.0,168.596,24,149.179
TAM,Tamaulipas urbano,Reynosa,032,alta,2021-08-19,30.331,26.461,35.806,71.977,46.011,93.809,23.864,21.754,25.781,3.605,2.54,5.081,999.602,997.589,1001.071,4.062,3.824,4.532,314.165,0.0,987.31,367.576,0.0,881.176,53.445,0.0,128.042,24,140.571
TAM,Tamaulipas urbano,Reynosa,032,alta,2021-08-20,29.611,25.986,34.18,74.384,53.437,92.459,24.035,22.957,25.166,3.538,1.736,5.709,997.649,995.438,999.964,4.893,4.141,5.727,249.779,0.0,780.83,221.5,0.0,593.612,94.373,0.0,295.345,24,112.699
TAM,Tamaulipas urbano,Reynosa,032,alta,2021-08-21,29.075,26.615,32.524,79.469,63.018,93.133,24.783,23.883,25.567,3.578,2.373,5.203,998.108,996.491,1000.515,5.28,4.336,5.695,212.513,0.0,661.038,159.086,0.0,425.575,98.005,0.0,294.078,24,112.587
TAM,Tamaulipas urbano,Reynosa,032,alta,2021-08-22,29.156,25.032,34.084,73.708,50.457,94.598,23.219,21.403,24.835,3.096,1.639,4.592,1000.621,998.673,1002.354,3.967,3.458,4.332,283.067,0.0,881.816,289.816,0.0,748.372,79.067,0.0,239.202,24,115.127
TAM,Tamaulipas urbano,Reynosa,032,alta,2021-08-23,28.95,25.182,33.827,71.704,48.589,92.352,22.62,20.692,24.164,2.365,1.134,3.797,1000.991,999.475,1002.317,4.184,3.896,4.505,284.861,0.0,903.305,295.46,0.0,732.393,77.042,0.0,226.891,24,135.109
TAM,Tamaulipas urbano,Reynosa,032,alta,2021-08-24,29.096,24.521,34.314,70.223,47.422,91.923,22.3,20.801,23.721,2.604,1.295,4.085,1000.514,998.506,1001.946,4.618,4.198,4.991,281.789,0.0,873.593,302.623,0.0,732.893,73.25,0.0,223.817,24,145.115
TAM,Tamaulipas urbano,Reynosa,032,alta,2021-08-25,29.115,25.175,33.956,71.56,49.757,92.091,22.803,21.497,23.9,2.404,1.072,4.109,1001.069,999.422,1002.638,4.855,4.616,5.082,285.647,0.0,883.971,303.544,0.0,771.752,74.066,0.0,235.312,24,137.936
TAM,Tamaulipas urbano,Reynosa,032,alta,2021-08-26,28.746,25.271,33.016,71.762,52.347,89.931,22.483,21.125,23.603,1.833,0.701,3.146,1000.588,998.549,1002.387,4.725,4.517,4.875,268.786,0.0,873.37,265.62,0.0,715.554,80.616,0.0,243.025,24,124.944
TAM,Tamaulipas urbano,Reynosa,032,alta,2021-08-27,28.552,24.518,33.57,71.528,49.067,90.949,22.225,20.83,23.357,1.931,0.607,3.396,998.273,996.449,999.873,4.555,4.383,4.696,275.534,0.0,878.845,266.59,0.0,759.161,82.812,0.0,240.05,24,126.845
TAM,Tamaulipas urbano,Reynosa,032,alta,2021-08-28,29.037,24.544,34.573,69.859,45.432,92.129,22.122,20.456,23.511,2.392,1.082,3.924,998.31,996.587,999.572,4.572,4.369,4.745,272.159,0.0,860.036,241.352,0.0,689.009,95.73,0.0,272.148,24,141.223
TAM,Tamaulipas urbano,Reynosa,032,alta,2021-08-29,29.259,24.896,34.574,68.778,43.717,90.893,21.985,19.323,23.531,2.515,1.371,3.57,997.81,995.647,999.126,4.782,4.404,5.3,237.617,0.0,759.937,176.258,0.0,473.746,108.572,0.0,333.885,24,148.354
TAM,Tamaulipas urbano,Reynosa,032,alta,2021-08-30,29.769,24.916,35.679,66.383,39.648,88.387,21.588,18.653,23.735,2.427,1.317,3.684,995.878,993.109,998.081,4.53,4.134,4.986,278.929,0.0,925.847,268.649,0.0,777.42,80.533,0.0,203.3,24,164.053
TAM,Tamaulipas urbano,Reynosa,032,alta,2021-08-31,29.708,25.565,34.537,72.637,51.68,90.786,23.567,22.443,25.194,3.079,1.8,4.15,994.191,992.188,995.592,4.869,4.693,5.06,286.974,0.0,925.136,291.272,0.0,745.671,79.358,0.0,232.633,24,146.357
TAM,Tamaulipas urbano,Reynosa,032,alta,2021-09-01,29.833,26.171,34.593,73.237,49.148,93.367,23.8,21.763,25.26,3.264,2.165,4.427,995.001,993.398,996.943,4.672,4.568,4.789,279.273,0.0,907.177,282.253,0.0,720.299,79.265,0.0,222.498,24,149.375
TAM,Tamaulipas urbano,Reynosa,032,alta,2021-09-02,29.623,25.829,34.286,73.915,52.324,92.092,23.836,22.396,24.934,3.035,1.671,4.444,997.005,995.94,998.681,4.647,4.394,4.828,247.89,0.0,859.191,249.644,0.0,655.835,72.468,0.0,235.204,24,142.506
TAM,Tamaulipas urbano,Reynosa,032,alta,2021-09-03,29.374,25.86,34.084,71.881,48.373,91.477,23.0,20.676,24.505,3.352,2.039,4.837,998.809,997.105,1000.399,4.412,4.24,4.773,255.866,0.0,852.809,232.676,0.0,683.807,87.872,0.0,264.422,24,142.778
TAM,Tamaulipas urbano,Reynosa,032,alta,2021-09-04,29.249,25.35,34.582,70.631,45.507,91.373,22.516,20.364,24.182,3.246,1.993,4.878,999.488,997.537,1000.964,4.106,3.927,4.27,275.54,0.0,924.307,263.419,0.0,756.167,84.842,0.0,226.285,24,144.469
TAM,Tamaulipas urbano,Reynosa,032,alta,2021-09-05,29.515,24.949,35.545,68.663,41.089,93.089,22.046,19.423,23.891,2.876,1.707,4.279,999.338,997.004,1001.148,3.97,3.841,4.139,287.648,0.0,916.093,315.105,0.0,821.193,65.19,0.0,185.93,24,144.086
TAM,Tamaulipas urbano,Reynosa,032,alta,2021-09-06,29.627,24.566,35.981,67.655,39.529,93.018,21.774,19.009,23.598,2.201,1.048,3.931,999.595,997.061,1001.16,4.144,3.915,4.419,275.218,0.0,904.519,289.104,0.0,803.555,70.881,0.0,201.493,24,142.106
TAM,Tamaulipas urbano,Reynosa,032,alta,2021-09-07,29.161,24.879,34.453,69.49,44.909,92.409,22.236,20.278,23.67,2.049,1.063,3.695,998.582,996.597,999.971,4.494,4.262,4.712,268.177,0.0,886.103,262.752,0.0,743.993,78.799,0.0,225.923,24,134.695
TAM,Tamaulipas urbano,Reynosa,032,alta,2021-09-08,29.272,25.058,34.82,65.751,40.895,88.121,21.253,18.439,23.153,1.864,0.694,3.48,998.874,997.12,1000.575,4.077,3.779,4.679,266.906,0.0,839.125,270.325,0.0,760.707,78.231,0.0,262.648,24,108.059
TAM,Tamaulipas urbano,Reynosa,032,alta,2021-09-09,28.948,24.139,34.747,64.304,40.418,88.652,20.469,18.273,22.401,2.293,0.655,4.369,1000.436,998.632,1002.021,3.538,3.303,3.778,270.66,0.0,908.263,290.332,0.0,816.78,69.171,0.0,207.636,24,63.772
TAM,Tamaulipas urbano,Reynosa,032,alta,2021-09-10,28.854,23.901,34.424,66.381,43.429,88.792,21.097,19.436,23.094,2.753,0.93,4.639,1001.464,999.496,1003.052,3.842,3.385,4.077,265.901,0.0,873.447,268.868,0.0,690.547,80.317,0.0,238.43,24,39.076
TAM,Tamaulipas urbano,Reynosa,032,alta,2021-09-11,28.393,24.656,33.18,70.584,47.06,90.755,21.573,19.187,23.291,2.447,0.883,4.025,1001.657,999.789,1003.293,4.29,4.016,4.59,209.687,0.0,646.808,180.931,0.0,519.144,88.406,0.0,286.841,24,59.964
TAM,Tamaulipas urbano,Reynosa,032,alta,2021-09-12,27.756,24.877,32.121,78.138,55.256,92.947,23.206,21.765,24.439,2.66,1.07,4.644,1000.872,998.619,1002.503,5.332,4.453,6.209,194.566,0.0,630.989,140.291,0.0,467.659,99.421,0.0,312.028,24,52.147
TAM,Tamaulipas urbano,Reynosa,032,alta,2021-09-13,27.504,24.893,31.366,82.165,63.784,95.163,23.837,23.204,24.449,3.101,1.168,4.584,998.037,996.199,999.753,6.236,5.963,6.327,196.324,0.0,682.211,127.002,0.0,394.867,105.326,0.0,333.723,24,13.669
TAM,Tamaulipas urbano,Reynosa,032,alta,2021-09-14,28.706,24.598,33.818,77.261,53.972,95.851,23.71,22.673,25.083,1.628,0.705,2.625,997.048,994.169,999.301,5.73,5.578,5.939,268.079,0.0,890.915,285.879,0.0,795.737,69.127,0.0,188.092,24,142.12
TAM,Tamaulipas urbano,Reynosa,032,alta,2021-09-15,28.798,25.957,32.689,78.793,58.608,94.775,24.368,23.014,25.2,1.82,0.863,2.545,995.876,994.232,997.515,5.507,5.318,5.73,246.976,0.0,871.051,237.212,0.0,746.887,76.025,0.0,211.5,24,76.31
TAM,Tamaulipas urbano,Reynosa,032,alta,2021-09-16,28.247,25.018,32.03,78.155,57.81,96.03,23.556,22.098,24.572,1.686,1.057,2.116,997.295,996.064,998.748,5.145,4.924,5.403,232.469,0.0,807.967,207.074,0.0,594.029,86.519,0.0,270.774,24,73.584
TAM,Tamaulipas urbano,Reynosa,032,alta,2021-09-17,29.228,25.459,34.33,73.838,49.675,93.614,23.416,21.596,24.484,1.963,1.349,2.516,999.694,998.203,1001.82,5.026,4.79,5.25,214.752,0.0,777.816,175.845,0.0,576.096,88.044,0.0,299.952,24,136.291
TAM,Tamaulipas urbano,Reynosa,032,alta,2021-09-18,29.315,24.676,35.038,70.188,44.454,92.865,22.449,20.582,24.119,2.117,0.794,3.799,1000.972,998.731,1002.837,4.382,4.172,4.858,248.137,0.0,843.137,254.44,0.0,747.138,71.873,0.0,216.711,24,121.781
TAM,Tamaulipas urbano,Reynosa,032,alta,2021-09-19,29.288,24.375,35.242,68.834,42.349,92.31,21.967,19.896,23.473,2.001,0.982,3.305,999.199,996.27,1001.261,4.253,4.147,4.471,271.314,0.0,911.163,311.16,0.0,833.045,60.239,0.0,160.149,24,156.307
TAM,Tamaulipas urbano,Reynosa,032,alta,2021-09-20,29.532,24.45,35.634,71.603,45.894,94.058,22.849,21.136,24.756,3.241,1.846,4.483,997.901,995.754,999.27,4.061,3.786,4.312,278.344,0.0,918.913,336.601,0.0,856.509,53.77,0.0,148.143,24,166.27
TAM,Tamaulipas urbano,Reynosa,032,alta,2021-09-21,29.033,25.975,33.256,76.934,55.504,92.853,24.025,22.5,24.988,2.67,1.281,3.26,1001.09,998.796,1004.898,4.292,4.037,4.755,218.564,0.0,714.506,221.205,0.0,597.43,75.445,0.0,260.011,24,141.968
TAM,Tamaulipas urbano,Reynosa,032,alta,2021-09-22,25.815,22.157,28.408,73.748,51.845,93.201,19.912,15.39,25.093,2.99,1.139,4.954,1006.021,1004.464,1008.299,4.512,3.893,4.818,130.097,0.0,418.099,71.598,0.0,360.571,87.694,0.0,283.023,24,20.038
TAM,Tamaulipas urbano,Reynosa,032,alta,2021-09-23,24.618,19.705,30.608,61.866,38.243,83.833,15.712,13.39,17.608,2.388,1.714,3.325,1003.738,1000.887,1005.678,3.426,3.065,3.872,269.532,0.0,918.758,318.149,0.0,855.221,57.803,0.0,168.28,24,41.409
TAM,Tamaulipas urbano,Reynosa,032,alta,2021-09-24,25.352,20.396,31.608,63.421,40.743,81.354,17.097,15.96,18.986,1.859,1.012,3.211,1002.404,1000.258,1004.017,3.304,3.091,3.511,258.368,0.0,861.846,306.818,0.0,783.424,57.522,0.0,162.747,24,79.05
TAM,Tamaulipas urbano,Reynosa,032,alta,2021-09-25,26.089,21.729,31.738,66.575,45.476,85.001,18.689,17.45,19.645,1.958,0.894,3.268,1003.196,1001.334,1005.196,3.446,3.052,3.577,227.577,0.0,692.754,250.511,0.0,658.609,71.56,0.0,234.407,24,70.804
TAM,Tamaulipas urbano,Reynosa,032,alta,2021-09-26,26.221,21.039,32.168,66.885,41.727,89.224,18.69,17.0,21.284,1.693,0.794,2.783,1002.763,999.931,1004.922,3.12,2.691,3.969,270.565,0.0,901.161,335.906,0.0,867.476,50.245,0.0,138.219,24,95.561
TAM,Tamaulipas urbano,Reynosa,032,alta,2021-09-27,27.827,22.78,33.845,72.47,47.41,93.934,21.669,20.544,23.342,2.396,1.004,3.533,1000.215,997.768,1002.264,4.429,4.079,4.732,263.048,0.0,889.533,322.584,0.0,873.378,51.663,0.0,149.853,24,157.49
TAM,Tamaulipas urbano,Reynosa,032,alta,2021-09-28,28.898,24.612,34.649,72.3,47.156,92.103,22.664,21.048,24.15,3.436,1.95,4.565,997.261,994.237,1000.147,4.929,4.691,5.139,221.776,0.0,766.595,198.055,0.0,602.618,85.828,0.0,251.561,24,160.01
TAM,Tamaulipas urbano,Reynosa,032,alta,2021-09-29,28.677,25.845,32.979,77.679,57.063,91.286,23.944,22.878,24.879,3.476,2.668,4.705,996.178,993.865,997.578,5.063,4.919,5.296,234.024,0.0,815.43,233.0,0.0,742.495,75.022,0.0,250.583,24,145.524
TAM,Tamaulipas urbano,Reynosa,032,alta,2021-09-30,27.876,25.482,31.483,83.0,63.467,96.489,24.399,23.223,25.337,2.9,1.989,3.835,997.577,996.134,999.084,5.076,4.893,5.229,173.618,0.0,637.172,126.837,0.0,432.421,88.782,0.0,329.227,24,144.037
TAM,Tamaulipas urbano,Reynosa,032,alta,2021-10-01,27.122,25.057,29.876,87.367,74.16,96.256,24.692,24.083,25.215,2.715,1.715,3.783,998.961,997.352,1001.039,5.29,5.099,5.487,178.325,0.0,677.288,150.756,0.0,543.763,74.742,0.0,253.279,24,128.216
TAM,Tamaulipas urbano,Reynosa,032,alta,2021-10-02,26.623,24.191,30.008,84.034,64.359,96.57,23.405,22.307,24.937,1.637,0.867,2.606,1000.892,999.346,1002.311,4.934,4.764,5.281,218.63,0.0,769.876,205.15,0.0,603.194,79.514,0.0,255.645,24,88.301
TAM,Tamaulipas urbano,Reynosa,032,alta,2021-10-03,26.578,23.25,30.61,82.205,61.928,96.237,22.995,22.306,23.624,1.725,0.504,3.106,1001.093,999.275,1002.669,4.915,4.607,5.216,207.753,0.0,769.569,205.459,0.0,668.599,69.776,0.0,225.033,24,53.807
TAM,Tamaulipas urbano,Reynosa,032,alta,2021-10-04,26.506,23.343,30.687,81.225,60.94,96.039,22.658,21.561,23.509,2.061,0.746,3.525,1001.412,999.83,1003.095,4.882,4.599,5.013,168.152,0.0,699.268,113.731,0.0,493.193,89.257,0.0,313.871,24,26.007
TAM,Tamaulipas urbano,Reynosa,032,alta,2021-10-05,25.976,22.109,31.129,73.369,47.301,97.4,20.044,16.981,22.574,2.065,1.119,3.393,1002.156,1000.661,1003.493,3.476,2.864,4.469,238.991,0.0,800.282,279.949,0.0,726.441,62.979,0.0,182.877,24,32.623
TAM,Tamaulipas urbano,Reynosa,032,alta,2021-10-06,25.387,20.306,31.337,65.454,43.481,85.325,17.636,16.331,18.601,1.808,1.213,2.781,1002.684,1000.859,1004.028,3.003,2.873,3.187,257.198,0.0,880.445,324.684,0.0,855.324,52.206,0.0,144.924,24,118.729
TAM,Tamaulipas urbano,Reynosa,032,alta,2021-10-07,25.419,20.952,31.159,68.835,47.052,86.984,18.616,17.836,19.412,1.975,1.199,3.331,1003.467,1001.545,1005.403,2.921,2.703,3.022,255.133,0.0,857.917,326.625,0.0,809.473,52.741,0.0,167.475,24,122.585
TAM,Tamaulipas urbano,Reynosa,032,alta,2021-10-08,25.386,20.53,31.361,69.345,43.419,90.953,18.424,16.464,20.187,1.814,1.229,2.717,1003.165,1000.801,1005.104,2.715,2.457,3.121,245.477,0.0,860.263,316.476,0.0,828.698,51.937,0.0,154.536,24,123.479
TAM,Tamaulipas urbano,Reynosa,032,alta,2021-10-09,26.471,21.026,32.797,76.921,53.34,95.179,21.403,20.186,23.842,2.375,1.119,3.693,1000.182,996.733,1003.057,3.509,3.163,3.793,256.041,0.0,867.796,345.526,0.0,886.634,42.775,0.0,125.096,24,169.349
TAM,Tamaulipas urbano,Reynosa,032,alta,2021-10-10,28.546,24.126,34.593,77.242,51.654,96.398,23.438,22.365,24.462,4.381,3.122,5.492,994.709,991.361,998.372,3.585,3.404,3.789,255.361,0.0,876.341,347.741,0.0,909.474,40.12,0.0,105.131,24,165.041
TAM,Tamaulipas urbano,Reynosa,032,alta,2021-10-11,28.591,25.097,33.189,78.702,59.002,93.437,24.15,23.794,24.872,3.468,2.511,4.281,994.767,993.255,996.959,4.304,3.753,4.713,201.41,0.0,702.591,201.286,0.0,533.957,75.819,0.0,252.172,24,145.144
TAM,Tamaulipas urbano,Reynosa,032,alta,2021-10-12,28.671,25.24,33.349,78.581,56.156,95.621,24.129,23.066,24.873,4.155,3.117,5.121,996.073,993.523,997.832,3.923,3.544,4.421,241.368,0.0,824.792,303.846,0.0,841.9,53.129,0.0,171.276,24,154.506
TAM,Tamaulipas urbano,Reynosa,032,alta,2021-10-13,28.607,25.905,32.903,79.879,60.012,93.581,24.491,23.863,24.902,4.442,3.482,5.697,995.346,992.438,997.26,4.365,3.713,4.944,186.771,0.0,629.975,155.873,0.0,420.437,91.105,0.0,300.431,24,153.46
TAM,Tamaulipas urbano,Reynosa,032,alta,2021-10-14,28.37,26.034,32.441,81.058,61.412,93.146,24.425,23.517,24.919,3.006,2.435,3.535,995.875,994.252,997.565,5.123,4.687,5.544,199.428,0.0,702.747,188.28,0.0,565.672,80.892,0.0,272.384,24,148.365
TAM,Tamaulipas urbano,Reynosa,032,alta,2021-10-15,27.888,25.217,32.127,80.881,60.971,95.731,23.946,22.801,24.892,2.246,1.694,2.816,999.123,996.935,1003.685,4.442,4.243,4.686,216.243,0.0,790.562,240.64,0.0,724.419,65.605,0.0,203.739,24,118.384
TAM,Tamaulipas urbano,Reynosa,032,alta,2021-10-16,22.639,18.365,25.05,69.375,48.87,86.917,15.942,11.771,22.264,3.934,1.755,5.66,1007.941,1004.002,1010.3,3.834,3.138,4.365,133.649,0.0,518.143,83.077,0.0,347.68,83.839,0.0,299.423,24,15.472
TAM,Tamaulipas urbano,Reynosa,032,alta,2021-10-17,20.754,16.731,25.795,64.41,41.453,81.732,13.113,10.76,14.987,2.381,1.126,3.201,1009.062,1006.565,1011.54,3.289,3.12,3.501,208.914,0.0,714.161,217.971,0.0,657.947,76.695,0.0,271.44,24,20.864
TAM,Tamaulipas urbano,Reynosa,032,alta,2021-10-18,22.712,17.737,28.828,67.948,45.419,84.089,15.951,14.892,18.118,1.84,1.188,2.867,1004.051,1001.007,1006.987,3.201,3.091,3.411,236.407,0.0,816.245,310.972,0.0,866.023,49.095,0.0,145.16,24,85.356
TAM,Tamaulipas urbano,Reynosa,032,alta,2021-10-19,24.098,19.52,29.81,74.48,51.874,91.858,18.788,18.077,20.368,2.27,1.335,3.475,1001.438,999.215,1002.907,3.37,3.185,3.568,235.862,0.0,827.177,318.466,0.0,864.554,45.773,0.0,142.676,24,152.866
TAM,Tamaulipas urbano,Reynosa,032,alta,2021-10-20,25.956,21.201,31.881,77.351,53.363,95.032,21.132,20.348,23.08,2.398,1.532,3.089,1002.562,1000.529,1004.427,3.828,3.589,3.981,217.726,0.0,717.373,286.301,0.0,781.53,52.513,0.0,178.999,24,151.389
TAM,Tamaulipas urbano,Reynosa,032,alta,2021-10-21,26.643,22.94,31.82,78.934,54.768,97.026,22.178,20.887,23.076,1.923,0.912,2.938,1003.887,1002.023,1005.938,4.062,3.92,4.197,218.433,0.0,770.398,288.036,0.0,800.003,50.19,0.0,169.251,24,120.148
TAM,Tamaulipas urbano,Reynosa,032,alta,2021-10-22,26.115,23.067,30.52,81.122,59.01,94.959,22.286,21.359,23.131,1.689,0.711,2.552,1001.885,999.332,1004.026,4.299,4.14,4.489,198.401,0.0,747.789,228.999,0.0,722.751,57.561,0.0,176.837,24,112.761
TAM,Tamaulipas urbano,Reynosa,032,alta,2021-10-23,26.066,22.593,30.907,79.717,54.68,96.364,21.817,20.377,23.079,2.259,1.093,3.21,997.796,994.962,1000.177,3.795,3.622,4.084,216.387,0.0,757.165,274.939,0.0,772.256,55.539,0.0,179.592,24,148.273
TAM,Tamaulipas urbano,Reynosa,032,alta,2021-10-24,27.127,22.592,33.239,77.608,51.325,96.55,22.22,21.368,23.419,2.414,1.687,3.223,996.701,995.065,998.722,3.668,3.444,3.838,201.751,0.0,720.642,224.532,0.0,667.496,69.698,0.0,227.2,24,162.208
TAM,Tamaulipas urbano,Reynosa,032,alta,2021-10-25,27.524,23.531,32.953,77.931,54.917,94.022,22.724,21.75,23.406,2.057,1.012,2.838,999.388,997.955,1000.925,3.347,3.141,3.573,162.987,0.0,603.493,122.522,0.0,413.445,88.125,0.0,298.641,24,148.382
TAM,Tamaulipas urbano,Reynosa,032,alta,2021-10-26,27.906,24.138,33.324,74.589,47.722,93.088,22.192,19.933,24.06,3.718,2.398,5.012,996.207,992.482,1000.102,4.417,3.677,4.941,211.911,0.0,775.791,260.438,0.0,795.874,53.166,0.0,148.249,24,171.251
TAM,Tamaulipas urbano,Reynosa,032,alta,2021-10-27,27.262,21.047,33.484,57.896,25.738,92.249,15.677,8.433,24.265,4.332,2.167,6.257,993.523,991.167,998.367,2.711,1.634,4.81,235.25,0.0,834.772,338.437,0.0,928.189,39.331,0.0,105.388,24,315.697
TAM,Tamaulipas urbano,Reynosa,032,alta,2021-10-28,22.737,17.235,30.189,45.778,21.362,65.033,8.483,4.19,12.004,2.631,1.329,4.111,1001.722,998.872,1004.197,1.326,1.212,1.617,232.107,0.0,826.817,331.059,0.0,925.746,46.001,0.0,139.404,24,345.846
TAM,Tamaulipas urbano,Reynosa,032,alta,2021-10-29,21.56,15.652,29.038,46.34,21.58,67.878,7.712,3.796,10.418,2.324,1.279,3.908,1003.738,1000.946,1006.791,1.257,1.15,1.423,241.015,0.0,848.905,365.392,0.0,960.923,35.684,0.0,101.281,24,344.508
TAM,Tamaulipas urbano,Reynosa,032,alta,2021-10-30,22.196,15.565,30.519,48.284,24.259,70.633,9.113,6.287,13.816,1.623,1.01,2.421,1000.827,997.684,1002.932,1.372,1.242,1.665,238.531,0.0,841.139,363.235,0.0,956.384,35.377,0.0,99.518,24,186.624
TAM,Tamaulipas urbano,Reynosa,032,alta,2021-10-31,23.397,17.041,30.838,67.521,41.567,87.848,16.168,14.121,19.422,2.63,1.494,4.015,1001.073,999.496,1003.989,2.307,1.705,2.873,210.706,0.0,759.438,261.7,0.0,812.873,57.708,0.0,185.189,24,153.863
TAM,Tamaulipas urbano,Reynosa,032,alta,2021-11-01,24.568,20.334,30.523,70.977,46.138,91.73,18.307,16.917,19.402,2.52,1.531,3.922,1004.801,1003.212,1006.556,2.89,2.671,3.114,210.908,0.0,770.339,285.104,0.0,821.986,50.038,0.0,166.627,24,131.019
TAM,Tamaulipas urbano,Reynosa,032,alta,2021-11-02,24.165,19.262,30.514,68.579,42.512,90.035,17.277,15.851,18.479,2.51,1.238,4.146,1005.466,1003.113,1007.484,2.601,2.525,2.693,215.516,0.0,778.654,311.625,0.0,888.469,41.29,0.0,133.979,24,142.539
TAM,Tamaulipas urbano,Reynosa,032,alta,2021-11-03,23.811,20.033,28.792,74.33,50.955,91.123,18.473,17.338,19.739,2.777,1.692,3.85,1003.109,1000.266,1005.26,3.07,2.623,3.796,178.044,0.0,645.397,208.886,0.0,660.398,57.899,0.0,186.803,24,137.17
TAM,Tamaulipas urbano,Reynosa,032,alta,2021-11-04,19.041,15.087,21.286,82.395,66.886,93.683,15.808,13.266,19.386,3.761,2.336,5.341,1006.098,1003.387,1008.337,3.275,2.551,3.872,121.636,0.0,526.051,99.935,0.0,408.91,63.441,0.0,219.006,24,14.818
TAM,Tamaulipas urbano,Reynosa,032,alta,2021-11-05,17.336,12.769,23.412,76.694,52.076,95.043,12.739,11.913,13.858,2.478,1.17,3.192,1007.861,1005.899,1009.583,2.16,1.881,2.524,177.742,0.0,655.501,200.542,0.0,651.123,66.335,0.0,245.331,24,12.118
TAM,Tamaulipas urbano,Reynosa,032,alta,2021-11-06,18.709,13.278,25.413,75.442,47.528,95.658,13.652,12.554,15.244,1.687,1.099,2.501,1007.949,1005.992,1009.593,1.866,1.82,1.894,199.734,0.0,711.373,275.941,0.0,775.591,50.637,0.0,191.467,24,44.174
TAM,Tamaulipas urbano,Reynosa,032,alta,2021-11-07,20.113,14.994,26.897,76.099,46.516,95.509,15.118,14.227,16.694,1.565,1.087,2.627,1007.518,1005.257,1009.441,1.887,1.805,2.04,188.413,0.0,693.32,256.708,0.0,709.515,52.919,0.0,194.913,25,83.543
TAM,Tamaulipas urbano,Reynosa,032,alta,2021-11-08,21.78,16.647,28.173,75.515,50.214,95.108,16.671,15.819,17.324,2.265,1.213,3.636,1007.141,1005.317,1008.652,2.11,2.016,2.196,198.161,0.0,683.713,285.095,0.0,794.338,48.721,0.0,189.695,24,148.084
TAM,Tamaulipas urbano,Reynosa,032,alta,2021-11-09,22.34,18.105,28.039,73.237,48.145,92.234,16.747,15.57,17.575,2.434,1.671,3.409,1005.927,1003.334,1008.43,2.157,2.031,2.448,170.739,0.0,602.112,179.37,0.0,576.169,71.796,0.0,250.754,24,155.468
TAM,Tamaulipas urbano,Reynosa,032,alta,2021-11-10,23.156,18.935,29.126,74.577,48.386,92.859,17.75,16.497,19.15,3.284,2.127,4.678,999.937,996.716,1003.931,2.473,2.389,2.599,178.69,0.0,647.428,211.404,0.0,703.323,63.047,0.0,207.736,24,169.235
TAM,Tamaulipas urbano,Reynosa,032,alta,2021-11-11,23.917,18.832,30.398,73.84,46.323,93.79,18.28,17.163,19.33,2.022,1.277,2.754,1000.772,998.069,1004.665,2.796,2.637,2.948,205.603,0.0,735.56,300.364,0.0,853.383,42.815,0.0,130.901,24,130.88
TAM,Tamaulipas urbano,Reynosa,032,alta,2021-11-12,23.534,19.221,29.423,74.805,48.364,91.308,18.272,17.12,19.608,1.336,0.875,2.052,1005.462,1003.595,1007.656,2.89,2.778,3.059,200.647,0.0,734.996,287.844,0.0,826.533,44.697,0.0,140.642,24,83.445
TAM,Tamaulipas urbano,Reynosa,032,alta,2021-11-13,21.505,18.161,26.119,71.443,49.53,91.43,15.47,13.685,19.445,2.448,1.565,3.639,1008.799,1007.407,1011.165,2.693,2.511,3.115,135.919,0.0,454.895,150.454,0.0,501.029,58.228,0.0,215.515,24,66.939
TAM,Tamaulipas urbano,Reynosa,032,alta,2021-11-14,21.921,16.95,28.494,73.615,48.315,92.392,16.484,14.576,18.322,2.108,1.264,2.83,1005.908,1003.418,1007.776,2.408,2.268,2.604,204.083,0.0,743.436,310.918,0.0,858.78,39.461,0.0,127.798,24,159.911
TAM,Tamaulipas urbano,Reynosa,032,alta,2021-11-15,22.695,18.188,29.259,75.011,45.848,94.849,17.39,15.751,18.353,2.502,1.531,3.433,1006.23,1004.058,1008.648,2.063,1.723,2.268,208.231,0.0,759.064,326.682,0.0,903.467,36.396,0.0,106.194,24,164.109
TAM,Tamaulipas urbano,Reynosa,032,alta,2021-11-16,21.978,17.033,28.489,70.933,40.503,95.024,15.451,12.799,17.483,3.399,2.22,4.502,1003.2,1000.604,1005.539,1.546,1.443,1.703,211.491,0.0,775.788,335.187,0.0,950.171,34.593,0.0,100.405,24,168.603
TAM,Tamaulipas urbano,Reynosa,032,alta,2021-11-17,22.685,17.833,29.566,71.442,39.714,92.798,16.217,13.577,19.381,3.333,2.17,4.657,1000.914,998.484,1002.632,1.935,1.697,2.504,193.861,0.0,704.556,280.945,0.0,790.98,48.177,0.0,154.926,24,170.753
TAM,Tamaulipas urbano,Reynosa,032,alta,2021-11-18,20.512,15.058,24.946,82.432,65.451,94.393,17.0,13.101,19.372,3.225,1.16,5.083,1007.48,1002.143,1012.269,3.411,2.617,3.816,105.397,0.0,369.913,108.151,0.0,352.858,48.358,0.0,168.496,24,35.03
TAM,Tamaulipas urbano,Reynosa,032,alta,2021-11-19,17.893,13.614,23.556,75.234,54.869,94.088,13.04,10.672,15.486,3.179,1.532,4.477,1011.283,1008.785,1013.899,2.954,2.857,3.195,119.889,0.0,470.632,117.974,0.0,403.773,58.244,0.0,211.923,24,18.189
TAM,Tamaulipas urbano,Reynosa,032,alta,2021-11-20,20.759,15.188,27.212,80.951,57.021,95.925,16.933,14.455,19.433,2.047,1.224,3.157,1006.231,1003.743,1008.788,3.035,2.867,3.228,178.136,0.0,646.836,257.028,0.0,764.591,47.487,0.0,173.179,24,111.444
TAM,Tamaulipas urbano,Reynosa,032,alta,2021-11-21,23.38,18.719,29.353,81.255,55.367,97.282,19.484,18.264,21.004,2.173,1.49,3.142,1004.028,1001.388,1006.462,3.487,3.264,3.9,184.41,0.0,689.07,279.172,0.0,851.782,40.57,0.0,145.116,24,150.546
TAM,Tamaulipas urbano,Reynosa,032,alta,2021-11-22,19.937,16.082,23.525,75.026,52.656,91.543,14.808,12.381,19.579,3.118,1.332,4.742,1008.611,1006.321,1010.841,3.455,2.818,3.951,126.574,0.0,516.455,121.874,0.0,501.649,61.852,0.0,223.115,24,10.434
TAM,Tamaulipas urbano,Reynosa,032,alta,2021-11-23,19.603,14.354,25.799,71.19,44.815,88.055,13.509,11.355,16.599,2.093,1.484,3.001,1006.503,1003.187,1009.596,2.885,2.599,3.238,166.123,0.0,617.522,216.342,0.0,649.083,53.759,0.0,176.201,24,80.937
TAM,Tamaulipas urbano,Reynosa,032,alta,2021-11-24,22.936,18.472,28.876,79.417,55.451,94.713,18.722,16.821,20.794,3.471,2.263,4.732,1001.661,999.239,1003.359,3.724,3.286,4.091,160.54,0.0,593.765,202.847,0.0,620.821,54.541,0.0,188.424,24,164.499
TAM,Tamaulipas urbano,Reynosa,032,alta,2021-11-25,22.446,17.178,27.569,84.196,64.719,97.197,19.365,14.564,21.177,2.873,1.367,4.43,1004.918,1001.849,1009.259,4.175,3.737,4.505,102.008,0.0,376.663,68.096,0.0,246.227,65.59,0.0,264.153,24,116.223
TAM,Tamaulipas urbano,Reynosa,032,alta,2021-11-26,15.943,13.267,18.932,72.088,55.079,85.808,10.54,8.193,13.995,3.603,1.837,5.054,1009.578,1007.124,1012.374,3.518,3.419,3.735,58.202,0.0,227.168,20.124,0.0,108.634,47.204,0.0,185.264,24,349.367
TAM,Tamaulipas urbano,Reynosa,032,alta,2021-11-27,16.562,13.359,21.031,79.761,65.416,92.241,12.831,10.602,15.007,1.974,1.612,2.326,1005.167,1001.946,1007.64,4.017,3.797,4.149,91.574,0.0,402.166,67.83,0.0,273.256,52.759,0.0,207.279,24,355.433
TAM,Tamaulipas urbano,Reynosa,032,alta,2021-11-28,17.763,14.111,23.226,79.186,55.581,95.318,13.725,13.204,14.209,2.729,1.759,4.183,1006.978,1004.828,1009.641,3.283,2.774,3.947,159.948,0.0,600.521,200.931,0.0,650.619,57.094,0.0,207.552,24,343.676
TAM,Tamaulipas urbano,Reynosa,032,alta,2021-11-29,17.258,13.045,23.06,75.177,47.085,92.969,12.238,10.953,13.257,1.866,1.035,2.443,1008.356,1006.075,1010.653,2.227,2.08,2.718,184.66,0.0,689.369,286.572,0.0,818.112,42.94,0.0,149.832,24,15.147
TAM,Tamaulipas urbano,Reynosa,032,alta,2021-11-30,18.793,13.373,25.612,76.481,48.553,95.03,13.943,12.491,15.871,1.705,0.976,2.857,1005.455,1003.072,1007.163,2.776,2.275,3.031,186.737,0.0,677.39,297.774,0.0,848.757,37.824,0.0,120.03,24,145.013
TAM,Tamaulipas urbano,Reynosa,032,alta,2021-12-01,20.54,16.212,26.228,79.25,53.418,94.492,16.269,15.272,17.944,1.405,1.008,1.851,1005.606,1003.923,1007.317,3.091,2.925,3.437,173.576,0.0,667.759,234.481,0.0,755.917,51.621,0.0,158.032,24,150.448
TAM,Tamaulipas urbano,Reynosa,032,alta,2021-12-02,22.296,18.284,28.315,79.078,52.151,95.973,17.872,17.046,19.469,1.726,0.972,2.817,1005.532,1003.639,1007.594,3.418,3.339,3.578,175.218,0.0,668.153,261.216,0.0,790.664,41.842,0.0,127.641,24,156.451
TAM,Tamaulipas urbano,Reynosa,032,alta,2021-12-03,22.512,17.913,28.779,79.17,50.824,97.201,18.063,17.1,19.24,2.413,1.358,3.228,1003.282,1000.918,1005.568,3.037,2.762,3.312,177.373,0.0,676.557,264.224,0.0,803.836,44.68,0.0,147.904,24,170.682
TAM,Tamaulipas urbano,Reynosa,032,alta,2021-12-04,22.895,18.6,29.097,79.132,49.634,96.741,18.392,16.914,19.899,2.685,1.902,3.427,1002.771,1001.423,1004.564,2.863,2.676,3.08,187.184,0.0,701.689,306.475,0.0,896.261,33.23,0.0,93.72,24,157.5
TAM,Tamaulipas urbano,Reynosa,032,alta,2021-12-05,23.405,20.061,28.276,81.568,55.813,96.973,19.583,18.107,20.941,3.586,2.267,4.865,999.94,996.798,1002.528,3.206,3.089,3.374,141.726,0.0,561.268,137.894,0.0,560.96,67.33,0.0,249.228,24,166.503
TAM,Tamaulipas urbano,Reynosa,032,alta,2021-12-06,23.447,18.171,29.254,75.038,52.748,95.045,18.051,12.757,20.848,3.004,1.846,3.658,1001.322,998.72,1005.097,3.199,2.93,3.355,139.141,0.0,549.35,127.932,0.0,454.786,70.084,0.0,247.61,24,113.994
TAM,Tamaulipas urbano,Reynosa,032,alta,2021-12-07,19.187,15.028,24.499,67.825,46.607,93.134,12.456,8.071,16.464,1.806,0.974,2.699,1002.545,999.279,1005.006,3.051,2.77,3.416,127.211,0.0,489.725,121.977,0.0,404.244,65.559,0.0,228.693,24,74.201
TAM,Tamaulipas urbano,Reynosa,032,alta,2021-12-08,21.793,16.495,28.372,81.542,56.736,97.508,17.942,15.538,20.514,1.549,0.729,2.256,1001.232,999.284,1003.444,3.137,2.875,3.355,138.957,0.0,535.07,158.746,0.0,517.86,60.434,0.0,229.815,24,142.227
TAM,Tamaulipas urbano,Reynosa,032,alta,2021-12-09,24.359,19.96,31.145,78.437,46.311,97.65,19.366,16.893,20.976,3.1,1.997,4.347,998.763,996.51,1000.704,2.532,2.249,3.208,175.745,0.0,668.731,258.286,0.0,802.173,47.051,0.0,159.566,24,173.964
TAM,Tamaulipas urbano,Reynosa,032,alta,2021-12-10,24.831,20.691,31.799,74.085,41.521,95.551,18.551,15.128,20.665,3.737,2.878,4.9,995.992,993.358,998.142,2.304,2.178,2.483,158.303,0.0,590.591,196.859,0.0,632.086,61.075,0.0,221.168,24,178.213
TAM,Tamaulipas urbano,Reynosa,032,alta,2021-12-11,20.97,14.532,25.896,60.282,34.287,90.582,11.522,4.628,19.839,4.484,2.295,7.295,1002.761,996.045,1009.87,2.551,2.421,2.757,134.026,0.0,486.711,175.192,0.0,520.1,48.094,0.0,158.899,24,335.595
TAM,Tamaulipas urbano,Reynosa,032,alta,2021-12-12,15.88,11.302,21.445,55.854,34.936,81.009,6.289,2.751,11.848,2.285,0.932,3.485,1009.101,1006.662,1011.676,2.696,2.417,3.063,145.311,0.0,571.742,199.045,0.0,610.152,48.004,0.0,173.938,24,19.601
TAM,Tamaulipas urbano,Reynosa,032,alta,2021-12-13,19.63,14.373,26.788,75.35,51.657,96.119,14.627,11.489,18.234,1.726,1.132,2.936,1007.56,1005.197,1009.552,3.224,3.085,3.315,169.245,0.0,648.352,259.905,0.0,842.089,40.859,0.0,146.274,24,171.405
TAM,Tamaulipas urbano,Reynosa,032,alta,2021-12-14,22.436,17.93,28.49,81.246,56.03,97.051,18.61,17.369,19.982,2.651,1.155,4.165,1007.237,1004.825,1009.604,3.105,2.808,3.283,156.997,0.0,609.735,223.684,0.0,719.379,48.473,0.0,183.119,24,158.68
TAM,Tamaulipas urbano,Reynosa,032,alta,2021-12-15,23.402,19.909,28.916,81.191,53.255,98.374,19.414,17.771,20.637,3.819,2.738,5.066,1003.532,1000.634,1006.394,3.012,2.808,3.183,166.888,0.0,633.399,258.986,0.0,814.46,41.602,0.0,153.987,24,163.547
TAM,Tamaulipas urbano,Reynosa,032,alta,2021-12-16,23.678,19.919,29.442,80.36,53.26,97.882,19.518,18.284,20.583,3.593,2.437,4.905,1000.793,998.675,1002.738,2.843,2.73,2.941,176.404,0.0,678.384,283.762,0.0,847.81,37.104,0.0,114.113,24,158.903
TAM,Tamaulipas urbano,Reynosa,032,alta,2021-12-17,23.755,20.307,29.006,80.075,54.05,97.028,19.601,18.224,20.597,3.651,2.541,5.265,999.089,996.107,1001.151,3.159,2.906,3.606,140.165,0.0,531.133,161.16,0.0,511.323,56.848,0.0,201.917,24,160.647
TAM,Tamaulipas urbano,Reynosa,032,alta,2021-12-18,23.526,18.203,29.465,78.646,54.053,95.871,19.069,14.796,20.623,2.918,1.876,4.368,999.982,997.923,1004.603,3.917,3.678,4.275,106.108,0.0,438.505,68.264,0.0,384.967,70.807,0.0,275.01,24,145.544
TAM,Tamaulipas urbano,Reynosa,032,alta,2021-12-19,13.508,10.479,17.604,77.688,67.195,87.297,9.419,7.843,14.419,4.792,3.539,5.841,1007.905,1004.883,1010.091,3.789,3.477,4.266,27.148,0.0,102.669,0.711,0.0,5.361,26.776,0.0,99.419,24,345.12
TAM,Tamaulipas urbano,Reynosa,032,alta,2021-12-20,14.182,9.77,21.063,74.817,48.575,94.358,9.208,7.307,11.406,2.781,1.262,4.143,1006.661,1004.249,1008.774,2.264,1.639,3.383,154.143,0.0,634.79,210.082,0.0,770.516,49.991,0.0,197.745,24,352.905
TAM,Tamaulipas urbano,Reynosa,032,alta,2021-12-21,15.911,10.326,23.567,73.438,41.608,95.627,10.21,9.026,11.558,1.461,1.177,1.688,1005.783,1003.311,1008.254,1.503,1.399,1.672,189.97,0.0,713.429,325.104,0.0,932.093,32.767,0.0,94.824,24,328.518
TAM,Tamaulipas urbano,Reynosa,032,alta,2021-12-22,17.708,11.328,25.593,74.067,43.553,94.695,11.873,9.58,15.209,2.121,1.26,2.834,1003.843,1002.119,1005.487,1.746,1.487,2.044,187.078,0.0,702.27,318.455,0.0,909.618,33.467,0.0,98.264,24,174.127
TAM,Tamaulipas urbano,Reynosa,032,alta,2021-12-23,19.842,14.437,26.905,77.218,47.443,95.628,14.858,13.514,16.851,3.018,1.57,4.376,1003.603,1001.502,1005.777,2.228,2.089,2.403,184.741,0.0,682.781,315.413,0.0,892.602,32.645,0.0,102.593,24,166.424
TAM,Tamaulipas urbano,Reynosa,032,alta,2021-12-24,21.317,16.693,28.161,75.954,46.403,95.09,16.008,14.719,17.623,3.798,2.975,4.878,1000.227,998.28,1002.236,2.33,2.218,2.435,181.719,0.0,693.417,298.135,0.0,898.843,34.399,0.0,101.412,24,166.164
TAM,Tamaulipas urbano,Reynosa,032,alta,2021-12-25,22.201,17.107,29.702,75.349,43.007,94.698,16.554,14.837,18.36,3.017,2.388,3.968,999.267,997.573,1001.101,2.034,1.961,2.197,184.33,0.0,701.435,308.166,0.0,904.507,34.418,0.0,101.365,24,165.362
TAM,Tamaulipas urbano,Reynosa,032,alta,2021-12-26,22.252,17.975,28.902,76.137,46.049,94.124,16.924,15.024,17.973,3.483,2.307,4.818,999.855,997.507,1002.391,1.743,1.444,2.042,185.724,0.0,694.843,315.258,0.0,901.509,33.621,0.0,103.545,24,164.73
TAM,Tamaulipas urbano,Reynosa,032,alta,2021-12-27,22.465,17.882,29.389,74.624,44.023,93.638,16.603,14.4,18.254,3.662,3.103,4.827,996.374,994.131,998.72,1.603,1.41,1.814,188.122,0.0,710.265,316.306,0.0,918.944,34.699,0.0,102.926,24,164.863
TAM,Tamaulipas urbano,Reynosa,032,alta,2021-12-28,23.394,19.012,31.229,70.465,33.527,92.348,16.128,11.663,18.15,3.252,1.821,4.865,992.421,990.028,993.973,1.963,1.815,2.16,180.854,0.0,693.96,279.644,0.0,861.725,41.341,0.0,119.405,24,182.085
TAM,Tamaulipas urbano,Reynosa,032,alta,2021-12-29,23.313,17.11,32.275,63.289,27.029,87.73,13.991,9.99,17.648,2.141,1.295,3.26,993.956,992.379,996.817,2.13,1.862,2.682,171.474,0.0,673.852,257.068,0.0,816.451,41.673,0.0,126.784,24,221.288
TAM,Tamaulipas urbano,Reynosa,032,alta,2021-12-30,23.433,18.621,30.282,71.567,44.715,91.859,16.85,15.19,19.277,1.538,0.978,2.338,997.304,995.787,999.408,2.78,2.631,2.904,175.796,0.0,669.265,265.871,0.0,796.697,43.614,0.0,142.88,24,157.361
TAM,Tamaulipas urbano,Reynosa,032,alta,2021-12-31,24.269,20.007,31.115,74.629,42.763,93.996,18.306,15.564,19.997,3.763,1.834,5.125,994.854,992.398,997.315,2.613,2.487,2.882,180.558,0.0,679.154,282.103,0.0,824.964,41.082,0.0,131.309,24,173.793
TAM,Tamaulipas urbano,Reynosa,032,alta,2022-01-01,25.071,19.621,33.46,62.948,26.648,90.488,15.557,11.087,19.646,3.097,1.615,4.47,993.029,990.583,994.676,2.198,2.098,2.425,184.137,0.0,688.574,304.244,0.0,870.155,34.617,0.0,108.969,24,208.93
TAM,Tamaulipas urbano,Reynosa,032,alta,2022-01-02,15.271,7.884,20.709,47.992,24.118,83.269,2.76,-4.736,17.238,5.921,2.29,10.126,1008.351,994.967,1017.107,1.354,0.785,2.277,195.612,0.0,733.372,329.534,0.0,940.303,34.874,0.0,104.395,24,343.594
TAM,Tamaulipas urbano,Reynosa,032,alta,2022-01-03,10.309,4.995,16.486,47.783,24.955,64.989,-1.54,-4.509,2.15,2.059,1.311,2.863,1015.552,1011.898,1018.765,0.955,0.793,1.377,199.564,0.0,742.994,348.988,0.0,974.487,30.117,0.0,88.968,24,42.848
TAM,Tamaulipas urbano,Reynosa,032,alta,2022-01-04,14.961,8.676,23.118,62.252,36.385,87.591,6.626,2.627,11.426,2.04,1.135,3.235,1006.248,1002.482,1011.042,1.608,1.436,1.658,189.795,0.0,711.826,315.014,0.0,895.875,35.68,0.0,116.481,24,168.107
TAM,Tamaulipas urbano,Reynosa,032,alta,2022-01-05,18.701,11.896,27.442,67.728,35.266,89.187,10.78,8.428,13.905,2.08,1.398,2.982,999.22,996.168,1001.906,1.695,1.52,2.082,194.944,0.0,729.153,332.136,0.0,954.039,31.827,0.0,90.997,24,182.739
TAM,Tamaulipas urbano,Reynosa,032,alta,2022-01-06,20.874,15.128,28.481,71.509,43.969,88.46,14.198,12.073,17.253,1.99,1.139,3.178,999.582,997.387,1003.704,2.358,2.115,2.883,188.742,0.0,706.306,305.285,0.0,880.468,37.337,0.0,112.227,24,150.55
TAM,Tamaulipas urbano,Reynosa,032,alta,2022-01-07,16.611,14.081,19.865,72.64,55.09,87.659,11.162,9.266,14.538,2.842,1.872,3.566,1004.166,1002.445,1007.15,3.211,2.892,3.527,132.441,0.0,558.933,165.737,0.0,663.125,52.363,0.0,195.86,24,32.014
TAM,Tamaulipas urbano,Reynosa,032,alta,2022-01-08,19.601,13.46,27.101,78.194,53.941,97.2,15.095,11.498,19.717,2.133,0.922,2.942,1001.848,999.13,1003.889,3.361,3.117,3.633,156.28,0.0,596.968,190.242,0.0,603.237,60.649,0.0,221.061,24,189.251
TAM,Tamaulipas urbano,Reynosa,032,alta,2022-01-09,22.601,17.831,28.136,79.795,54.948,97.74,18.181,14.542,19.634,2.674,1.752,5.205,1005.869,1002.736,1011.566,3.327,3.194,3.482,134.732,0.0,472.644,159.732,0.0,487.079,56.813,0.0,209.871,24,123.666
TAM,Tamaulipas urbano,Reynosa,032,alta,2022-01-10,14.205,11.97,16.605,64.617,54.311,78.939,7.192,5.28,12.619,4.923,2.734,6.277,1016.145,1012.224,1018.379,3.028,2.737,3.336,66.563,0.0,294.765,23.263,0.0,125.933,53.683,0.0,229.5,24,353.629
TAM,Tamaulipas urbano,Reynosa,032,alta,2022-01-11,14.235,10.396,19.707,61.064,42.544,81.916,6.042,3.724,9.766,2.813,1.753,3.742,1015.515,1012.587,1018.21,2.735,2.625,2.999,83.699,0.0,383.696,39.862,0.0,264.163,61.706,0.0,247.722,24,8.001
TAM,Tamaulipas urbano,Reynosa,032,alta,2022-01-12,15.813,11.727,21.288,73.958,52.852,90.216,10.631,9.815,11.474,2.043,1.13,2.597,1010.559,1007.877,1012.73,2.966,2.373,3.173,84.871,0.0,315.294,45.388,0.0,202.006,61.156,0.0,220.976,24,345.668
TAM,Tamaulipas urbano,Reynosa,032,alta,2022-01-13,17.189,11.032,25.23,68.971,37.009,93.578,10.195,8.244,11.759,1.662,1.257,2.261,1007.359,1004.313,1010.445,1.607,1.23,2.294,199.844,0.0,742.648,324.773,0.0,933.378,35.6,0.0,100.976,24,348.261
TAM,Tamaulipas urbano,Reynosa,032,alta,2022-01-14,18.888,11.874,27.398,70.222,36.125,92.603,11.873,9.758,15.384,2.568,1.229,3.734,1000.129,995.959,1004.738,1.4,1.092,2.131,205.075,0.0,757.921,346.027,0.0,972.078,31.239,0.0,87.565,24,184.659
TAM,Tamaulipas urbano,Reynosa,032,alta,2022-01-15,16.37,9.543,20.831,49.841,21.219,92.337,3.397,-4.285,15.233,5.546,2.183,9.293,1003.949,995.623,1010.664,1.684,0.807,2.536,183.775,0.0,684.265,264.179,0.0,850.471,46.51,0.0,159.497,24,323.382
TAM,Tamaulipas urbano,Reynosa,032,alta,2022-01-16,12.106,5.778,20.109,36.767,17.811,52.78,-3.787,-6.527,-0.415,2.367,1.128,3.466,1008.089,1004.777,1011.523,0.7,0.548,0.878,214.213,0.0,786.369,365.196,0.0,1004.282,30.617,0.0,88.625,24,318.932
TAM,Tamaulipas urbano,Reynosa,032,alta,2022-01-17,14.625,7.884,23.344,49.692,25.513,80.648,2.661,-0.176,9.382,1.981,0.914,3.315,1005.262,1003.44,1007.713,1.167,0.922,1.521,208.998,0.0,766.712,346.622,0.0,961.598,33.2,0.0,96.531,24,166.146
TAM,Tamaulipas urbano,Reynosa,032,alta,2022-01-18,18.35,11.738,26.201,73.55,44.628,94.653,12.441,9.767,16.192,3.223,2.198,4.684,1001.332,998.314,1004.309,2.071,1.567,2.38,192.995,0.0,708.667,291.484,0.0,860.797,42.96,0.0,142.422,24,165.94
TAM,Tamaulipas urbano,Reynosa,032,alta,2022-01-19,21.406,15.995,29.185,73.487,41.189,96.301,15.116,13.141,16.554,2.802,1.811,4.187,999.874,997.392,1001.802,2.498,2.394,2.724,191.723,0.0,702.153,270.386,0.0,807.607,48.912,0.0,160.911,24,166.975
TAM,Tamaulipas urbano,Reynosa,032,alta,2022-01-20,13.184,5.91,18.339,69.562,50.369,88.772,7.204,2.049,16.109,5.016,1.666,6.676,1008.118,1001.991,1013.195,2.968,2.754,3.023,56.609,0.0,193.053,17.854,0.0,127.466,48.131,0.0,175.733,24,350.511
TAM,Tamaulipas urbano,Reynosa,032,alta,2022-01-21,6.74,4.067,10.9,70.99,53.847,80.318,1.311,0.121,2.669,3.71,1.643,5.272,1012.723,1010.528,1014.79,2.524,2.241,2.903,41.73,0.0,172.312,3.586,0.0,27.66,40.353,0.0,165.379,24,356.438
TAM,Tamaulipas urbano,Reynosa,032,alta,2022-01-22,10.525,5.202,15.655,71.384,54.216,82.667,5.145,1.643,8.95,2.494,1.884,3.168,1012.062,1010.04,1014.81,2.583,2.27,2.845,35.827,0.0,149.444,3.978,0.0,59.545,34.985,0.0,149.017,24,13.637
TAM,Tamaulipas urbano,Reynosa,032,alta,2022-01-23,14.051,11.235,17.669,77.903,62.261,91.811,9.953,8.39,11.821,2.105,0.898,2.74,1007.544,1003.94,1010.68,3.119,2.877,3.59,47.428,0.0,160.015,16.505,0.0,100.367,42.39,0.0,153.939,24,40.35
TAM,Tamaulipas urbano,Reynosa,032,alta,2022-01-24,14.146,11.05,18.22,82.486,63.643,93.792,10.692,9.569,11.687,2.17,1.314,3.168,999.867,996.87,1003.118,3.362,3.009,3.607,61.241,0.0,226.14,20.592,0.0,96.271,48.935,0.0,193.113,24,307.539
TAM,Tamaulipas urbano,Reynosa,032,alta,2022-01-25,15.823,10.794,23.264,75.336,44.98,94.855,10.541,9.546,11.64,2.454,1.679,3.399,1001.871,999.344,1005.581,2.038,1.703,2.903,206.405,0.0,770.289,312.046,0.0,922.566,39.71,0.0,135.037,24,13.159
TAM,Tamaulipas urbano,Reynosa,032,alta,2022-01-26,16.402,12.457,21.89,77.399,52.42,94.155,11.942,11.306,12.96,2.458,1.599,3.274,1006.998,1004.742,1009.301,2.442,2.076,2.7,108.968,0.0,426.97,78.717,0.0,365.862,67.688,0.0,302.874,24,47.638
TAM,Tamaulipas urbano,Reynosa,032,alta,2022-01-27,17.382,13.57,22.303,80.87,58.4,94.592,13.628,12.69,15.103,2.037,1.397,2.754,1007.071,1004.548,1009.115,2.914,2.677,3.347,69.339,0.0,311.75,16.872,0.0,124.15,59.199,0.0,258.321,24,53.867
TAM,Tamaulipas urbano,Reynosa,032,alta,2022-01-28,13.907,9.591,15.897,80.377,60.167,95.953,10.31,6.218,15.091,4.376,1.41,7.149,1013.098,1007.24,1017.616,2.82,2.048,3.433,49.741,0.0,215.806,14.874,0.0,108.487,43.461,0.0,176.403,24,359.845
TAM,Tamaulipas urbano,Reynosa,032,alta,2022-01-29,12.455,7.272,18.891,60.49,30.03,85.439,3.714,0.139,5.976,1.775,1.242,2.261,1013.903,1010.502,1017.176,1.954,1.828,2.053,162.738,0.0,659.282,163.06,0.0,632.859,72.533,0.0,270.966,24,82.32
TAM,Tamaulipas urbano,Reynosa,032,alta,2022-01-30,15.822,9.03,23.304,71.829,45.938,95.914,10.003,5.979,14.879,2.708,1.145,4.414,1006.075,1002.692,1010.127,2.269,2.017,2.851,190.435,0.0,721.302,267.164,0.0,864.285,48.528,0.0,176.405,24,166.607
TAM,Tamaulipas urbano,Reynosa,032,alta,2022-01-31,19.638,15.126,26.31,77.987,48.514,97.629,14.7,12.8,15.904,2.901,1.358,4.589,998.38,994.964,1002.032,2.473,2.031,2.977,203.191,0.0,760.195,284.712,0.0,848.565,45.348,0.0,137.843,24,165.099
TAM,Tamaulipas urbano,Reynosa,032,alta,2022-02-01,19.381,13.618,26.75,75.54,42.422,97.362,13.704,11.354,16.503,1.814,1.032,2.898,996.414,993.866,998.872,1.921,1.8,2.185,216.055,0.0,791.222,320.089,0.0,925.86,41.148,0.0,132.597,24,198.3
TAM,Tamaulipas urbano,Reynosa,032,alta,2022-02-02,21.604,16.847,28.815,76.82,44.324,98.021,15.838,12.892,17.97,3.039,2.207,4.68,993.123,990.315,994.92,2.431,2.232,2.949,192.535,0.0,678.524,261.739,0.0,728.691,49.944,0.0,165.294,24,158.631
TAM,Tamaulipas urbano,Reynosa,032,alta,2022-02-03,13.196,6.175,17.985,69.52,51.081,90.93,7.064,1.433,16.333,5.535,2.163,6.887,1002.915,994.706,1012.436,2.705,2.484,2.997,84.385,0.0,351.525,58.491,0.0,275.541,54.359,0.0,212.651,24,340.103
TAM,Tamaulipas urbano,Reynosa,032,alta,2022-02-04,6.88,3.328,11.642,53.996,35.805,71.788,-2.412,-3.872,0.787,5.566,3.585,6.866,1017.787,1012.868,1022.056,1.987,1.458,2.48,76.294,0.0,310.299,39.784,0.0,162.705,57.482,0.0,215.711,24,349.107
TAM,Tamaulipas urbano,Reynosa,032,alta,2022-02-05,7.773,2.248,14.273,55.961,31.753,74.668,-1.462,-3.211,1.628,2.654,0.933,3.871,1017.415,1011.918,1021.904,1.486,1.299,1.902,209.14,0.0,781.286,276.669,0.0,860.407,57.201,0.0,203.876,24,23.92
TAM,Tamaulipas urbano,Reynosa,032,alta,2022-02-06,12.011,4.791,19.992,65.878,38.72,90.058,4.769,1.708,10.193,1.447,0.919,2.489,1007.636,1004.026,1011.219,2.263,1.922,2.842,169.413,0.0,644.56,171.256,0.0,548.307,73.93,0.0,259.022,24,79.681
TAM,Tamaulipas urbano,Reynosa,032,alta,2022-02-07,13.592,10.084,17.96,77.442,56.538,93.055,9.266,7.431,10.512,3.652,1.912,5.426,1011.208,1008.315,1014.124,2.532,1.936,2.864,63.62,0.0,312.449,15.205,0.0,127.898,54.626,0.0,217.622,24,357.248
TAM,Tamaulipas urbano,Reynosa,032,alta,2022-02-08,12.822,7.175,20.102,64.167,33.378,89.723,4.98,2.824,7.25,2.02,1.357,2.423,1010.979,1007.963,1013.933,1.285,1.048,1.862,219.909,0.0,818.322,294.348,0.0,890.33,52.59,0.0,182.548,24,0.507
TAM,Tamaulipas urbano,Reynosa,032,alta,2022-02-09,14.448,7.671,22.63,62.611,32.207,88.353,6.103,4.335,8.787,1.648,1.165,2.416,1006.113,1003.453,1008.339,1.217,1.023,1.733,236.693,0.0,846.666,347.408,0.0,959.802,41.941,0.0,135.361,24,159.786
TAM,Tamaulipas urbano,Reynosa,032,alta,2022-02-10,16.448,11.251,23.065,74.117,48.575,92.208,11.176,9.027,13.274,1.86,0.872,2.891,1003.809,1001.684,1005.976,2.383,1.809,2.712,126.503,0.0,443.025,93.088,0.0,339.056,73.572,0.0,287.33,24,109.028
TAM,Tamaulipas urbano,Reynosa,032,alta,2022-02-11,18.33,13.799,24.584,80.886,54.506,98.665,14.393,12.997,16.283,1.985,0.994,2.848,1001.432,998.183,1003.862,2.812,2.671,2.94,142.457,0.0,570.648,136.764,0.0,479.829,64.625,0.0,226.251,24,149.397
TAM,Tamaulipas urbano,Reynosa,032,alta,2022-02-12,17.898,10.091,24.803,76.332,55.713,98.652,13.134,5.325,16.792,3.606,0.957,6.894,1006.436,1001.069,1015.437,2.553,1.686,2.844,144.319,0.0,555.889,145.878,0.0,526.336,64.6,0.0,223.725,24,58.944
TAM,Tamaulipas urbano,Reynosa,032,alta,2022-02-13,11.737,6.409,18.285,52.988,26.33,76.778,1.092,-2.244,4.576,3.231,1.446,5.017,1016.703,1014.496,1020.003,1.07,0.903,1.587,219.917,0.0,788.071,280.071,0.0,814.934,59.407,0.0,198.154,24,24.175
TAM,Tamaulipas urbano,Reynosa,032,alta,2022-02-14,13.577,7.557,20.953,56.175,29.627,86.39,3.63,0.388,9.171,2.256,1.12,3.834,1011.945,1008.563,1015.047,1.136,0.912,1.573,210.746,0.0,732.236,269.26,0.0,771.733,55.819,0.0,166.834,24,167.257
TAM,Tamaulipas urbano,Reynosa,032,alta,2022-02-15,17.042,10.41,24.587,72.812,43.199,95.029,11.163,9.134,14.726,3.661,1.756,5.519,1006.46,1003.184,1009.641,1.824,1.626,2.252,242.431,0.0,844.443,351.332,0.0,924.705,40.159,0.0,113.775,24,160.776
TAM,Tamaulipas urbano,Reynosa,032,alta,2022-02-16,20.841,15.017,28.66,74.315,42.173,96.28,14.774,12.971,17.216,5.2,3.629,6.37,999.036,994.885,1003.974,2.425,2.306,2.631,236.851,0.0,840.774,330.104,0.0,901.852,43.706,0.0,125.593,24,168.795
TAM,Tamaulipas urbano,Reynosa,032,alta,2022-02-17,21.747,14.843,30.011,58.103,22.541,90.801,10.616,4.774,16.842,4.283,2.713,5.774,999.413,994.822,1006.396,1.856,1.465,2.593,251.435,0.0,875.986,376.44,0.0,980.503,34.297,0.0,93.555,24,334.582
TAM,Tamaulipas urbano,Reynosa,032,alta,2022-02-18,13.683,9.241,19.29,53.549,32.647,71.141,3.438,0.944,7.477,4.012,1.614,5.65,1009.948,1006.95,1012.859,1.941,1.799,2.214,232.332,0.0,835.878,310.704,0.0,893.653,49.115,0.0,160.497,24,16.792
TAM,Tamaulipas urbano,Reynosa,032,alta,2022-02-19,14.758,9.873,20.767,62.364,38.313,86.495,6.536,3.763,10.659,2.579,1.548,3.698,1011.814,1009.966,1014.567,2.534,2.242,3.085,152.242,0.0,576.613,123.084,0.0,369.389,80.552,0.0,302.664,24,39.065
TAM,Tamaulipas urbano,Reynosa,032,alta,2022-02-20,18.696,11.609,26.584,72.02,44.338,93.025,12.633,10.203,16.409,2.281,1.164,3.542,1005.993,1001.999,1010.675,3.173,3.137,3.243,196.261,0.0,669.064,208.939,0.0,594.583,72.563,0.0,259.345,24,114.848
TAM,Tamaulipas urbano,Reynosa,032,alta,2022-02-21,22.288,16.397,29.922,74.077,43.778,95.654,16.234,15.051,18.324,4.287,2.46,5.912,999.976,996.727,1003.145,2.863,2.61,3.256,233.669,0.0,852.945,309.645,0.0,897.415,46.917,0.0,134.328,24,169.406
TAM,Tamaulipas urbano,Reynosa,032,alta,2022-02-22,24.319,18.385,32.857,70.477,36.011,94.332,16.832,14.252,19.176,3.473,2.679,4.098,998.973,996.697,1000.935,2.863,2.756,3.029,232.646,0.0,838.547,309.26,0.0,882.072,49.517,0.0,150.0,24,163.383
TAM,Tamaulipas urbano,Reynosa,032,alta,2022-02-23,21.96,14.316,29.014,78.074,51.195,95.735,17.201,12.651,19.137,3.53,2.585,4.299,1002.094,999.951,1004.957,2.988,2.546,3.255,168.665,0.0,564.064,193.235,0.0,491.473,55.063,0.0,180.212,24,107.409
TAM,Tamaulipas urbano,Reynosa,032,alta,2022-02-24,15.946,12.42,21.206,79.215,58.736,93.027,11.777,11.17,12.437,2.597,1.868,3.438,1004.363,1001.377,1007.732,2.455,2.331,2.751,201.367,0.0,763.008,237.145,0.0,753.95,60.86,0.0,219.51,24,33.127
TAM,Tamaulipas urbano,Reynosa,032,alta,2022-02-25,12.493,9.514,15.942,77.134,60.791,90.922,8.269,7.129,11.663,4.106,3.354,4.809,1010.554,1007.944,1012.883,2.599,2.472,2.778,107.629,0.0,407.033,96.03,0.0,350.151,53.72,0.0,185.409,24,13.85
TAM,Tamaulipas urbano,Reynosa,032,alta,2022-02-26,12.105,8.235,17.168,78.046,60.383,91.741,8.011,6.199,9.795,2.833,2.366,3.194,1010.307,1007.937,1012.678,2.755,2.595,2.909,173.817,0.0,607.536,188.441,0.0,607.368,62.748,0.0,229.444,24,11.738
TAM,Tamaulipas urbano,Reynosa,032,alta,2022-02-27,13.049,9.674,18.7,72.474,47.56,92.878,7.434,6.398,9.502,3.654,1.829,5.203,1012.189,1010.188,1014.622,2.283,1.945,2.623,103.981,0.0,362.64,67.228,0.0,302.865,69.337,0.0,244.257,24,0.624
TAM,Tamaulipas urbano,Reynosa,032,alta,2022-02-28,14.342,8.835,22.118,58.549,28.659,82.97,4.607,1.96,6.849,2.498,1.389,3.229,1011.375,1008.111,1014.398,1.519,1.358,1.919,250.672,0.0,891.559,321.632,0.0,918.991,54.43,0.0,193.302,24,35.333
TAM,Tamaulipas urbano,Reynosa,032,alta,2022-03-01,15.516,8.683,23.842,67.061,34.889,92.554,7.935,6.073,11.614,1.923,1.002,3.285,1008.115,1005.253,1010.625,1.721,1.413,2.199,261.656,0.0,914.055,343.685,0.0,949.092,47.93,0.0,142.195,24,89.692
TAM,Tamaulipas urbano,Reynosa,032,alta,2022-03-02,18.291,11.998,25.517,73.307,43.681,95.642,12.458,11.242,15.175,2.041,0.869,3.58,1006.513,1004.016,1008.742,2.707,2.266,2.938,207.474,0.0,752.251,217.961,0.0,656.37,70.325,0.0,252.981,24,109.359
TAM,Tamaulipas urbano,Reynosa,032,alta,2022-03-03,20.733,14.857,27.743,77.084,48.465,98.106,15.737,14.545,17.645,2.359,0.923,3.937,1005.399,1003.121,1007.45,2.905,2.844,2.967,136.728,0.0,479.023,76.671,0.0,209.271,88.752,0.0,304.4,24,125.562
TAM,Tamaulipas urbano,Reynosa,032,alta,2022-03-04,21.803,17.088,28.467,75.542,46.732,98.607,16.402,15.166,17.6,3.913,2.199,5.817,1003.653,1000.782,1006.292,2.668,2.416,2.869,249.282,0.0,837.886,315.009,0.0,819.447,56.556,0.0,190.873,24,147.692
TAM,Tamaulipas urbano,Reynosa,032,alta,2022-03-05,22.957,17.314,30.237,75.2,45.504,96.789,17.284,16.233,19.675,4.463,3.237,6.062,999.804,996.995,1001.822,2.882,2.382,3.281,245.095,0.0,867.531,287.971,0.0,830.99,62.176,0.0,181.91,24,154.751
TAM,Tamaulipas urbano,Reynosa,032,alta,2022-03-06,24.73,19.825,32.109,73.247,41.45,96.604,18.175,15.719,19.64,4.16,3.459,5.12,998.061,995.098,1000.344,3.068,2.579,3.418,205.582,0.0,759.449,207.73,0.0,708.588,77.677,0.0,286.967,24,151.186
TAM,Tamaulipas urbano,Reynosa,032,alta,2022-03-07,20.999,15.095,26.683,70.401,51.448,94.362,14.361,9.189,19.548,4.016,2.087,6.378,1001.002,996.115,1004.402,3.051,2.789,3.287,114.953,0.0,431.966,86.526,0.0,303.209,67.037,0.0,239.055,24,55.016
TAM,Tamaulipas urbano,Reynosa,032,alta,2022-03-08,16.87,12.632,22.965,66.261,49.01,88.366,9.787,7.746,12.027,2.921,2.539,3.696,1000.554,996.329,1003.86,2.924,2.635,3.27,171.405,0.0,668.195,148.722,0.0,531.628,76.121,0.0,275.442,24,23.018
TAM,Tamaulipas urbano,Reynosa,032,alta,2022-03-09,16.188,11.53,23.015,67.352,37.513,92.807,8.832,6.605,11.919,3.034,1.498,3.953,1000.804,997.726,1004.005,2.187,1.825,2.96,157.821,0.0,625.09,121.697,0.0,465.788,84.169,0.0,300.648,24,36.656
TAM,Tamaulipas urbano,Reynosa,032,alta,2022-03-10,19.04,11.497,27.306,71.454,43.043,93.741,12.337,10.324,16.393,1.849,1.066,3.103,998.188,995.311,1000.498,2.062,1.855,2.304,207.236,0.0,674.191,241.12,0.0,677.858,58.89,0.0,182.906,24,93.974
TAM,Tamaulipas urbano,Reynosa,032,alta,2022-03-11,21.059,12.237,30.5,64.903,35.74,95.079,11.952,4.978,16.321,3.841,1.233,7.297,998.944,995.197,1010.749,1.9,1.679,2.294,250.216,0.0,879.77,308.546,0.0,891.692,53.549,0.0,150.549,24,51.706
TAM,Tamaulipas urbano,Reynosa,032,alta,2022-03-12,11.75,7.315,17.833,41.357,20.294,63.135,-2.824,-6.963,3.29,4.647,1.472,7.235,1015.324,1011.684,1018.894,1.161,0.98,1.587,238.348,0.0,849.365,265.618,0.0,743.912,72.059,0.0,260.01,24,31.071
TAM,Tamaulipas urbano,Reynosa,032,alta,2022-03-13,15.207,7.368,23.261,59.493,35.822,86.007,6.066,1.798,12.006,2.993,1.209,5.183,1009.129,1004.83,1013.297,1.879,1.388,2.308,215.868,0.0,718.174,218.083,0.0,634.527,82.19,0.0,287.792,23,142.164
TAM,Tamaulipas urbano,Reynosa,032,alta,2022-03-14,20.0,12.744,28.611,70.455,39.804,93.44,12.817,11.38,16.066,2.834,1.449,4.306,1003.263,1000.014,1006.047,2.145,1.977,2.36,275.043,0.0,948.672,335.632,0.0,926.445,53.964,0.0,180.869,24,160.013
TAM,Tamaulipas urbano,Reynosa,032,alta,2022-03-15,21.197,15.302,29.263,55.604,21.686,91.352,8.509,1.733,15.88,2.745,1.132,4.97,1006.601,1004.498,1009.837,1.532,1.083,2.085,288.933,0.0,973.178,365.56,0.0,950.504,51.541,0.0,136.612,24,2.508
TAM,Tamaulipas urbano,Reynosa,032,alta,2022-03-16,20.712,12.792,29.692,58.18,26.441,83.48,9.712,6.71,15.378,2.993,1.231,5.028,1002.053,997.632,1006.239,1.725,1.196,2.795,289.607,0.0,968.209,364.474,0.0,942.283,50.011,0.0,127.005,24,160.576
TAM,Tamaulipas urbano,Reynosa,032,alta,2022-03-17,24.382,17.591,34.211,64.128,24.648,93.715,13.747,6.473,17.168,3.633,1.873,5.434,993.905,990.452,997.89,2.119,1.433,3.003,285.377,0.0,972.971,358.762,0.0,952.478,50.039,0.0,137.66,24,163.23
TAM,Tamaulipas urbano,Reynosa,032,alta,2022-03-18,22.372,17.383,29.11,55.099,27.452,85.227,10.415,5.981,16.935,3.841,1.571,6.835,1000.207,995.789,1004.811,2.199,2.047,2.379,270.737,0.0,901.9,302.211,0.0,787.972,72.559,0.0,235.266,24,9.098
TAM,Tamaulipas urbano,Reynosa,032,alta,2022-03-19,20.284,14.952,27.389,56.131,30.11,81.254,9.535,6.982,12.003,3.097,1.64,4.777,1006.468,1004.393,1008.877,2.154,1.97,2.312,228.374,0.0,821.134,208.743,0.0,666.63,86.027,0.0,309.831,24,61.453
TAM,Tamaulipas urbano,Reynosa,032,alta,2022-03-20,20.675,13.82,28.253,69.356,40.488,92.458,13.784,11.715,18.36,3.387,1.19,5.818,1004.575,1000.529,1008.483,2.682,2.028,3.315,245.92,0.0,878.304,239.853,0.0,754.811,82.62,0.0,269.546,24,114.436
TAM,Tamaulipas urbano,Reynosa,032,alta,2022-03-21,25.061,19.297,33.594,67.923,34.156,94.786,16.332,11.885,18.74,5.387,3.873,7.133,993.803,988.313,1000.869,2.593,2.099,3.326,257.39,0.0,870.869,267.494,0.0,726.871,80.928,0.0,276.821,24,169.171
TAM,Tamaulipas urbano,Reynosa,032,alta,2022-03-22,23.42,17.532,30.588,43.9,17.415,75.522,7.046,1.537,16.591,4.51,2.766,6.402,994.915,990.428,1002.032,1.391,0.998,2.376,298.876,0.0,999.331,362.38,0.0,949.23,56.719,0.0,181.792,24,333.419
TAM,Tamaulipas urbano,Reynosa,032,alta,2022-03-23,18.819,12.678,26.025,39.692,18.158,61.933,2.553,-1.18,6.518,3.03,1.528,4.084,1003.171,999.722,1005.574,1.251,1.15,1.462,302.998,0.0,998.949,372.066,0.0,943.531,53.47,0.0,138.173,24,11.583
TAM,Tamaulipas urbano,Reynosa,032,alta,2022-03-24,19.641,11.509,28.931,39.844,14.915,68.342,2.38,-2.461,5.955,2.562,1.306,3.708,1004.951,1001.807,1007.735,0.973,0.805,1.295,309.197,0.0,1015.271,385.293,0.0,964.099,51.754,0.0,131.839,24,261.302
TAM,Tamaulipas urbano,Reynosa,032,alta,2022-03-25,21.634,12.437,32.155,38.457,13.344,63.026,3.179,-1.423,9.296,2.454,1.759,3.113,1004.573,1002.324,1007.164,0.819,0.764,0.901,311.744,0.0,1017.302,390.779,0.0,960.955,51.563,0.0,139.895,24,166.14
TAM,Tamaulipas urbano,Reynosa,032,alta,2022-03-26,21.688,13.619,31.115,46.389,15.591,73.709,5.728,-0.309,11.088,3.463,1.972,4.723,1003.778,1001.401,1005.667,0.873,0.803,0.929,308.103,0.0,1025.857,372.886,0.0,983.832,55.81,0.0,178.51,24,156.966
TAM,Tamaulipas urbano,Reynosa,032,alta,2022-03-27,21.479,15.055,29.887,58.859,26.394,85.692,10.655,6.325,15.091,4.338,2.848,5.957,1001.846,999.205,1003.677,1.238,0.95,1.721,300.365,0.0,1004.142,340.474,0.0,930.949,61.075,0.0,148.693,24,153.837
TAM,Tamaulipas urbano,Reynosa,032,alta,2022-03-28,23.168,16.777,31.243,65.34,33.664,90.909,14.559,11.933,18.158,4.603,3.079,6.254,1000.523,997.949,1002.409,2.017,1.762,2.452,297.571,0.0,982.246,342.212,0.0,896.608,60.176,0.0,151.049,24,154.215
TAM,Tamaulipas urbano,Reynosa,032,alta,2022-03-29,25.323,19.463,33.456,67.927,35.653,94.386,17.0,13.872,19.013,5.72,3.94,6.887,993.967,988.509,1000.108,2.726,2.507,2.806,268.073,0.0,957.947,267.606,0.0,858.274,75.864,0.0,229.959,24,161.313
TAM,Tamaulipas urbano,Reynosa,032,alta,2022-03-30,26.723,20.435,35.24,47.626,14.371,84.341,10.32,2.471,18.956,4.581,1.781,6.649,990.038,988.218,993.515,1.727,1.15,2.802,312.795,0.0,1024.489,383.071,0.0,968.893,49.859,0.0,123.919,24,314.301
TAM,Tamaulipas urbano,Reynosa,032,alta,2022-03-31,24.234,17.407,32.807,55.262,23.57,81.96,12.093,8.048,16.605,2.606,1.245,4.483,995.512,993.575,998.191,1.917,1.686,2.136,297.531,0.0,975.998,331.536,0.0,896.89,66.887,0.0,192.583,24,70.285
TAM,Tamaulipas urbano,Reynosa,032,alta,2022-04-01,24.148,18.405,31.226,69.279,41.88,91.351,17.036,15.866,19.667,2.971,1.362,4.559,997.811,995.276,999.939,2.778,2.161,3.193,249.914,0.0,801.477,243.097,0.0,671.025,83.19,0.0,269.758,24,103.009
TAM,Tamaulipas urbano,Reynosa,032,alta,2022-04-02,25.834,20.015,33.117,68.984,40.965,95.338,18.494,16.781,19.905,2.496,0.841,4.222,999.286,997.738,1001.048,3.079,2.921,3.212,231.551,0.0,833.294,215.524,0.0,670.972,89.762,0.0,320.014,24,81.111
TAM,Tamaulipas urbano,Reynosa,032,alta,2022-04-03,25.86,20.603,33.384,68.548,37.374,94.139,18.359,15.974,19.997,2.723,0.92,4.874,997.757,993.905,1000.93,3.236,3.108,3.46,275.253,0.0,919.517,276.42,0.0,763.933,79.727,0.0,224.102,24,117.488
TAM,Tamaulipas urbano,Reynosa,032,alta,2022-04-04,26.747,20.948,34.347,69.271,39.607,94.87,19.02,16.725,21.32,3.946,2.511,5.163,991.842,987.856,995.757,3.317,3.1,3.518,260.243,0.0,876.989,268.688,0.0,783.013,75.738,0.0,227.682,24,148.324
TAM,Tamaulipas urbano,Reynosa,032,alta,2022-04-05,28.483,21.925,37.322,61.259,27.088,90.875,17.068,12.013,21.376,2.147,1.562,2.783,990.493,987.407,992.98,2.654,2.202,3.387,292.005,0.0,959.238,305.762,0.0,783.332,76.529,0.0,216.766,24,146.121
TAM,Tamaulipas urbano,Reynosa,032,alta,2022-04-06,29.022,21.456,38.747,46.591,14.517,82.556,11.887,5.375,19.43,3.246,1.473,5.343,993.264,990.565,1000.614,1.92,1.546,2.334,313.798,0.0,1018.133,370.006,0.0,923.425,57.887,0.0,160.321,24,287.293
TAM,Tamaulipas urbano,Reynosa,032,alta,2022-04-07,22.976,17.738,28.856,35.795,17.02,55.642,4.432,-0.957,11.921,4.24,1.684,5.887,1005.975,1001.397,1008.741,1.689,1.459,2.134,312.857,0.0,1002.619,351.398,0.0,862.874,67.807,0.0,187.115,24,39.437
TAM,Tamaulipas urbano,Reynosa,032,alta,2022-04-08,21.588,14.915,28.943,42.846,21.33,66.554,6.616,3.596,10.315,2.553,1.098,4.217,1008.252,1005.66,1010.823,1.766,1.526,1.955,306.27,0.0,1001.833,326.848,0.0,858.08,73.75,0.0,184.956,24,142.749
TAM,Tamaulipas urbano,Reynosa,032,alta,2022-04-09,22.859,16.433,30.427,51.572,26.304,75.735,10.794,7.761,14.331,4.779,2.145,7.068,1004.229,999.986,1008.436,2.223,1.955,2.857,301.956,0.0,986.291,320.392,0.0,828.383,75.58,0.0,204.102,24,161.852
TAM,Tamaulipas urbano,Reynosa,032,alta,2022-04-10,26.01,19.888,34.37,58.096,32.01,78.567,15.562,13.741,19.06,5.684,4.629,6.612,995.849,991.248,1001.409,3.282,3.043,3.668,288.738,0.0,975.475,295.227,0.0,813.188,75.198,0.0,201.662,24,163.162
TAM,Tamaulipas urbano,Reynosa,032,alta,2022-04-11,28.251,21.4,37.489,59.633,25.156,88.794,17.14,12.685,20.648,3.719,2.466,4.93,993.443,990.638,995.45,3.12,2.72,3.62,293.62,0.0,976.576,297.122,0.0,842.238,77.797,0.0,203.196,24,148.859
TAM,Tamaulipas urbano,Reynosa,032,alta,2022-04-12,28.653,22.712,36.586,64.42,34.716,91.101,19.482,16.899,21.174,4.191,2.936,5.158,993.073,989.582,995.743,3.797,3.605,4.002,266.491,0.0,929.366,224.408,0.0,692.668,96.542,0.0,264.749,24,149.864
TAM,Tamaulipas urbano,Reynosa,032,alta,2022-04-13,30.068,23.284,39.715,53.14,15.005,88.359,14.663,6.036,21.245,3.886,2.535,4.376,991.934,989.527,995.486,2.578,1.777,3.665,316.193,0.0,1032.004,359.983,0.0,935.584,58.734,0.0,161.387,24,123.427
TAM,Tamaulipas urbano,Reynosa,032,alta,2022-04-14,27.11,22.661,33.43,69.155,44.047,89.51,19.962,18.582,21.561,3.47,1.34,5.384,997.184,995.357,999.484,3.562,2.544,4.324,261.205,0.0,892.983,209.277,0.0,636.084,107.057,0.0,309.7,24,79.417
TAM,Tamaulipas urbano,Reynosa,032,alta,2022-04-15,28.001,22.855,35.365,68.52,39.454,93.071,20.56,18.705,21.745,3.28,1.437,5.029,996.685,994.006,998.613,4.118,3.67,4.478,236.929,0.0,825.883,175.175,0.0,583.784,107.497,0.0,316.377,24,138.708
TAM,Tamaulipas urbano,Reynosa,032,alta,2022-04-16,28.732,23.39,35.869,68.479,40.211,94.001,21.033,19.156,22.496,3.618,2.358,4.503,996.535,993.922,998.211,3.686,3.581,3.857,283.623,0.0,907.404,275.57,0.0,738.154,86.018,0.0,251.556,24,137.119
TAM,Tamaulipas urbano,Reynosa,032,alta,2022-04-17,28.893,23.822,35.885,67.393,38.554,93.731,20.98,18.823,22.783,3.293,2.143,4.404,996.471,993.519,998.637,3.731,3.66,3.793,280.372,0.0,928.094,252.005,0.0,755.597,86.64,0.0,219.407,24,129.221
TAM,Tamaulipas urbano,Reynosa,032,alta,2022-04-18,27.516,23.358,33.544,70.245,44.037,92.534,20.739,19.019,22.358,3.325,1.165,5.129,1001.425,998.865,1004.475,3.846,3.609,3.983,256.135,0.0,851.29,213.024,0.0,588.29,103.451,0.0,301.941,24,79.873
TAM,Tamaulipas urbano,Reynosa,032,alta,2022-04-19,25.981,22.163,31.443,71.652,46.793,92.96,19.765,18.248,21.283,4.426,2.314,6.258,1002.311,999.299,1004.453,3.73,3.488,3.891,204.202,0.0,645.985,140.328,0.0,432.043,107.179,0.0,331.696,24,117.365
TAM,Tamaulipas urbano,Reynosa,032,alta,2022-04-20,26.52,22.462,32.52,69.808,46.159,87.077,19.754,18.319,21.806,4.824,3.173,6.068,998.184,995.895,1000.396,4.066,3.48,4.311,189.62,0.0,667.316,108.766,0.0,343.796,107.641,0.0,341.549,24,146.34
TAM,Tamaulipas urbano,Reynosa,032,alta,2022-04-21,27.062,23.207,32.436,73.644,48.088,94.518,21.242,19.623,22.286,4.2,2.569,5.918,1001.38,999.8,1004.293,4.317,3.891,4.469,199.573,0.0,615.462,116.612,0.0,325.392,119.2,0.0,373.43,24,134.745
TAM,Tamaulipas urbano,Reynosa,032,alta,2022-04-22,27.038,23.154,33.107,67.791,38.742,93.535,19.47,16.132,22.384,4.96,3.403,6.402,1002.759,1000.116,1004.927,3.147,2.618,3.841,311.407,0.0,980.745,338.35,0.0,828.305,69.428,0.0,188.954,24,136.852
TAM,Tamaulipas urbano,Reynosa,032,alta,2022-04-23,27.136,22.683,33.6,67.309,41.591,89.881,19.628,17.99,20.929,5.582,4.211,6.733,997.644,994.454,1001.283,3.379,2.943,3.571,279.29,0.0,936.412,261.797,0.0,777.287,87.682,0.0,251.434,24,149.126
TAM,Tamaulipas urbano,Reynosa,032,alta,2022-04-24,27.829,23.404,34.157,67.269,40.887,87.919,20.288,18.398,22.196,5.636,4.303,6.841,995.312,993.224,997.248,3.445,3.382,3.502,289.982,0.0,930.867,289.807,0.0,780.515,79.277,0.0,227.056,24,145.166
TAM,Tamaulipas urbano,Reynosa,032,alta,2022-04-25,27.274,23.635,33.06,73.108,45.753,93.255,21.296,19.417,22.9,4.02,3.094,4.622,998.556,996.613,1002.47,3.889,3.503,4.243,254.167,0.0,854.928,208.274,0.0,627.695,96.73,0.0,279.848,24,122.353
TAM,Tamaulipas urbano,Reynosa,032,alta,2022-04-26,23.644,21.4,26.08,84.211,65.079,96.388,20.572,18.698,22.937,2.606,1.755,3.322,1005.995,1002.804,1007.856,4.128,3.756,4.468,152.759,0.0,485.969,70.619,0.0,278.069,104.895,0.0,329.505,24,56.363
TAM,Tamaulipas urbano,Reynosa,032,alta,2022-04-27,24.663,20.3,30.122,75.784,50.092,96.747,19.413,18.137,20.902,2.713,1.283,4.099,1004.553,1001.707,1007.221,3.626,3.278,3.808,248.781,0.0,803.379,228.323,0.0,706.97,92.957,0.0,302.831,24,103.274
TAM,Tamaulipas urbano,Reynosa,032,alta,2022-04-28,25.789,21.305,31.674,73.538,47.617,95.553,19.951,18.748,20.969,4.08,2.717,5.424,999.395,996.033,1002.715,3.464,3.273,3.631,289.024,0.0,901.309,295.731,0.0,754.66,82.932,0.0,262.889,24,147.179
TAM,Tamaulipas urbano,Reynosa,032,alta,2022-04-29,27.067,22.428,33.539,70.473,45.042,90.65,20.358,19.194,21.965,4.469,3.598,5.382,994.865,991.81,997.602,3.561,3.47,3.636,300.191,0.0,939.469,306.71,0.0,760.095,77.265,0.0,210.652,24,150.889
TAM,Tamaulipas urbano,Reynosa,032,alta,2022-04-30,27.707,22.986,34.244,73.081,45.946,95.474,21.6,20.324,22.894,3.674,2.591,4.847,994.911,993.021,997.811,3.515,3.396,3.617,276.757,0.0,866.122,251.397,0.0,610.063,96.831,0.0,280.63,24,137.122
TAM,Tamaulipas urbano,Reynosa,032,alta,2022-05-01,27.593,22.986,33.512,75.357,48.171,97.638,22.089,20.614,23.417,4.108,1.803,6.249,997.239,995.343,998.582,4.04,3.672,4.284,273.602,0.0,868.807,222.149,0.0,613.949,109.033,0.0,317.983,24,130.887
TAM,Tamaulipas urbano,Reynosa,032,alta,2022-05-02,28.798,24.626,35.127,72.12,45.142,91.755,22.362,20.538,24.047,4.972,3.866,6.302,995.856,993.007,997.57,3.861,3.522,4.293,285.908,0.0,968.493,249.085,0.0,728.344,100.285,0.0,282.199,24,150.559
TAM,Tamaulipas urbano,Reynosa,032,alta,2022-05-03,28.72,24.442,34.84,74.105,48.318,96.025,22.864,21.588,24.102,4.225,3.238,5.543,996.378,994.902,997.794,3.673,3.526,3.871,238.326,0.0,847.589,172.899,0.0,565.007,117.155,0.0,342.155,24,139.679
TAM,Tamaulipas urbano,Reynosa,032,alta,2022-05-04,28.556,24.522,34.178,73.449,46.591,96.331,22.523,20.656,23.959,4.843,3.032,6.506,995.927,993.595,997.596,3.543,3.321,3.689,272.366,0.0,834.632,228.225,0.0,629.576,106.523,0.0,304.866,24,141.884
TAM,Tamaulipas urbano,Reynosa,032,alta,2022-05-05,29.678,24.585,36.469,70.169,42.233,93.887,22.551,20.835,24.116,3.843,2.124,4.898,995.069,992.97,996.91,3.795,3.587,4.06,289.837,0.0,933.302,246.602,0.0,671.362,106.307,0.0,289.614,24,145.968
TAM,Tamaulipas urbano,Reynosa,032,alta,2022-05-06,30.101,25.17,36.29,69.999,44.032,95.486,23.052,21.027,24.574,2.7,1.635,3.829,996.608,994.63,998.593,3.976,3.548,4.193,295.886,0.0,961.78,255.379,0.0,724.766,100.82,0.0,259.359,24,132.547
TAM,Tamaulipas urbano,Reynosa,032,alta,2022-05-07,30.509,24.49,38.394,66.17,34.874,93.984,21.795,18.95,23.807,3.341,1.852,4.826,994.131,991.035,996.85,3.05,2.805,3.525,315.814,0.0,981.781,311.14,0.0,777.549,86.407,0.0,231.862,24,153.088
TAM,Tamaulipas urbano,Reynosa,032,alta,2022-05-08,30.487,24.695,38.196,67.489,37.59,94.144,22.217,19.956,24.162,4.38,2.972,5.576,991.549,988.845,993.613,3.394,3.15,3.544,311.889,0.0,974.131,295.23,0.0,749.257,92.314,0.0,233.365,24,148.09
TAM,Tamaulipas urbano,Reynosa,032,alta,2022-05-09,30.281,25.278,37.253,70.416,41.687,94.848,23.096,21.03,24.568,4.328,2.919,6.025,993.611,991.607,997.886,3.796,3.567,4.068,289.288,0.0,951.948,232.534,0.0,705.794,108.345,0.0,304.978,24,139.561
TAM,Tamaulipas urbano,Reynosa,032,alta,2022-05-10,29.577,25.718,35.044,72.375,48.691,94.052,23.328,21.796,24.741,4.136,2.662,5.592,999.375,997.127,1003.282,3.864,3.362,4.148,281.082,0.0,886.382,217.716,0.0,609.087,115.759,0.0,339.417,24,126.963
TAM,Tamaulipas urbano,Reynosa,032,alta,2022-05-11,29.005,24.746,35.006,66.297,40.983,90.212,21.17,19.013,23.38,3.667,2.047,5.137,1002.548,1000.552,1004.229,3.107,2.715,3.437,314.029,0.0,990.364,318.611,0.0,825.965,81.252,0.0,252.196,24,114.755
TAM,Tamaulipas urbano,Reynosa,032,alta,2022-05-12,28.371,22.964,35.18,62.801,34.4,91.076,19.145,16.08,21.495,3.602,1.549,5.287,1000.901,998.084,1003.488,2.42,2.304,2.672,332.182,0.0,1024.112,363.908,0.0,886.035,66.973,0.0,159.511,24,146.025
TAM,Tamaulipas urbano,Reynosa,032,alta,2022-05-13,28.337,22.647,35.779,60.824,32.569,87.607,18.368,15.315,20.625,4.086,2.703,5.53,998.046,996.144,1000.087,2.335,2.079,2.59,331.774,0.0,1034.836,360.221,0.0,896.359,65.52,0.0,161.973,24,148.444
TAM,Tamaulipas urbano,Reynosa,032,alta,2022-05-14,28.451,22.611,36.017,59.508,30.949,86.607,18.177,14.892,20.237,3.635,2.271,5.086,998.889,996.731,1001.271,2.582,2.494,2.668,330.444,0.0,1020.207,355.108,0.0,859.012,70.634,0.0,166.774,24,141.977
TAM,Tamaulipas urbano,Reynosa,032,alta,2022-05-15,28.731,22.496,36.167,59.923,32.138,89.043,18.507,15.753,20.556,3.285,1.603,4.726,999.612,997.104,1001.157,2.281,2.006,2.547,335.078,0.0,1023.371,367.832,0.0,862.118,68.667,0.0,168.51,24,152.18
TAM,Tamaulipas urbano,Reynosa,032,alta,2022-05-16,28.799,22.158,36.818,59.966,28.161,91.105,17.97,13.78,20.983,3.516,1.913,5.122,999.421,997.243,1001.1,2.014,1.949,2.11,335.449,0.0,1025.633,364.232,0.0,863.694,71.296,0.0,174.287,24,154.423
TAM,Tamaulipas urbano,Reynosa,032,alta,2022-05-17,28.911,22.09,37.23,60.041,25.803,93.846,17.745,12.392,21.151,4.435,2.606,6.09,999.576,997.422,1000.898,2.049,1.968,2.201,331.793,0.0,1028.175,339.916,0.0,862.819,77.674,0.0,198.746,24,153.756
TAM,Tamaulipas urbano,Reynosa,032,alta,2022-05-18,28.614,23.18,35.254,61.467,32.049,88.19,18.605,14.483,21.296,4.555,3.156,5.663,998.234,995.738,1000.398,2.597,2.274,2.935,285.981,0.0,886.237,222.881,0.0,600.606,118.985,0.0,338.72,24,153.79
TAM,Tamaulipas urbano,Reynosa,032,alta,2022-05-19,29.295,23.188,36.931,64.439,36.136,89.585,20.406,18.179,22.923,4.5,3.373,5.833,993.978,990.483,998.136,3.212,2.829,3.574,306.582,0.0,966.024,268.476,0.0,717.912,101.649,0.0,254.115,24,148.429
TAM,Tamaulipas urbano,Reynosa,032,alta,2022-05-20,31.326,25.073,39.853,61.186,28.694,90.113,20.443,15.276,23.346,4.33,3.802,5.349,990.242,987.319,992.408,3.57,3.356,3.731,290.974,0.0,878.474,232.08,0.0,599.576,115.701,0.0,298.485,24,156.217
TAM,Tamaulipas urbano,Reynosa,032,alta,2022-05-21,31.083,24.925,39.085,64.263,33.071,93.101,21.684,18.625,24.038,3.968,2.626,5.241,993.779,992.194,998.428,3.418,3.13,3.717,308.622,0.0,960.625,260.751,0.0,696.246,109.35,0.0,279.106,24,135.703
TAM,Tamaulipas urbano,Reynosa,032,alta,2022-05-22,29.038,25.193,34.149,71.233,47.443,95.41,22.572,20.337,24.453,3.199,1.899,4.166,1000.866,998.662,1002.877,4.118,3.82,4.381,222.01,0.0,721.407,132.731,0.0,413.47,122.099,0.0,363.355,24,89.332
TAM,Tamaulipas urbano,Reynosa,032,alta,2022-05-23,27.391,23.82,32.347,78.144,55.288,96.663,22.716,21.732,23.571,3.179,1.281,4.579,998.962,995.841,1002.579,4.493,4.246,4.756,256.442,0.0,774.632,177.99,0.0,490.964,120.233,0.0,329.077,24,107.98
TAM,Tamaulipas urbano,Reynosa,032,alta,2022-05-24,27.382,24.13,32.014,79.285,57.198,96.631,22.82,21.452,23.69,3.953,2.276,5.216,993.327,990.112,996.353,4.03,3.347,4.731,267.238,0.0,918.351,209.574,0.0,670.227,101.739,0.0,316.344,24,138.973
TAM,Tamaulipas urbano,Reynosa,032,alta,2022-05-25,27.456,23.423,32.678,77.625,56.197,94.246,22.564,22.129,23.378,2.608,1.901,3.799,995.494,992.222,999.944,4.011,3.7,4.153,258.459,0.0,899.837,190.86,0.0,611.161,114.088,0.0,359.662,24,82.465
TAM,Tamaulipas urbano,Reynosa,032,alta,2022-05-26,28.296,23.697,33.798,75.337,51.588,96.979,22.877,21.819,23.785,2.371,1.038,3.787,1000.298,998.221,1002.011,3.772,3.403,4.157,303.247,0.0,964.916,279.126,0.0,726.253,94.079,0.0,245.694,24,114.575
TAM,Tamaulipas urbano,Reynosa,032,alta,2022-05-27,29.114,24.517,35.082,71.04,44.53,95.31,22.37,20.17,23.988,2.747,1.651,3.658,1000.557,998.549,1002.038,3.267,2.89,3.655,321.318,0.0,988.258,314.558,0.0,781.552,87.375,0.0,211.145,24,134.562
TAM,Tamaulipas urbano,Reynosa,032,alta,2022-05-28,29.031,24.088,35.338,69.758,42.39,94.916,21.873,19.904,23.394,3.589,1.882,5.126,997.814,994.647,1000.423,2.933,2.549,3.232,332.236,0.0,998.238,352.743,0.0,820.343,74.026,0.0,188.019,24,148.616
TAM,Tamaulipas urbano,Reynosa,032,alta,2022-05-29,29.256,24.419,35.646,67.859,41.378,91.459,21.539,19.337,23.47,5.184,3.563,6.721,993.367,989.918,996.831,2.709,2.49,3.068,333.834,0.0,1019.457,361.15,0.0,868.4,67.276,0.0,155.332,24,153.771
TAM,Tamaulipas urbano,Reynosa,032,alta,2022-05-30,29.581,25.083,35.539,69.098,46.461,87.455,22.576,21.551,24.027,5.25,4.282,6.155,992.563,990.821,995.132,3.564,3.107,3.965,324.015,0.0,983.667,328.091,0.0,792.869,80.215,0.0,201.32,24,143.332
TAM,Tamaulipas urbano,Reynosa,032,alta,2022-05-31,29.385,25.594,34.454,71.091,48.759,91.115,22.999,21.74,24.177,4.102,2.721,5.47,995.3,993.706,997.941,3.798,3.684,4.007,324.867,0.0,973.469,343.7,0.0,828.724,73.847,0.0,197.594,24,133.347
TAM,Tamaulipas urbano,Reynosa,032,alta,2022-06-01,29.173,25.382,34.162,71.582,49.921,91.983,22.875,21.657,24.083,3.549,1.827,5.218,996.893,995.298,998.494,4.093,3.93,4.222,306.297,0.0,959.681,298.207,0.0,771.829,85.471,0.0,216.219,24,125.744
TAM,Tamaulipas urbano,Reynosa,032,alta,2022-06-02,29.258,24.721,35.193,66.386,41.22,90.661,21.473,19.493,23.419,2.998,1.595,4.627,997.576,995.328,998.981,3.665,3.421,3.943,316.863,0.0,970.588,335.462,0.0,814.293,70.508,0.0,181.908,24,116.464
TAM,Tamaulipas urbano,Reynosa,032,alta,2022-06-03,29.091,23.353,35.696,61.186,32.973,91.575,19.403,16.337,22.217,2.421,0.905,4.407,997.359,994.97,998.739,3.557,3.258,3.813,325.261,0.0,1006.644,350.302,0.0,881.15,63.591,0.0,164.394,24,130.781
TAM,Tamaulipas urbano,Reynosa,032,alta,2022-06-04,29.417,22.956,36.532,58.825,31.336,89.747,18.968,16.375,21.161,2.345,0.951,3.829,996.093,993.117,998.288,3.464,3.165,3.737,335.237,0.0,1002.475,379.986,0.0,856.278,60.957,0.0,147.709,24,148.241
TAM,Tamaulipas urbano,Reynosa,032,alta,2022-06-05,30.352,23.694,38.576,57.56,27.394,87.927,19.048,15.547,21.528,3.942,2.488,5.599,993.294,990.869,995.361,3.01,2.842,3.355,336.742,0.0,1024.59,377.231,0.0,893.857,62.308,0.0,150.42,24,153.002
TAM,Tamaulipas urbano,Reynosa,032,alta,2022-06-06,30.94,24.762,38.932,58.068,28.754,84.483,19.644,15.983,22.583,4.933,4.092,5.772,992.625,990.718,994.272,2.882,2.543,3.054,327.337,0.0,987.174,328.873,0.0,794.5,83.487,0.0,215.463,24,154.343
TAM,Tamaulipas urbano,Reynosa,032,alta,2022-06-07,30.605,24.801,38.107,60.835,29.623,89.548,20.048,15.427,23.23,4.583,3.785,5.694,994.798,993.246,997.494,2.765,2.609,3.018,337.278,0.0,1016.207,362.87,0.0,858.033,69.264,0.0,159.116,24,145.957
TAM,Tamaulipas urbano,Reynosa,032,alta,2022-06-08,30.748,25.652,37.367,64.356,37.2,88.704,22.011,19.474,24.255,4.107,2.616,5.506,996.854,994.508,999.393,3.44,3.105,3.849,331.026,0.0,996.652,351.903,0.0,827.722,71.195,0.0,171.966,24,141.213
TAM,Tamaulipas urbano,Reynosa,032,alta,2022-06-09,30.023,26.157,34.921,70.465,48.2,92.865,23.3,21.781,24.982,3.406,1.911,4.697,999.195,997.494,1000.768,4.286,3.939,4.527,293.753,0.0,903.943,282.431,0.0,748.087,87.522,0.0,256.152,24,129.76
TAM,Tamaulipas urbano,Reynosa,032,alta,2022-06-10,30.755,25.496,37.433,65.083,38.275,90.448,22.258,20.16,23.976,3.643,2.07,5.08,998.182,995.287,1000.274,4.125,3.943,4.264,332.075,0.0,1001.616,363.273,0.0,862.712,64.537,0.0,144.611,24,148.089
TAM,Tamaulipas urbano,Reynosa,032,alta,2022-06-11,30.926,25.868,37.44,64.608,37.653,91.565,22.223,19.736,24.356,4.017,2.718,5.215,996.918,994.354,998.592,3.56,3.087,4.1,332.29,0.0,1001.164,351.488,0.0,839.152,71.684,0.0,163.555,24,150.851
TAM,Tamaulipas urbano,Reynosa,032,alta,2022-06-12,29.997,25.6,35.871,66.218,38.137,90.52,21.637,18.034,23.899,4.416,2.87,5.945,997.168,995.239,999.015,3.408,3.195,3.532,324.345,0.0,991.924,315.087,0.0,800.297,88.498,0.0,216.806,24,154.981
TAM,Tamaulipas urbano,Reynosa,032,alta,2022-06-13,29.125,25.527,33.671,69.899,48.208,88.806,22.24,20.104,23.932,4.889,3.376,6.067,998.943,997.062,1000.414,3.757,3.509,4.023,240.522,0.0,719.517,157.222,0.0,474.024,124.133,0.0,385.225,24,152.162
TAM,Tamaulipas urbano,Reynosa,032,alta,2022-06-14,28.808,25.304,33.415,71.076,50.27,88.757,22.295,20.638,23.808,4.621,3.501,5.417,999.21,997.152,1000.468,4.469,3.847,5.1,192.706,0.0,589.223,98.793,0.0,252.87,120.805,0.0,375.652,24,145.482
TAM,Tamaulipas urbano,Reynosa,032,alta,2022-06-15,29.314,25.469,34.792,69.276,43.543,90.336,22.189,19.509,23.968,4.575,3.206,5.903,1000.062,998.276,1002.856,4.272,3.508,5.117,256.345,0.0,815.318,160.504,0.0,518.94,129.969,0.0,355.942,24,138.897
TAM,Tamaulipas urbano,Reynosa,032,alta,2022-06-16,29.508,24.471,35.846,63.971,34.972,92.019,20.497,17.116,23.551,3.888,2.444,5.48,1002.308,1000.404,1003.898,3.526,3.164,3.831,314.154,0.0,949.966,273.588,0.0,686.864,105.135,0.0,263.843,24,132.97
TAM,Tamaulipas urbano,Reynosa,032,alta,2022-06-17,28.953,23.82,34.584,66.277,40.541,93.539,20.823,18.213,22.927,2.767,0.901,4.475,1001.506,999.538,1003.753,3.843,3.456,4.277,318.6,0.0,954.463,319.382,0.0,763.815,84.22,0.0,225.526,24,132.25
TAM,Tamaulipas urbano,Reynosa,032,alta,2022-06-18,28.502,24.717,32.882,70.55,49.939,91.577,21.979,20.594,23.274,2.674,1.008,4.31,1000.574,998.983,1001.869,4.689,4.386,4.914,286.765,0.0,909.745,278.931,0.0,682.713,85.697,0.0,233.129,24,128.396
TAM,Tamaulipas urbano,Reynosa,032,alta,2022-06-19,29.359,24.365,35.401,66.642,40.767,92.618,21.482,19.474,23.232,3.036,1.119,5.289,1001.066,999.208,1002.308,4.349,3.93,4.632,304.784,0.0,927.591,308.163,0.0,729.075,79.906,0.0,213.965,24,126.676
TAM,Tamaulipas urbano,Reynosa,032,alta,2022-06-20,29.825,24.693,35.785,66.18,41.669,91.322,21.874,20.182,23.45,3.181,1.402,5.104,1001.82,1000.069,1003.376,4.055,3.857,4.306,295.765,0.0,904.879,279.006,0.0,695.896,92.45,0.0,269.944,24,127.048
TAM,Tamaulipas urbano,Reynosa,032,alta,2022-06-21,29.479,25.443,34.605,70.599,46.936,91.736,22.813,20.946,24.154,3.199,1.137,5.197,1003.111,1001.576,1004.571,4.754,4.18,5.348,263.141,0.0,824.456,223.444,0.0,624.259,98.495,0.0,292.731,24,108.067
TAM,Tamaulipas urbano,Reynosa,032,alta,2022-06-22,29.084,25.613,33.667,67.666,46.38,87.693,21.45,18.751,23.972,3.298,2.093,4.651,1003.403,1001.657,1005.043,4.378,3.624,5.213,252.983,0.0,803.555,181.548,0.0,437.491,118.378,0.0,366.734,24,125.015
TAM,Tamaulipas urbano,Reynosa,032,alta,2022-06-23,29.414,23.983,35.613,61.608,36.297,87.943,19.908,17.442,21.975,2.597,0.99,4.061,1001.022,998.099,1003.279,3.581,3.463,3.765,329.27,0.0,988.847,352.207,0.0,824.582,71.115,0.0,168.279,24,141.958
TAM,Tamaulipas urbano,Reynosa,032,alta,2022-06-24,29.814,24.15,36.559,61.791,35.518,87.829,20.286,17.828,22.354,3.665,2.038,5.407,999.234,996.861,1000.633,3.36,3.13,3.603,338.75,0.0,1011.722,384.848,0.0,877.43,59.253,0.0,137.321,24,152.939
TAM,Tamaulipas urbano,Reynosa,032,alta,2022-06-25,30.026,24.832,36.393,62.444,36.217,87.151,20.872,18.18,22.928,3.824,2.411,5.371,999.848,997.763,1002.439,3.41,3.077,3.878,338.206,0.0,1012.515,384.395,0.0,883.702,58.604,0.0,132.492,24,141.38
TAM,Tamaulipas urbano,Reynosa,032,alta,2022-06-26,29.529,25.247,34.477,66.298,44.393,88.218,21.755,20.023,23.316,2.8,1.394,4.499,1002.265,1000.939,1004.46,4.081,3.837,4.341,313.556,0.0,906.568,340.48,0.0,789.825,73.32,0.0,220.944,24,127.139
TAM,Tamaulipas urbano,Reynosa,032,alta,2022-06-27,29.834,25.044,35.634,65.423,39.887,91.249,21.459,18.987,23.628,2.228,0.877,4.265,1003.129,1000.809,1004.614,4.265,4.145,4.448,307.04,0.0,951.402,331.686,0.0,850.28,68.825,0.0,199.408,24,126.657
TAM,Tamaulipas urbano,Reynosa,032,alta,2022-06-28,29.765,24.818,35.774,63.823,38.732,88.7,21.186,18.941,22.847,2.452,0.947,4.73,1003.275,1000.983,1004.779,4.635,4.337,4.878,307.149,0.0,932.006,295.154,0.0,798.975,83.778,0.0,230.344,24,57.059
TAM,Tamaulipas urbano,Reynosa,032,alta,2022-06-29,29.49,25.199,34.655,65.475,41.95,88.236,21.485,19.253,23.174,2.433,0.754,3.885,1003.313,1001.396,1004.917,4.955,4.869,5.125,277.224,0.0,821.15,234.565,0.0,692.09,106.854,0.0,327.731,24,55.857
TAM,Tamaulipas urbano,Reynosa,032,alta,2022-06-30,30.212,25.234,35.971,63.744,39.998,88.093,21.558,19.643,23.126,2.25,1.15,3.459,1001.112,998.306,1003.428,4.995,4.907,5.125,315.437,0.0,969.925,333.514,0.0,824.701,68.53,0.0,185.396,24,138.822
TAM,Tamaulipas urbano,Reynosa,032,alta,2022-07-01,30.783,25.982,36.989,61.733,36.959,83.762,21.489,19.245,23.301,3.709,2.562,4.768,999.006,996.383,1000.763,4.631,4.386,4.963,312.603,0.0,976.253,332.311,0.0,824.504,68.801,0.0,178.681,24,152.959
TAM,Tamaulipas urbano,Reynosa,032,alta,2022-07-02,30.834,26.45,36.634,65.733,41.237,87.195,22.69,20.572,24.397,4.426,3.007,5.78,998.353,996.145,1000.337,4.638,4.446,4.828,295.84,0.0,882.884,279.197,0.0,672.469,87.576,0.0,228.796,24,149.412
TAM,Tamaulipas urbano,Reynosa,032,alta,2022-07-03,30.658,26.621,36.399,64.998,40.335,87.794,22.362,19.923,24.597,4.239,2.785,5.524,1000.423,998.703,1002.81,3.952,3.568,4.389,318.951,0.0,983.56,333.282,0.0,836.779,71.166,0.0,205.308,24,143.55
TAM,Tamaulipas urbano,Reynosa,032,alta,2022-07-04,30.632,26.071,36.458,65.562,41.376,88.355,22.497,20.465,24.233,4.36,2.707,5.577,1001.616,999.361,1003.035,3.962,3.703,4.141,322.118,0.0,960.674,357.552,0.0,818.198,66.468,0.0,175.009,24,146.376
TAM,Tamaulipas urbano,Reynosa,032,alta,2022-07-05,30.724,26.135,36.951,64.356,37.565,89.126,22.062,19.351,24.286,4.137,2.82,5.405,1000.521,997.884,1002.595,3.858,3.77,4.013,332.588,0.0,999.958,366.681,0.0,853.044,64.424,0.0,148.442,24,145.109
TAM,Tamaulipas urbano,Reynosa,032,alta,2022-07-06,30.08,25.567,35.596,65.427,42.221,86.868,21.912,19.911,23.67,3.734,2.11,5.205,999.841,998.055,1000.999,4.032,3.814,4.288,329.518,0.0,998.942,364.115,0.0,863.345,62.344,0.0,141.414,24,149.07
TAM,Tamaulipas urbano,Reynosa,032,alta,2022-07-07,30.521,25.617,36.326,65.069,40.219,90.021,22.119,19.942,24.001,3.734,2.01,5.101,999.999,998.188,1001.206,4.366,4.264,4.459,316.377,0.0,974.246,332.046,0.0,816.145,72.349,0.0,193.907,24,147.007
TAM,Tamaulipas urbano,Reynosa,032,alta,2022-07-08,31.151,26.108,37.49,62.931,37.666,88.495,22.045,19.751,24.071,3.61,2.221,4.87,1001.813,1000.345,1003.768,4.226,3.946,4.428,328.974,0.0,988.905,371.643,0.0,832.277,60.983,0.0,158.664,24,144.877
TAM,Tamaulipas urbano,Reynosa,032,alta,2022-07-09,31.129,25.854,37.508,60.85,35.017,87.227,21.246,18.497,23.585,3.047,1.708,4.354,1002.696,1000.602,1003.985,4.036,3.886,4.252,336.684,0.0,1008.863,395.757,0.0,890.543,52.397,0.0,123.123,24,145.23
TAM,Tamaulipas urbano,Reynosa,032,alta,2022-07-10,31.871,26.022,38.844,59.14,32.013,88.709,21.346,18.339,23.982,3.005,1.665,4.448,1000.556,997.443,1003.225,4.15,3.896,4.28,334.669,0.0,1005.011,391.629,0.0,890.157,52.646,0.0,124.538,24,148.002
TAM,Tamaulipas urbano,Reynosa,032,alta,2022-07-11,31.971,25.839,38.994,56.365,30.09,83.115,20.535,17.445,22.86,3.536,1.995,4.852,997.158,994.544,999.725,3.838,3.643,4.031,333.089,0.0,1003.449,381.719,0.0,879.083,57.806,0.0,147.887,24,149.561
TAM,Tamaulipas urbano,Reynosa,032,alta,2022-07-12,31.614,26.526,37.848,62.044,38.24,84.744,22.266,20.221,23.953,3.692,2.279,4.974,997.079,995.506,999.095,4.424,4.134,4.868,309.681,0.0,970.871,300.551,0.0,802.494,84.776,0.0,218.862,24,142.02
TAM,Tamaulipas urbano,Reynosa,032,alta,2022-07-13,31.065,26.742,36.789,66.647,41.942,90.682,22.953,20.681,25.057,3.391,1.769,5.38,999.685,998.395,1001.79,4.487,4.179,4.904,307.659,0.0,958.313,308.612,0.0,828.476,77.108,0.0,209.034,24,133.462
TAM,Tamaulipas urbano,Reynosa,032,alta,2022-07-14,29.565,25.937,33.7,67.38,47.025,88.347,22.047,19.699,24.05,3.326,1.612,4.777,1001.864,1000.447,1003.266,4.695,4.497,4.892,257.908,0.0,817.244,210.051,0.0,560.006,104.197,0.0,339.556,24,140.49
TAM,Tamaulipas urbano,Reynosa,032,alta,2022-07-15,29.066,25.368,33.536,66.358,45.273,86.199,21.295,19.0,23.107,2.939,1.718,4.504,1002.458,1001.11,1003.832,4.758,4.466,4.962,264.167,0.0,806.687,209.347,0.0,543.13,110.505,0.0,336.645,24,136.92
TAM,Tamaulipas urbano,Reynosa,032,alta,2022-07-16,29.529,24.897,35.209,66.666,41.642,91.602,21.4,19.0,23.469,3.755,2.061,5.633,1001.345,999.371,1003.161,3.935,3.346,4.44,296.687,0.0,933.954,245.849,0.0,671.333,109.616,0.0,265.014,24,155.684
TAM,Tamaulipas urbano,Reynosa,032,alta,2022-07-17,30.031,24.003,36.795,62.134,34.038,91.887,20.318,17.043,22.975,3.583,1.73,5.171,1000.062,998.017,1001.438,3.546,3.211,3.923,317.973,0.0,980.153,297.766,0.0,781.546,91.223,0.0,234.225,24,152.358
TAM,Tamaulipas urbano,Reynosa,032,alta,2022-07-18,30.104,24.767,35.93,64.142,39.161,90.237,21.292,18.769,23.162,3.421,1.754,4.805,1000.448,998.955,1001.552,3.94,3.794,4.074,327.489,0.0,1005.005,362.076,0.0,882.821,62.339,0.0,145.394,24,149.059
TAM,Tamaulipas urbano,Reynosa,032,alta,2022-07-19,30.945,25.392,37.592,63.499,36.643,90.632,21.763,19.267,23.718,4.307,2.495,6.017,999.873,997.505,1001.727,3.905,3.805,4.027,322.452,0.0,996.821,343.684,0.0,857.547,67.882,0.0,163.432,24,155.382
TAM,Tamaulipas urbano,Reynosa,032,alta,2022-07-20,31.657,26.135,38.612,63.375,37.38,87.707,22.475,20.179,24.028,4.829,3.287,6.344,997.783,995.416,1000.117,4.22,4.042,4.452,318.865,0.0,979.542,331.883,0.0,834.911,72.696,0.0,179.114,24,152.751
TAM,Tamaulipas urbano,Reynosa,032,alta,2022-07-21,31.042,26.077,37.494,61.904,34.672,86.561,21.399,18.045,23.967,4.634,3.012,6.305,998.022,996.548,999.799,3.607,3.314,3.979,325.93,0.0,997.628,342.468,0.0,836.571,72.421,0.0,166.782,24,148.763
TAM,Tamaulipas urbano,Reynosa,032,alta,2022-07-22,30.612,26.331,36.178,65.384,41.553,87.142,22.469,20.264,24.147,4.015,2.366,5.403,1000.004,998.779,1001.599,3.933,3.648,4.146,322.084,0.0,980.739,351.769,0.0,837.674,66.709,0.0,168.438,24,139.357
TAM,Tamaulipas urbano,Reynosa,032,alta,2022-07-23,29.958,26.187,34.62,67.856,45.454,89.21,22.614,20.423,24.313,4.025,2.166,5.585,1001.029,999.54,1002.316,4.195,3.932,4.418,290.719,0.0,847.094,297.476,0.0,738.358,80.089,0.0,243.924,24,144.271
TAM,Tamaulipas urbano,Reynosa,032,alta,2022-07-24,29.948,25.951,34.928,67.34,44.718,89.824,22.381,20.195,24.354,4.33,2.717,5.966,1001.442,999.58,1002.603,4.14,3.888,4.311,315.754,0.0,954.679,349.769,0.0,812.77,63.372,0.0,184.897,24,147.836
TAM,Tamaulipas urbano,Reynosa,032,alta,2022-07-25,29.991,25.158,35.608,66.065,40.299,91.563,21.895,19.449,23.838,3.939,2.189,5.764,1000.961,999.094,1002.244,4.544,4.152,4.889,298.53,0.0,924.576,298.006,0.0,750.936,77.686,0.0,218.313,24,147.797
TAM,Tamaulipas urbano,Reynosa,032,alta,2022-07-26,30.466,25.618,36.509,65.371,38.789,91.185,22.091,19.41,24.119,3.807,1.947,5.555,1000.654,998.799,1002.235,4.476,4.22,4.658,309.041,0.0,928.794,326.869,0.0,791.388,74.048,0.0,212.534,24,147.909
TAM,Tamaulipas urbano,Reynosa,032,alta,2022-07-27,29.043,26.149,32.625,71.651,53.434,88.852,22.857,21.36,24.155,3.277,1.876,4.709,1000.494,999.243,1001.752,4.874,4.623,5.339,230.74,0.0,680.456,197.026,0.0,463.091,97.816,0.0,299.353,24,148.815
TAM,Tamaulipas urbano,Reynosa,032,alta,2022-07-28,29.531,25.152,34.929,68.121,42.086,92.629,21.952,19.33,24.116,3.738,2.101,5.439,1000.291,998.699,1001.633,4.647,4.541,4.723,294.446,0.0,889.097,300.843,0.0,767.294,78.952,0.0,231.714,24,146.052
TAM,Tamaulipas urbano,Reynosa,032,alta,2022-07-29,29.427,25.458,34.405,69.569,44.034,91.517,22.32,19.644,24.079,3.86,2.115,5.705,1001.223,999.654,1002.907,4.68,4.416,4.783,273.913,0.0,899.412,252.295,0.0,734.174,83.917,0.0,254.93,24,143.14
TAM,Tamaulipas urbano,Reynosa,032,alta,2022-07-30,29.634,25.161,35.259,66.102,38.271,91.724,21.413,18.146,24.281,3.442,2.014,5.206,1003.161,1001.386,1004.802,3.924,3.731,4.369,308.171,0.0,945.658,313.171,0.0,799.36,80.477,0.0,234.819,24,133.288
TAM,Tamaulipas urbano,Reynosa,032,alta,2022-07-31,29.251,25.646,33.641,68.572,47.107,90.195,22.03,19.821,23.949,2.498,0.922,4.174,1003.488,1001.694,1004.759,4.366,3.987,4.604,277.923,0.0,890.267,290.834,0.0,754.809,75.657,0.0,221.389,24,124.223
TAM,Tamaulipas urbano,Reynosa,032,alta,2022-08-01,29.206,24.946,34.105,68.174,46.231,90.032,21.873,19.96,23.325,3.565,1.617,5.224,1002.922,1000.798,1004.481,4.618,4.511,4.744,286.338,0.0,876.61,297.722,0.0,769.788,77.896,0.0,246.564,24,148.551
TAM,Tamaulipas urbano,Reynosa,032,alta,2022-08-02,30.216,25.209,36.443,65.791,38.734,90.642,21.798,19.096,23.958,4.293,2.473,5.604,1001.31,998.341,1003.383,4.395,4.293,4.5,297.32,0.0,928.432,303.866,0.0,778.724,74.008,0.0,191.721,24,153.029
TAM,Tamaulipas urbano,Reynosa,032,alta,2022-08-03,30.415,25.892,35.983,66.601,42.497,89.072,22.366,20.173,24.25,5.109,3.603,6.466,998.752,995.975,1000.962,3.762,3.328,4.327,321.806,0.0,988.192,355.791,0.0,852.427,63.736,0.0,160.718,24,158.588
TAM,Tamaulipas urbano,Reynosa,032,alta,2022-08-04,30.278,25.647,36.421,66.012,38.982,89.375,22.017,19.117,24.09,4.968,3.719,6.379,998.903,997.137,1000.75,3.417,3.254,3.514,318.867,0.0,986.115,328.998,0.0,814.753,75.887,0.0,191.543,24,149.455
TAM,Tamaulipas urbano,Reynosa,032,alta,2022-08-05,29.559,25.631,34.435,67.93,42.855,91.734,21.879,18.819,24.437,3.614,2.404,4.863,1000.239,999.087,1001.535,3.796,3.372,4.174,309.973,0.0,973.078,309.45,0.0,795.334,79.518,0.0,191.586,24,142.511
TAM,Tamaulipas urbano,Reynosa,032,alta,2022-08-06,29.387,25.351,34.222,69.79,46.675,92.538,22.523,20.522,24.1,3.527,1.721,5.122,1001.244,1000.137,1002.915,4.377,4.202,4.606,293.588,0.0,905.674,285.878,0.0,715.787,84.919,0.0,236.343,24,138.692
TAM,Tamaulipas urbano,Reynosa,032,alta,2022-08-07,29.374,25.781,33.952,69.255,47.084,88.982,22.501,20.619,23.947,3.303,1.931,5.011,1002.642,1001.13,1004.197,4.502,4.39,4.578,301.768,0.0,927.939,324.924,0.0,790.365,71.022,0.0,203.128,24,138.332
TAM,Tamaulipas urbano,Reynosa,032,alta,2022-08-08,29.129,25.554,33.416,69.885,48.345,90.239,22.345,20.248,24.021,2.554,1.222,3.969,1002.092,1000.512,1003.373,4.706,4.509,4.887,266.022,0.0,892.034,274.108,0.0,738.86,74.391,0.0,212.234,24,134.39
TAM,Tamaulipas urbano,Reynosa,032,alta,2022-08-09,29.24,25.157,34.007,68.024,44.677,90.536,21.868,19.67,23.682,2.791,1.41,4.429,1001.779,999.958,1003.4,4.878,4.705,5.013,287.389,0.0,862.034,296.329,0.0,727.388,81.054,0.0,274.219,24,143.133
TAM,Tamaulipas urbano,Reynosa,032,alta,2022-08-10,30.24,25.204,36.292,64.178,37.352,89.65,21.42,18.57,23.647,2.722,1.529,4.19,1002.37,1000.558,1003.704,4.468,4.284,4.701,305.897,0.0,928.602,349.868,0.0,807.607,60.749,0.0,171.338,24,143.47
TAM,Tamaulipas urbano,Reynosa,032,alta,2022-08-11,30.431,25.639,36.725,63.589,36.528,87.284,21.632,18.824,23.624,2.779,1.482,4.653,1001.132,998.647,1003.422,4.827,4.595,5.204,305.797,0.0,972.611,331.425,0.0,873.751,65.222,0.0,211.85,24,134.454
TAM,Tamaulipas urbano,Reynosa,032,alta,2022-08-12,30.256,26.016,35.761,64.975,40.382,86.785,22.011,19.586,23.771,2.228,0.893,3.926,1000.156,997.96,1001.595,5.157,4.955,5.45,266.442,0.0,897.657,244.428,0.0,762.621,81.717,0.0,240.95,24,127.813
TAM,Tamaulipas urbano,Reynosa,032,alta,2022-08-13,29.048,26.123,32.849,71.675,51.904,88.171,22.96,21.455,23.979,1.859,0.7,3.115,1000.06,998.588,1001.632,5.805,5.474,6.05,241.595,0.0,800.381,194.844,0.0,659.979,100.742,0.0,298.068,24,118.945
TAM,Tamaulipas urbano,Reynosa,032,alta,2022-08-14,27.637,25.743,30.257,81.651,67.356,92.587,23.946,23.167,24.945,2.576,1.504,3.19,998.114,996.321,999.986,6.078,5.825,6.217,175.194,0.0,678.46,85.861,0.0,340.429,106.083,0.0,343.071,24,168.698
TAM,Tamaulipas urbano,Reynosa,032,alta,2022-08-15,28.198,25.633,31.969,81.779,61.01,95.282,24.474,23.32,25.352,3.666,2.638,5.042,997.114,995.479,998.301,5.463,4.904,5.763,240.684,0.0,821.858,187.146,0.0,607.459,97.886,0.0,309.533,24,139.32
TAM,Tamaulipas urbano,Reynosa,032,alta,2022-08-16,28.911,25.927,33.069,77.377,56.125,94.523,24.16,22.905,25.354,3.438,2.531,4.621,998.114,996.683,1000.015,4.734,4.425,4.901,260.656,0.0,850.764,227.43,0.0,674.252,95.02,0.0,283.628,24,131.95
TAM,Tamaulipas urbano,Reynosa,032,alta,2022-08-17,29.29,25.227,34.299,75.161,51.244,95.442,23.841,22.411,24.93,2.972,1.659,4.374,999.679,998.147,1001.148,4.457,4.33,4.68,294.895,0.0,901.254,329.257,0.0,771.618,65.794,0.0,194.928,24,136.204
TAM,Tamaulipas urbano,Reynosa,032,alta,2022-08-18,29.332,25.482,34.46,73.593,48.891,93.828,23.491,21.748,24.94,2.981,1.521,4.473,998.971,996.767,1000.534,4.344,4.183,4.588,307.178,0.0,972.481,346.322,0.0,846.705,62.149,0.0,166.08,24,150.834
TAM,Tamaulipas urbano,Reynosa,032,alta,2022-08-19,29.589,25.105,35.437,68.32,41.045,92.803,22.192,19.749,24.425,3.509,2.03,5.001,998.231,996.253,999.655,4.08,3.955,4.308,313.434,0.0,990.799,361.966,0.0,891.88,54.494,0.0,128.152,24,146.97
TAM,Tamaulipas urbano,Reynosa,032,alta,2022-08-20,28.982,25.51,33.363,74.573,54.259,91.833,23.528,22.404,24.729,3.438,1.916,4.761,999.586,998.064,1001.106,5.07,4.36,5.623,241.029,0.0,759.608,211.302,0.0,610.371,96.171,0.0,286.765,24,146.479
TAM,Tamaulipas urbano,Reynosa,032,alta,2022-08-21,29.504,25.87,34.133,74.152,51.991,93.635,23.871,22.394,24.806,3.649,2.478,4.634,999.879,997.986,1001.217,5.431,4.981,5.651,250.497,0.0,846.502,200.683,0.0,639.817,99.137,0.0,296.896,24,147.378
TAM,Tamaulipas urbano,Reynosa,032,alta,2022-08-22,30.127,26.016,36.027,70.418,42.962,93.157,23.259,20.887,24.963,3.701,2.709,4.592,998.152,995.364,1000.359,4.52,4.348,4.978,308.55,0.0,981.891,361.585,0.0,880.388,52.987,0.0,143.792,24,147.371
TAM,Tamaulipas urbano,Reynosa,032,alta,2022-08-23,30.076,25.27,36.145,68.273,41.772,91.719,22.591,20.489,24.595,2.847,1.855,3.825,996.73,994.42,998.461,4.459,4.262,4.655,277.276,0.0,869.848,277.213,0.0,743.677,77.503,0.0,204.429,24,144.538
TAM,Tamaulipas urbano,Reynosa,032,alta,2022-08-24,30.053,25.757,35.427,68.254,41.852,91.175,22.68,20.041,24.484,2.563,1.314,4.008,997.758,995.944,999.22,4.696,4.389,4.953,296.201,0.0,962.951,326.764,0.0,842.815,62.252,0.0,166.667,24,142.705
TAM,Tamaulipas urbano,Reynosa,032,alta,2022-08-25,29.462,26.082,33.858,72.055,48.191,92.268,23.241,20.906,24.758,2.08,1.075,3.564,1000.116,998.65,1002.018,5.137,4.876,5.581,245.58,0.0,807.205,223.953,0.0,669.217,84.782,0.0,284.226,24,122.338
TAM,Tamaulipas urbano,Reynosa,032,alta,2022-08-26,29.529,26.19,34.451,71.489,46.784,91.326,23.167,21.013,24.752,2.114,1.093,3.384,1000.015,997.804,1001.406,5.351,5.154,5.599,238.141,0.0,739.755,223.907,0.0,676.395,78.847,0.0,216.775,24,138.381
TAM,Tamaulipas urbano,Reynosa,032,alta,2022-08-27,29.765,25.124,35.718,69.517,43.201,93.324,22.754,20.905,24.107,2.896,1.489,4.601,997.413,994.212,1000.106,4.976,4.869,5.131,295.0,0.0,936.104,334.718,0.0,862.368,57.622,0.0,159.706,24,143.368
TAM,Tamaulipas urbano,Reynosa,032,alta,2022-08-28,30.081,25.545,35.691,69.944,45.666,92.163,23.239,21.656,24.563,2.895,1.54,4.307,995.311,992.681,997.008,5.024,4.71,5.364,281.582,0.0,898.752,293.734,0.0,821.017,71.978,0.0,211.711,24,143.217
TAM,Tamaulipas urbano,Reynosa,032,alta,2022-08-29,29.792,26.587,34.179,72.708,49.97,91.233,23.846,21.913,25.096,3.305,2.294,4.171,996.96,995.433,998.925,5.521,5.329,5.766,245.416,0.0,758.7,212.617,0.0,571.678,97.379,0.0,292.672,24,138.006
TAM,Tamaulipas urbano,Reynosa,032,alta,2022-08-30,29.488,26.763,33.482,76.415,54.345,93.108,24.493,22.796,25.662,3.062,1.921,4.167,999.141,997.864,1001.144,5.299,4.949,5.613,255.622,0.0,849.332,235.23,0.0,642.368,88.001,0.0,265.707,24,130.842
TAM,Tamaulipas urbano,Reynosa,032,alta,2022-08-31,29.205,25.999,33.562,75.908,51.778,96.027,23.964,21.997,25.747,2.396,1.157,3.842,1000.176,998.137,1001.741,5.012,4.759,5.275,224.845,0.0,804.938,176.096,0.0,546.275,95.157,0.0,297.287,24,107.389
TAM,Tamaulipas urbano,Reynosa,032,alta,2022-09-01,29.133,25.755,33.586,74.811,50.877,94.426,23.66,21.735,25.059,2.077,0.692,3.889,999.135,996.676,1001.102,5.142,4.998,5.355,252.986,0.0,822.408,243.746,0.0,665.6,82.28,0.0,225.482,24,93.884
TAM,Tamaulipas urbano,Reynosa,032,alta,2022-09-02,28.795,26.044,32.361,77.031,56.881,94.074,24.014,22.462,25.153,2.055,0.666,3.588,999.022,997.731,1001.058,5.427,5.321,5.573,242.104,0.0,803.125,220.095,0.0,593.969,90.116,0.0,252.194,24,100.828
TAM,Tamaulipas urbano,Reynosa,032,alta,2022-09-03,27.838,25.874,30.725,83.25,65.302,95.467,24.553,23.255,25.343,2.365,1.2,3.422,1001.366,1000.141,1002.843,5.567,5.374,5.743,169.905,0.0,573.038,74.37,0.0,284.409,116.119,0.0,355.205,24,106.769
TAM,Tamaulipas urbano,Reynosa,032,alta,2022-09-04,26.833,25.06,29.549,85.454,66.553,96.3,23.978,22.479,25.081,2.164,1.162,3.427,1000.955,999.347,1002.525,5.528,5.302,5.753,187.452,0.0,609.722,119.427,0.0,337.187,103.82,0.0,331.786,24,102.363
TAM,Tamaulipas urbano,Reynosa,032,alta,2022-09-05,26.145,24.451,28.64,87.698,72.59,96.422,23.826,23.046,24.423,2.161,1.221,3.346,1000.475,999.464,1001.671,5.538,5.463,5.631,159.087,0.0,624.705,71.84,0.0,289.904,102.897,0.0,350.241,24,99.954
TAM,Tamaulipas urbano,Reynosa,032,alta,2022-09-06,26.291,24.425,28.897,87.49,73.058,96.317,23.933,23.557,24.535,1.591,0.781,2.818,1002.383,1000.668,1004.109,5.673,5.454,5.866,160.409,0.0,594.803,63.822,0.0,261.637,109.304,0.0,362.312,24,88.08
TAM,Tamaulipas urbano,Reynosa,032,alta,2022-09-07,27.314,23.95,31.516,81.399,61.36,96.724,23.509,22.867,24.092,1.507,0.518,2.874,1001.543,999.545,1003.463,5.365,4.692,5.693,258.442,0.0,855.132,255.64,0.0,757.779,71.947,0.0,220.683,24,69.386
TAM,Tamaulipas urbano,Reynosa,032,alta,2022-09-08,28.108,23.65,33.267,74.365,50.582,96.032,22.502,21.1,23.774,1.565,0.733,2.355,996.8,993.574,1000.22,4.214,3.892,4.604,274.093,0.0,897.598,280.694,0.0,744.262,76.063,0.0,205.688,24,49.021
TAM,Tamaulipas urbano,Reynosa,032,alta,2022-09-09,28.376,23.599,33.687,70.712,47.928,92.414,21.942,20.721,23.033,1.974,1.202,2.621,994.118,992.153,995.97,3.956,3.626,4.252,249.361,0.0,845.283,212.752,0.0,642.942,97.897,0.0,305.467,24,153.566
TAM,Tamaulipas urbano,Reynosa,032,alta,2022-09-10,28.495,24.148,33.875,70.822,47.163,91.662,22.057,20.608,23.075,2.261,1.212,3.305,998.295,996.165,1002.064,3.968,3.736,4.152,278.697,0.0,915.931,300.104,0.0,814.749,69.398,0.0,200.179,24,130.719
TAM,Tamaulipas urbano,Reynosa,032,alta,2022-09-11,28.225,24.253,33.546,70.358,45.244,90.622,21.609,19.729,22.952,1.949,0.503,3.94,1003.103,1001.728,1004.854,3.608,3.445,3.763,274.988,0.0,895.21,302.839,0.0,808.002,67.324,0.0,192.899,24,87.164
TAM,Tamaulipas urbano,Reynosa,032,alta,2022-09-12,28.261,23.475,33.757,69.292,44.339,93.03,21.346,19.477,22.772,1.798,0.693,3.198,1001.599,998.619,1004.132,3.763,3.672,3.919,276.251,0.0,890.231,305.616,0.0,798.247,67.04,0.0,187.108,24,77.405
TAM,Tamaulipas urbano,Reynosa,032,alta,2022-09-13,28.298,23.686,33.909,68.749,43.942,91.174,21.273,19.373,22.487,2.071,0.913,3.511,998.959,996.554,1000.443,3.77,3.65,3.872,271.115,0.0,878.979,301.525,0.0,784.158,65.398,0.0,177.576,24,122.584
TAM,Tamaulipas urbano,Reynosa,032,alta,2022-09-14,27.856,24.022,32.81,74.138,52.334,91.222,22.353,21.527,23.603,2.322,0.951,3.892,999.409,997.508,1001.178,4.412,3.729,5.017,223.411,0.0,723.833,211.085,0.0,667.38,83.556,0.0,278.468,24,79.598
TAM,Tamaulipas urbano,Reynosa,032,alta,2022-09-15,27.613,24.274,32.101,78.044,57.376,94.085,23.067,22.262,23.673,2.089,0.877,3.609,1001.013,999.263,1002.437,5.209,5.049,5.401,208.44,0.0,643.792,194.572,0.0,569.168,81.753,0.0,267.705,24,109.838
TAM,Tamaulipas urbano,Reynosa,032,alta,2022-09-16,27.611,24.06,32.161,75.745,55.226,93.654,22.439,21.312,23.37,2.356,1.141,3.452,1001.179,999.375,1002.957,5.135,5.048,5.279,216.601,0.0,705.359,219.618,0.0,564.097,72.361,0.0,241.729,24,138.781
TAM,Tamaulipas urbano,Reynosa,032,alta,2022-09-17,27.989,24.122,33.018,73.553,52.245,89.582,22.329,21.589,23.917,2.4,1.229,3.779,1000.066,997.806,1002.126,5.054,4.987,5.139,214.668,0.0,724.892,198.247,0.0,572.556,83.959,0.0,303.559,24,139.725
TAM,Tamaulipas urbano,Reynosa,032,alta,2022-09-18,28.079,24.733,32.376,78.284,58.004,95.627,23.506,22.454,24.264,2.339,1.007,3.767,999.845,998.394,1001.728,5.338,5.165,5.543,201.866,0.0,673.972,194.009,0.0,557.581,75.202,0.0,290.092,24,130.367
TAM,Tamaulipas urbano,Reynosa,032,alta,2022-09-19,28.325,24.69,32.906,76.882,55.135,96.066,23.389,22.268,24.442,2.158,1.026,3.491,1000.375,998.548,1002.066,5.073,4.872,5.186,215.927,0.0,752.416,207.062,0.0,585.508,75.315,0.0,240.335,24,129.85
TAM,Tamaulipas urbano,Reynosa,032,alta,2022-09-20,28.09,24.729,32.441,76.32,56.411,93.589,23.09,22.13,24.014,2.021,0.61,3.661,1001.067,999.19,1002.775,4.698,3.966,5.003,226.299,0.0,853.729,230.917,0.0,730.277,74.233,0.0,244.801,24,118.775
TAM,Tamaulipas urbano,Reynosa,032,alta,2022-09-21,28.131,24.209,33.261,71.061,48.242,90.374,21.748,20.143,23.151,1.924,0.741,3.306,1000.602,998.547,1002.404,3.47,3.175,3.886,267.205,0.0,876.234,323.086,0.0,845.479,57.049,0.0,190.316,24,100.278
TAM,Tamaulipas urbano,Reynosa,032,alta,2022-09-22,27.899,23.286,33.377,71.672,47.423,92.326,21.525,19.825,23.047,2.059,0.965,3.554,1000.402,997.935,1002.16,3.468,3.173,3.685,222.918,0.0,731.436,232.196,0.0,656.471,67.609,0.0,211.38,24,59.941
TAM,Tamaulipas urbano,Reynosa,032,alta,2022-09-23,28.032,23.229,33.255,71.789,48.021,95.344,21.679,20.159,23.089,2.126,1.063,3.313,1000.863,998.819,1002.471,3.892,3.45,4.289,249.546,0.0,782.191,278.772,0.0,729.941,71.799,0.0,257.653,24,74.876
TAM,Tamaulipas urbano,Reynosa,032,alta,2022-09-24,28.179,24.104,33.217,72.963,50.241,92.442,22.315,21.062,23.313,1.884,0.839,3.12,1000.574,998.255,1002.507,4.416,4.287,4.589,256.772,0.0,861.482,298.202,0.0,771.365,62.003,0.0,197.155,24,146.031
TAM,Tamaulipas urbano,Reynosa,032,alta,2022-09-25,28.065,24.421,32.779,75.235,53.034,93.592,22.797,21.559,23.668,1.979,0.995,3.269,999.282,997.402,1000.538,4.75,4.613,4.885,232.912,0.0,839.927,245.051,0.0,766.791,71.022,0.0,223.065,24,127.853
TAM,Tamaulipas urbano,Reynosa,032,alta,2022-09-26,27.216,24.079,31.627,77.504,54.481,94.927,22.412,20.472,23.725,2.109,0.675,3.951,1000.775,999.441,1002.47,4.515,4.332,4.798,155.262,0.0,572.42,116.245,0.0,402.951,77.395,0.0,252.004,24,56.164
TAM,Tamaulipas urbano,Reynosa,032,alta,2022-09-27,26.448,22.175,31.935,71.128,48.33,92.102,19.82,18.137,22.189,2.59,1.203,3.826,1002.966,1001.38,1005.416,4.159,3.672,4.464,204.832,0.0,803.195,180.261,0.0,683.456,82.005,0.0,249.374,24,18.694
TAM,Tamaulipas urbano,Reynosa,032,alta,2022-09-28,25.603,21.448,31.221,65.918,43.277,84.692,17.945,15.571,19.649,2.916,1.473,4.78,1005.939,1004.532,1007.716,3.165,2.815,3.536,244.387,0.0,840.578,255.362,0.0,710.075,78.108,0.0,240.979,24,36.925
TAM,Tamaulipas urbano,Reynosa,032,alta,2022-09-29,25.052,20.325,30.981,63.287,40.323,83.649,16.702,14.6,17.952,2.234,1.147,3.504,1006.032,1003.405,1008.161,2.778,2.405,2.926,259.957,0.0,871.037,299.14,0.0,807.99,62.451,0.0,178.016,24,40.399
TAM,Tamaulipas urbano,Reynosa,032,alta,2022-09-30,25.119,19.451,31.597,62.791,37.744,86.365,16.427,14.393,18.201,1.686,1.15,2.636,1001.676,998.586,1004.301,2.505,2.402,2.623,272.373,0.0,915.955,341.257,0.0,882.915,51.483,0.0,137.113,24,108.325
TAM,Tamaulipas urbano,Reynosa,032,alta,2022-10-01,24.98,20.088,31.14,64.594,41.203,86.152,16.98,15.449,18.333,2.208,1.308,3.622,1000.777,999.243,1002.954,2.588,2.459,2.661,270.291,0.0,916.125,343.013,0.0,898.322,49.589,0.0,130.522,24,108.489
TAM,Tamaulipas urbano,Reynosa,032,alta,2022-10-02,25.038,20.638,30.667,64.768,44.641,81.728,17.334,16.633,18.282,1.761,0.876,3.019,1003.676,1002.35,1005.501,2.705,2.472,2.958,238.493,0.0,814.45,270.359,0.0,706.265,67.828,0.0,239.599,24,86.45
TAM,Tamaulipas urbano,Reynosa,032,alta,2022-10-03,25.209,21.134,30.216,64.325,42.726,84.387,17.31,15.113,18.667,1.64,0.929,2.566,1004.277,1001.955,1006.296,2.978,2.897,3.08,198.148,0.0,702.292,166.703,0.0,545.452,89.697,0.0,297.918,24,67.933
TAM,Tamaulipas urbano,Reynosa,032,alta,2022-10-04,25.574,21.391,30.973,64.138,42.611,81.446,17.604,16.123,19.145,1.387,0.711,2.552,1002.599,1000.098,1004.331,3.361,3.104,3.627,130.286,0.0,507.54,45.872,0.0,203.921,101.335,0.0,378.366,24,99.492
TAM,Tamaulipas urbano,Reynosa,032,alta,2022-10-05,25.956,22.214,31.109,65.554,43.927,82.543,18.315,16.427,19.389,1.664,0.728,2.961,1002.826,1000.814,1004.35,3.705,3.568,3.842,180.028,0.0,628.301,168.106,0.0,482.558,74.308,0.0,236.426,24,110.805
TAM,Tamaulipas urbano,Reynosa,032,alta,2022-10-06,25.732,20.916,30.94,66.93,43.631,88.802,18.428,16.555,20.111,1.742,0.726,3.083,1004.548,1002.699,1006.517,3.903,3.565,4.356,157.61,0.0,600.581,101.138,0.0,363.28,91.391,0.0,288.691,24,55.654
TAM,Tamaulipas urbano,Reynosa,032,alta,2022-10-07,25.252,22.347,29.442,72.153,51.214,88.205,19.488,17.91,20.683,2.051,0.871,3.492,1006.252,1004.258,1007.83,4.172,4.1,4.278,96.929,0.0,379.7,20.659,0.0,94.564,83.572,0.0,302.404,24,51.69
TAM,Tamaulipas urbano,Reynosa,032,alta,2022-10-08,25.457,21.926,30.428,70.251,49.221,87.264,19.011,17.333,20.055,2.535,1.147,4.271,1007.097,1004.533,1009.133,4.146,3.999,4.334,132.813,0.0,481.157,65.498,0.0,246.682,90.851,0.0,329.99,24,40.737
TAM,Tamaulipas urbano,Reynosa,032,alta,2022-10-09,25.85,21.812,31.014,69.033,46.712,88.746,19.157,17.904,20.33,2.313,1.166,3.98,1006.687,1004.237,1008.74,4.131,4.033,4.28,153.876,0.0,498.988,102.958,0.0,461.929,91.207,0.0,317.686,24,68.412
TAM,Tamaulipas urbano,Reynosa,032,alta,2022-10-10,25.88,21.707,31.25,69.148,46.11,89.314,19.091,17.478,20.162,2.499,1.25,3.99,1004.611,1001.747,1006.787,3.925,3.864,4.001,173.181,0.0,593.525,159.332,0.0,469.18,73.498,0.0,235.143,24,83.827
TAM,Tamaulipas urbano,Reynosa,032,alta,2022-10-11,26.484,21.71,32.185,71.925,49.825,89.693,20.299,19.441,22.79,2.247,1.468,3.306,1002.283,999.461,1004.479,4.258,3.903,4.614,206.252,0.0,735.194,223.181,0.0,646.697,67.962,0.0,207.379,24,111.27
TAM,Tamaulipas urbano,Reynosa,032,alta,2022-10-12,28.157,23.623,33.829,75.362,50.784,97.367,22.693,21.391,23.421,2.007,0.947,2.785,999.606,996.739,1001.667,4.156,3.677,4.575,230.183,0.0,784.327,271.012,0.0,767.04,60.121,0.0,174.377,24,106.539
TAM,Tamaulipas urbano,Reynosa,032,alta,2022-10-13,28.507,23.624,34.779,70.293,42.184,95.773,21.399,18.754,23.571,2.034,1.161,3.075,998.883,996.576,1000.872,3.575,3.387,3.803,241.795,0.0,829.954,314.436,0.0,865.964,48.858,0.0,146.533,24,50.756
TAM,Tamaulipas urbano,Reynosa,032,alta,2022-10-14,27.828,23.378,33.478,71.33,45.653,94.499,21.342,19.11,22.753,2.106,1.03,3.179,999.478,997.297,1001.53,3.764,3.684,3.83,221.602,0.0,791.73,267.775,0.0,795.54,57.116,0.0,194.925,24,110.028
TAM,Tamaulipas urbano,Reynosa,032,alta,2022-10-15,27.746,23.58,33.76,70.832,43.391,93.141,21.08,18.723,22.55,2.869,1.868,3.873,1000.141,998.348,1002.197,3.408,3.125,3.683,247.512,0.0,854.366,338.336,0.0,890.937,42.02,0.0,114.045,24,147.338
TAM,Tamaulipas urbano,Reynosa,032,alta,2022-10-16,27.957,23.635,34.0,70.834,44.592,91.403,21.347,19.503,22.876,2.951,2.09,3.85,998.885,996.397,1000.648,3.44,3.078,3.937,244.565,0.0,855.888,336.167,0.0,905.155,40.399,0.0,106.915,24,149.771
TAM,Tamaulipas urbano,Reynosa,032,alta,2022-10-17,26.819,23.738,31.614,79.786,57.61,94.091,22.686,21.767,23.543,2.563,0.986,4.296,998.869,996.818,1001.236,4.534,3.964,4.949,174.183,0.0,617.856,171.123,0.0,533.627,72.413,0.0,272.157,24,97.593
TAM,Tamaulipas urbano,Reynosa,032,alta,2022-10-18,19.358,14.965,23.405,71.237,54.557,87.689,13.486,9.804,21.208,4.783,3.345,6.784,1005.942,1001.269,1010.667,4.08,3.401,4.631,56.503,0.0,192.968,6.005,0.0,61.143,53.342,0.0,186.025,24,2.114
TAM,Tamaulipas urbano,Reynosa,032,alta,2022-10-19,18.208,14.256,23.883,63.999,37.454,88.064,10.085,7.108,12.295,2.9,1.413,3.82,1010.763,1009.253,1013.04,2.624,2.149,3.294,191.474,0.0,708.553,215.191,0.0,601.629,64.371,0.0,224.105,24,2.814
TAM,Tamaulipas urbano,Reynosa,032,alta,2022-10-20,20.103,13.772,27.529,58.796,35.288,77.425,10.848,8.864,13.621,1.761,1.19,2.271,1005.743,1002.359,1009.665,2.01,1.875,2.124,247.83,0.0,865.096,346.681,0.0,927.554,42.098,0.0,111.626,24,173.606
TAM,Tamaulipas urbano,Reynosa,032,alta,2022-10-21,22.066,15.942,29.216,68.022,42.184,91.179,15.044,13.751,17.311,2.405,1.382,3.328,1002.182,999.906,1004.035,2.04,1.9,2.152,239.098,0.0,786.342,335.329,0.0,892.708,45.204,0.0,151.673,24,168.532
TAM,Tamaulipas urbano,Reynosa,032,alta,2022-10-22,23.993,18.32,30.927,73.123,45.804,95.587,18.064,17.218,20.068,3.57,2.231,4.773,999.28,996.63,1001.196,2.341,2.068,2.651,230.398,0.0,788.481,296.313,0.0,832.181,53.751,0.0,172.086,24,162.989
TAM,Tamaulipas urbano,Reynosa,032,alta,2022-10-23,25.626,21.132,31.267,76.611,54.004,93.638,20.74,20.018,22.201,4.527,3.163,5.741,996.95,994.007,998.988,3.703,2.701,4.707,196.301,0.0,706.487,184.267,0.0,616.548,79.318,0.0,236.643,24,157.659
TAM,Tamaulipas urbano,Reynosa,032,alta,2022-10-24,27.568,23.812,33.718,75.295,50.914,90.217,22.177,21.137,23.309,4.185,3.03,5.236,994.922,991.606,997.03,4.79,4.109,5.309,200.305,0.0,719.927,217.501,0.0,718.523,68.554,0.0,233.242,24,165.683
TAM,Tamaulipas urbano,Reynosa,032,alta,2022-10-25,23.391,18.981,28.276,52.586,24.119,88.386,11.011,4.188,22.293,3.483,1.255,6.281,1001.147,996.052,1004.32,2.865,2.251,4.058,192.765,0.0,701.229,236.819,0.0,661.616,56.221,0.0,207.827,24,11.387
TAM,Tamaulipas urbano,Reynosa,032,alta,2022-10-26,22.629,17.22,29.499,59.191,35.972,77.585,13.43,11.928,16.586,2.02,1.197,3.182,1001.195,998.41,1003.345,2.753,2.405,3.155,206.953,0.0,700.299,254.78,0.0,797.013,60.7,0.0,217.975,24,95.169
TAM,Tamaulipas urbano,Reynosa,032,alta,2022-10-27,24.775,19.428,31.331,75.599,53.026,94.335,19.644,16.8,22.936,2.851,1.523,4.317,998.008,994.719,1000.561,3.781,3.231,3.995,169.918,0.0,598.482,205.736,0.0,601.371,56.018,0.0,179.734,24,151.241
TAM,Tamaulipas urbano,Reynosa,032,alta,2022-10-28,24.935,19.317,30.251,67.555,36.835,98.1,16.624,8.01,22.895,3.494,1.754,5.441,1000.261,997.381,1005.545,3.322,2.196,4.028,191.702,0.0,700.862,223.928,0.0,651.79,62.686,0.0,189.37,24,233.701
TAM,Tamaulipas urbano,Reynosa,032,alta,2022-10-29,20.826,15.57,27.412,56.394,34.244,75.183,11.048,9.943,13.065,2.734,0.956,4.086,1005.173,1002.552,1007.878,2.179,2.132,2.357,224.031,0.0,812.039,311.351,0.0,901.195,45.228,0.0,136.782,24,350.946
TAM,Tamaulipas urbano,Reynosa,032,alta,2022-10-30,21.902,15.854,28.896,62.277,37.446,82.292,13.476,11.545,16.631,1.401,0.639,2.364,1001.876,998.878,1004.086,2.591,2.401,2.946,178.393,0.0,643.086,196.08,0.0,544.417,70.364,0.0,253.421,24,141.163
TAM,Tamaulipas urbano,Reynosa,032,alta,2022-10-31,23.286,18.716,28.973,78.012,54.984,94.78,18.821,16.798,21.48,2.613,1.146,4.384,999.519,997.014,1001.299,3.787,3.012,4.369,102.433,0.0,398.981,82.28,0.0,269.009,51.711,0.0,191.905,24,113.972
TAM,Tamaulipas urbano,Reynosa,032,alta,2022-11-01,24.102,20.937,28.734,82.639,59.304,97.685,20.631,19.484,21.945,2.624,1.829,3.217,1002.263,999.832,1005.622,4.067,3.697,4.402,107.986,0.0,447.962,64.658,0.0,227.905,73.521,0.0,271.563,24,104.44
TAM,Tamaulipas urbano,Reynosa,032,alta,2022-11-02,23.888,19.602,29.972,79.423,55.125,94.032,19.706,18.44,21.398,1.651,0.996,2.268,1005.427,1002.994,1007.787,3.529,3.271,3.707,187.005,0.0,714.59,228.913,0.0,727.504,57.616,0.0,210.048,24,60.019
TAM,Tamaulipas urbano,Reynosa,032,alta,2022-11-03,25.259,21.175,31.244,76.36,46.776,96.421,20.04,17.901,21.814,3.2,1.615,4.899,1002.231,999.267,1005.459,3.256,2.914,3.961,212.647,0.0,760.851,301.727,0.0,879.656,41.817,0.0,124.899,24,159.658
TAM,Tamaulipas urbano,Reynosa,032,alta,2022-11-04,26.747,22.697,33.177,74.775,46.914,93.877,21.006,19.251,22.134,4.217,2.547,5.252,996.775,993.786,999.44,3.893,3.725,4.18,204.671,0.0,766.79,270.077,0.0,848.71,50.674,0.0,160.886,24,173.204
TAM,Tamaulipas urbano,Reynosa,032,alta,2022-11-05,24.233,20.986,29.359,66.401,39.311,87.026,16.214,12.419,20.819,2.373,1.187,3.59,998.058,996.337,1000.282,3.26,2.61,3.923,200.104,0.0,742.661,263.285,0.0,785.798,52.393,0.0,179.101,24,23.241
TAM,Tamaulipas urbano,Reynosa,032,alta,2022-11-06,25.146,19.466,32.321,75.959,48.838,95.704,19.883,17.971,23.36,2.058,0.975,3.296,998.178,996.164,1001.02,3.085,2.894,3.549,204.955,0.0,769.393,295.089,0.0,866.624,41.054,0.0,125.167,25,151.302
TAM,Tamaulipas urbano,Reynosa,032,alta,2022-11-07,26.21,22.985,31.177,79.826,56.238,96.413,22.013,20.764,23.268,2.819,1.647,4.39,1003.138,1001.099,1005.943,3.728,3.514,3.902,172.317,0.0,595.69,214.666,0.0,589.968,57.627,0.0,210.898,24,129.962
TAM,Tamaulipas urbano,Reynosa,032,alta,2022-11-08,25.707,22.123,31.153,76.608,48.378,94.803,20.682,18.597,22.123,1.946,0.843,3.384,1005.434,1003.385,1007.294,3.446,3.07,3.858,204.936,0.0,734.733,315.157,0.0,863.407,37.066,0.0,127.272,24,119.158
TAM,Tamaulipas urbano,Reynosa,032,alta,2022-11-09,25.289,21.971,30.569,75.661,50.514,94.477,20.129,18.679,22.021,2.444,1.564,3.55,1003.471,1001.04,1005.755,3.543,3.262,3.803,185.351,0.0,664.574,245.907,0.0,691.225,54.555,0.0,204.737,24,139.631
TAM,Tamaulipas urbano,Reynosa,032,alta,2022-11-10,25.408,20.704,31.773,74.803,47.668,95.706,19.923,18.766,21.141,2.687,1.618,3.528,997.25,993.512,1001.417,3.406,3.206,3.654,209.186,0.0,758.338,315.51,0.0,881.638,37.638,0.0,106.808,24,154.849
TAM,Tamaulipas urbano,Reynosa,032,alta,2022-11-11,25.857,21.248,32.601,74.222,46.416,95.042,20.101,18.731,21.134,3.357,2.307,4.51,995.091,992.155,1000.329,3.494,3.363,3.826,197.538,0.0,731.615,271.521,0.0,799.795,48.72,0.0,147.196,24,149.528
TAM,Tamaulipas urbano,Reynosa,032,alta,2022-11-12,16.588,13.254,20.645,60.511,38.596,87.219,8.176,5.149,17.21,4.467,2.158,6.26,1006.573,1000.888,1009.427,2.917,2.312,3.767,134.64,0.0,513.898,132.513,0.0,534.673,63.085,0.0,236.246,24,12.891
TAM,Tamaulipas urbano,Reynosa,032,alta,2022-11-13,16.548,10.585,22.906,63.487,39.25,89.466,8.829,5.132,15.047,2.41,1.497,3.311,1006.029,1001.985,1009.484,2.539,2.223,3.148,107.889,0.0,410.174,92.368,0.0,232.751,62.273,0.0,250.307,24,47.624
TAM,Tamaulipas urbano,Reynosa,032,alta,2022-11-14,21.579,16.526,29.514,71.415,43.544,92.093,15.181,14.071,16.036,2.689,1.53,4.252,999.142,995.37,1003.659,2.665,2.236,3.254,192.393,0.0,696.662,274.407,0.0,841.902,47.208,0.0,164.504,24,197.456
TAM,Tamaulipas urbano,Reynosa,032,alta,2022-11-15,16.523,12.919,20.784,65.288,43.607,83.841,9.296,6.864,13.762,3.884,2.448,5.293,1008.649,1004.111,1011.327,2.417,2.345,2.508,123.352,0.0,458.22,105.519,0.0,370.337,72.326,0.0,266.552,24,12.077
TAM,Tamaulipas urbano,Reynosa,032,alta,2022-11-16,13.762,10.381,18.794,70.289,49.785,84.867,8.093,7.545,8.727,3.565,2.752,4.178,1012.396,1010.638,1014.146,2.612,2.491,2.827,51.447,0.0,184.501,9.83,0.0,101.218,47.98,0.0,178.418,24,3.852
TAM,Tamaulipas urbano,Reynosa,032,alta,2022-11-17,13.306,10.15,17.151,73.972,58.246,83.247,8.427,7.084,10.287,3.672,2.852,4.293,1012.439,1010.094,1015.035,2.946,2.83,3.182,56.966,0.0,226.024,8.435,0.0,50.74,53.935,0.0,214.215,24,3.806
TAM,Tamaulipas urbano,Reynosa,032,alta,2022-11-18,16.325,13.004,20.596,81.432,65.883,92.789,12.956,10.397,15.146,3.184,2.694,3.69,1007.55,1004.482,1010.373,3.654,3.238,3.991,59.293,0.0,245.493,27.289,0.0,167.821,47.004,0.0,177.714,24,23.468
TAM,Tamaulipas urbano,Reynosa,032,alta,2022-11-19,13.234,9.153,16.453,83.56,70.558,92.595,10.31,7.025,13.684,5.613,3.525,6.777,1007.849,1005.602,1012.371,3.596,3.199,4.048,72.31,0.0,285.035,46.36,0.0,165.517,48.228,0.0,201.401,24,343.058
TAM,Tamaulipas urbano,Reynosa,032,alta,2022-11-20,10.554,8.244,14.002,81.363,66.681,89.359,7.351,6.514,8.455,4.397,3.499,5.363,1012.367,1010.246,1014.583,3.306,3.203,3.423,34.695,0.0,133.549,2.849,0.0,32.022,33.671,0.0,131.905,24,345.568
TAM,Tamaulipas urbano,Reynosa,032,alta,2022-11-21,11.083,9.116,13.873,86.672,73.972,94.526,8.856,7.908,10.044,4.117,3.662,4.788,1010.997,1009.116,1012.449,3.848,3.456,4.093,47.131,0.0,173.404,15.047,0.0,72.61,40.078,0.0,143.752,24,343.006
TAM,Tamaulipas urbano,Reynosa,032,alta,2022-11-22,13.161,10.142,17.218,88.761,74.417,96.184,11.204,9.39,13.107,3.286,2.202,4.062,1008.729,1006.568,1010.871,3.923,3.78,4.093,83.484,0.0,309.284,70.874,0.0,322.385,51.217,0.0,199.582,24,347.029
TAM,Tamaulipas urbano,Reynosa,032,alta,2022-11-23,17.533,12.271,23.889,87.157,68.273,97.857,15.106,11.488,18.41,1.684,0.904,2.474,1002.972,999.499,1006.738,4.007,3.761,4.31,124.783,0.0,447.059,161.782,0.0,423.181,44.946,0.0,166.277,24,157.299
TAM,Tamaulipas urbano,Reynosa,032,alta,2022-11-24,21.29,16.411,28.277,84.655,59.83,97.926,18.051,15.819,20.075,1.841,0.928,3.104,997.301,994.169,999.499,3.996,3.547,4.372,158.198,0.0,607.201,210.717,0.0,632.235,49.342,0.0,163.557,24,167.777
TAM,Tamaulipas urbano,Reynosa,032,alta,2022-11-25,19.629,16.203,22.95,88.546,73.824,96.721,17.527,15.098,19.049,3.012,1.623,4.087,1000.576,999.073,1002.332,4.461,4.244,4.569,52.471,0.0,211.789,8.559,0.0,46.993,47.759,0.0,190.036,24,350.967
TAM,Tamaulipas urbano,Reynosa,032,alta,2022-11-26,16.685,12.017,23.368,67.147,38.262,93.216,9.704,7.22,14.541,3.504,1.295,5.031,1001.774,999.235,1004.648,2.336,1.503,4.376,144.725,0.0,539.023,196.227,0.0,582.53,49.169,0.0,175.131,24,310.742
TAM,Tamaulipas urbano,Reynosa,032,alta,2022-11-27,18.852,11.739,28.096,70.789,40.96,90.529,12.017,8.747,15.987,1.856,1.008,2.704,999.299,996.666,1000.936,1.671,1.491,1.992,199.234,0.0,744.606,331.552,0.0,945.642,33.363,0.0,114.819,24,186.15
TAM,Tamaulipas urbano,Reynosa,032,alta,2022-11-28,21.048,15.094,27.701,80.848,56.025,98.125,16.912,13.154,20.039,1.735,0.947,2.746,998.923,996.481,1001.73,2.52,1.971,3.121,179.094,0.0,675.528,258.047,0.0,750.673,49.852,0.0,159.214,24,155.475
TAM,Tamaulipas urbano,Reynosa,032,alta,2022-11-29,23.547,19.52,30.911,76.176,41.2,98.019,17.753,14.12,19.836,2.506,1.267,3.778,995.817,993.219,999.118,2.773,2.375,3.169,185.296,0.0,681.647,276.23,0.0,798.969,45.959,0.0,154.2,24,183.984
TAM,Tamaulipas urbano,Reynosa,032,alta,2022-11-30,19.916,15.697,23.5,77.094,56.76,92.067,15.279,11.824,18.156,3.682,0.921,5.482,1004.806,999.281,1009.719,3.231,2.574,3.764,133.801,0.0,549.741,153.588,0.0,549.245,55.838,0.0,203.878,24,39.413
TAM,Tamaulipas urbano,Reynosa,032,alta,2022-12-01,17.4,13.666,22.075,81.566,65.954,97.783,13.979,10.683,17.475,2.514,0.882,3.715,1008.393,1006.082,1011.03,4.05,3.803,4.158,117.627,0.0,449.359,139.325,0.0,469.133,48.724,0.0,171.487,24,20.315
TAM,Tamaulipas urbano,Reynosa,032,alta,2022-12-02,20.04,15.268,26.488,86.258,63.556,98.548,17.349,14.698,19.626,1.55,0.719,2.916,1005.766,1003.137,1007.419,3.674,3.461,3.863,179.001,0.0,659.455,290.023,0.0,828.632,36.087,0.0,117.038,24,135.366
TAM,Tamaulipas urbano,Reynosa,032,alta,2022-12-03,22.299,18.289,27.746,86.691,64.596,98.537,19.681,17.883,20.986,1.78,0.918,2.724,1009.12,1007.393,1010.873,3.693,3.478,3.901,165.059,0.0,605.534,257.761,0.0,753.445,37.354,0.0,129.561,24,114.284
TAM,Tamaulipas urbano,Reynosa,032,alta,2022-12-04,22.487,19.119,27.813,85.267,61.055,98.407,19.56,18.725,20.278,2.151,1.442,3.112,1006.909,1003.749,1010.085,3.244,2.799,3.605,149.822,0.0,589.073,231.039,0.0,746.443,39.975,0.0,171.559,24,113.95
TAM,Tamaulipas urbano,Reynosa,032,alta,2022-12-05,22.373,18.665,28.473,81.187,50.239,98.659,18.252,16.26,19.437,3.17,2.279,4.456,1000.32,997.234,1003.209,2.494,2.234,2.779,179.826,0.0,672.425,295.663,0.0,866.568,33.867,0.0,105.684,24,164.244
TAM,Tamaulipas urbano,Reynosa,032,alta,2022-12-06,23.018,18.703,29.426,81.71,54.952,97.175,19.047,17.942,20.404,3.473,2.28,4.778,1000.32,998.413,1003.164,2.684,2.467,2.791,178.313,0.0,649.261,280.507,0.0,799.903,39.568,0.0,132.139,24,163.123
TAM,Tamaulipas urbano,Reynosa,032,alta,2022-12-07,23.316,19.769,28.78,82.848,55.801,98.693,19.767,18.74,20.731,3.549,2.595,4.84,1005.486,1003.285,1007.331,2.538,2.453,2.692,168.702,0.0,633.804,248.474,0.0,725.233,45.511,0.0,146.211,24,149.066
TAM,Tamaulipas urbano,Reynosa,032,alta,2022-12-08,23.024,19.325,28.644,81.036,52.321,98.629,19.031,17.127,20.66,3.14,1.917,4.375,1005.73,1003.696,1007.507,2.407,2.259,2.704,181.72,0.0,681.851,299.96,0.0,859.551,35.857,0.0,119.752,24,152.388
TAM,Tamaulipas urbano,Reynosa,032,alta,2022-12-09,22.136,17.601,28.058,82.048,55.595,98.109,18.41,17.215,19.772,2.685,1.466,4.075,1003.731,1001.405,1005.72,2.653,2.409,2.811,170.58,0.0,634.393,257.794,0.0,797.862,45.063,0.0,184.328,24,160.446
TAM,Tamaulipas urbano,Reynosa,032,alta,2022-12-10,22.833,19.003,28.509,81.617,54.645,98.232,18.96,17.879,19.896,3.303,2.33,4.724,1001.721,999.506,1003.303,2.844,2.768,2.92,175.732,0.0,661.386,276.715,0.0,822.198,38.871,0.0,125.573,24,162.147
TAM,Tamaulipas urbano,Reynosa,032,alta,2022-12-11,22.784,18.44,28.628,81.043,52.982,98.422,18.807,17.604,19.979,1.968,1.095,2.429,1001.787,1000.043,1003.699,3.14,2.897,3.34,162.099,0.0,625.502,224.429,0.0,722.34,48.793,0.0,155.726,24,157.174
TAM,Tamaulipas urbano,Reynosa,032,alta,2022-12-12,23.103,19.445,28.829,80.679,52.832,97.963,18.983,17.498,20.142,3.362,1.811,4.503,998.352,995.212,1001.741,3.071,2.852,3.356,151.641,0.0,586.55,181.939,0.0,596.018,61.619,0.0,219.118,24,166.502
TAM,Tamaulipas urbano,Reynosa,032,alta,2022-12-13,23.685,19.645,30.83,73.02,35.748,95.44,17.049,11.985,20.038,3.649,2.835,4.947,992.926,990.642,994.797,2.416,2.048,3.076,169.831,0.0,645.252,238.34,0.0,705.352,50.568,0.0,173.72,24,180.239
TAM,Tamaulipas urbano,Reynosa,032,alta,2022-12-14,19.89,14.409,26.028,59.131,26.794,90.239,9.971,4.548,18.183,3.64,1.472,6.881,996.052,991.706,1001.487,1.672,1.249,2.477,184.69,0.0,712.499,311.928,0.0,960.101,33.588,0.0,109.997,24,327.535
TAM,Tamaulipas urbano,Reynosa,032,alta,2022-12-15,17.606,11.854,24.968,58.688,30.682,84.57,8.266,5.142,13.273,1.734,1.167,2.672,1001.267,998.842,1003.601,1.584,1.341,2.166,189.2,0.0,705.825,318.473,0.0,919.679,34.002,0.0,109.707,24,97.677
TAM,Tamaulipas urbano,Reynosa,032,alta,2022-12-16,19.791,14.277,26.183,76.664,52.753,94.551,14.92,13.367,16.94,1.775,1.136,2.569,1000.152,997.954,1001.784,2.648,2.214,3.205,124.018,0.0,469.007,133.197,0.0,446.877,61.023,0.0,238.999,24,146.083
TAM,Tamaulipas urbano,Reynosa,032,alta,2022-12-17,14.847,11.717,18.128,68.693,47.254,92.066,8.57,4.933,16.796,4.072,2.238,5.628,1005.336,1001.26,1008.02,2.856,2.535,3.305,100.531,0.0,403.051,100.113,0.0,392.573,53.749,0.0,215.795,24,16.016
TAM,Tamaulipas urbano,Reynosa,032,alta,2022-12-18,15.304,11.428,19.333,72.857,59.144,93.739,10.258,5.706,14.879,2.755,1.893,3.419,1005.866,1003.827,1007.989,3.29,2.725,3.661,43.424,0.0,176.332,5.833,0.0,34.039,40.393,0.0,160.624,24,34.835
TAM,Tamaulipas urbano,Reynosa,032,alta,2022-12-19,17.602,13.655,23.029,82.877,58.495,96.602,14.191,13.094,15.199,2.296,1.218,3.253,1003.68,1001.445,1007.037,3.009,2.34,3.763,162.534,0.0,588.865,238.248,0.0,717.317,46.556,0.0,163.634,24,344.593
TAM,Tamaulipas urbano,Reynosa,032,alta,2022-12-20,15.705,11.904,21.917,77.431,48.399,96.443,11.098,9.698,12.818,3.349,1.994,4.922,1009.929,1007.165,1011.94,1.956,1.637,2.431,164.098,0.0,629.158,240.215,0.0,731.683,46.656,0.0,152.63,24,5.145
TAM,Tamaulipas urbano,Reynosa,032,alta,2022-12-21,14.6,11.63,19.072,78.569,55.089,94.179,10.554,9.693,11.691,1.762,1.029,2.405,1007.185,1003.358,1011.29,2.188,1.745,2.496,119.847,0.0,415.778,118.373,0.0,437.364,60.68,0.0,210.906,24,64.351
TAM,Tamaulipas urbano,Reynosa,032,alta,2022-12-22,16.388,8.026,25.046,72.985,46.269,91.267,10.591,2.512,13.546,2.503,1.038,6.277,1002.609,998.431,1011.98,1.869,1.657,2.309,176.431,0.0,701.442,272.918,0.0,893.238,40.662,0.0,140.89,24,293.24
TAM,Tamaulipas urbano,Reynosa,032,alta,2022-12-23,3.784,1.322,7.065,48.392,34.515,69.035,-7.059,-9.711,1.448,5.384,3.207,7.433,1018.924,1013.137,1021.715,1.515,1.387,1.721,128.116,0.0,479.698,177.385,0.0,540.516,46.289,0.0,188.208,24,2.062
TAM,Tamaulipas urbano,Reynosa,032,alta,2022-12-24,3.76,0.092,9.269,46.61,31.055,60.748,-7.446,-10.363,-3.489,3.237,1.968,4.17,1018.5,1015.32,1021.729,1.499,1.357,1.695,130.723,0.0,485.622,179.096,0.0,583.13,47.672,0.0,179.233,24,6.796
TAM,Tamaulipas urbano,Reynosa,032,alta,2022-12-25,6.256,0.189,13.247,52.165,31.593,67.426,-3.8,-6.891,0.18,2.405,1.051,3.664,1014.857,1011.646,1017.894,1.506,1.436,1.636,132.194,0.0,503.786,191.036,0.0,545.529,44.046,0.0,182.328,24,351.783
TAM,Tamaulipas urbano,Reynosa,032,alta,2022-12-26,12.238,5.373,21.219,65.142,42.136,91.323,5.122,-0.348,10.419,1.392,1.017,1.861,1009.285,1006.278,1011.878,1.689,1.477,1.801,177.215,0.0,686.742,277.416,0.0,883.715,40.87,0.0,138.151,24,128.921
TAM,Tamaulipas urbano,Reynosa,032,alta,2022-12-27,13.641,8.547,21.222,73.216,38.922,93.834,7.92,5.994,9.896,2.155,1.4,2.982,1009.796,1005.708,1013.592,1.513,1.399,1.704,180.839,0.0,683.734,295.37,0.0,898.605,38.729,0.0,136.137,24,57.034
TAM,Tamaulipas urbano,Reynosa,032,alta,2022-12-28,17.277,10.476,25.987,77.862,44.283,97.045,12.213,9.948,15.92,3.533,1.725,5.064,1000.199,996.679,1005.086,1.665,1.497,2.172,190.459,0.0,716.502,323.423,0.0,940.401,32.708,0.0,92.349,24,175.446
TAM,Tamaulipas urbano,Reynosa,032,alta,2022-12-29,20.182,16.025,27.248,72.997,40.005,94.596,13.674,10.189,15.609,2.903,1.162,4.334,998.887,997.003,1000.583,2.166,1.93,2.455,167.28,0.0,643.524,237.237,0.0,744.786,45.423,0.0,150.49,24,206.42
TAM,Tamaulipas urbano,Reynosa,032,alta,2022-12-30,19.494,14.027,27.328,69.585,40.55,88.115,12.766,11.176,14.522,1.88,0.97,2.952,1000.204,997.729,1002.338,2.49,2.101,2.763,148.398,0.0,627.286,170.507,0.0,695.678,57.734,0.0,196.73,24,332.422
TAM,Tamaulipas urbano,Reynosa,032,alta,2022-12-31,20.068,15.244,27.826,71.125,37.245,92.306,13.585,11.388,15.642,1.665,0.97,2.579,1001.579,999.345,1004.109,2.497,2.399,2.657,170.186,0.0,661.317,258.634,0.0,853.099,43.557,0.0,144.458,24,163.41
TAM,Tamaulipas urbano,Reynosa,032,alta,2023-01-01,20.966,15.224,28.605,75.638,42.842,94.82,15.371,13.714,18.584,2.641,1.504,3.424,999.063,996.956,1001.465,2.608,2.365,3.147,179.27,0.0,684.52,278.727,0.0,850.071,40.917,0.0,129.118,24,174.354
TAM,Tamaulipas urbano,Reynosa,032,alta,2023-01-02,23.242,18.529,30.804,73.397,39.548,95.051,16.748,13.416,18.42,3.535,2.624,4.596,995.999,993.078,998.732,2.81,2.239,3.27,154.361,0.0,620.103,182.724,0.0,646.586,60.892,0.0,212.028,24,181.748
TAM,Tamaulipas urbano,Reynosa,032,alta,2023-01-03,21.352,16.577,29.304,55.828,25.618,85.692,10.401,6.751,16.762,2.857,1.072,4.661,998.106,995.753,1001.388,1.759,1.444,2.164,184.757,0.0,705.907,299.038,0.0,916.479,35.773,0.0,120.123,24,316.486
TAM,Tamaulipas urbano,Reynosa,032,alta,2023-01-04,19.458,14.218,27.528,58.381,30.017,78.875,9.577,7.2,11.974,2.073,1.198,3.177,1004.609,1001.576,1007.299,1.871,1.662,2.057,191.152,0.0,716.664,322.703,0.0,930.901,32.913,0.0,94.701,24,37.652
TAM,Tamaulipas urbano,Reynosa,032,alta,2023-01-05,19.471,13.866,27.26,69.536,38.034,92.422,12.474,10.54,15.648,1.689,1.134,2.42,1008.383,1006.803,1010.48,1.998,1.752,2.255,188.18,0.0,699.822,308.6,0.0,866.482,37.135,0.0,117.246,24,132.022
TAM,Tamaulipas urbano,Reynosa,032,alta,2023-01-06,20.857,16.042,27.387,78.241,48.943,96.881,16.092,14.85,18.186,3.297,1.613,4.88,1006.43,1004.034,1008.675,2.27,2.214,2.352,181.871,0.0,663.265,288.509,0.0,828.059,40.086,0.0,126.73,24,164.85
TAM,Tamaulipas urbano,Reynosa,032,alta,2023-01-07,22.189,17.579,28.97,79.008,48.139,97.867,17.476,15.949,19.018,3.226,1.841,4.635,1004.362,1002.549,1006.334,2.506,2.214,2.959,178.057,0.0,668.459,282.37,0.0,809.132,38.667,0.0,118.187,24,156.615
TAM,Tamaulipas urbano,Reynosa,032,alta,2023-01-08,20.869,17.447,25.979,78.709,54.121,98.38,16.481,15.3,18.806,2.023,1.206,3.17,1007.268,1005.31,1009.189,2.967,2.909,3.034,149.431,0.0,580.729,192.159,0.0,651.18,54.403,0.0,213.62,24,33.256
TAM,Tamaulipas urbano,Reynosa,032,alta,2023-01-09,20.217,15.919,26.279,77.454,49.637,95.62,15.563,14.661,16.867,1.248,0.837,1.861,1006.852,1004.204,1009.028,3.035,2.895,3.15,148.532,0.0,585.035,171.062,0.0,542.358,62.592,0.0,237.385,24,73.757
TAM,Tamaulipas urbano,Reynosa,032,alta,2023-01-10,21.443,16.1,28.727,76.595,44.823,97.446,16.303,14.835,17.924,2.124,0.755,3.094,1004.718,1001.85,1006.933,2.412,2.15,2.963,187.891,0.0,703.651,292.233,0.0,849.807,41.375,0.0,125.092,24,178.269
TAM,Tamaulipas urbano,Reynosa,032,alta,2023-01-11,22.449,17.27,29.903,75.47,42.256,97.053,16.741,14.431,18.632,3.571,2.473,4.695,1001.116,997.813,1003.602,1.949,1.841,2.131,190.662,0.0,711.02,303.417,0.0,887.975,38.77,0.0,116.856,24,173.409
TAM,Tamaulipas urbano,Reynosa,032,alta,2023-01-12,20.08,13.821,25.74,55.563,23.234,94.889,8.432,1.266,18.244,4.115,1.915,7.024,1006.994,1000.386,1013.659,1.61,1.049,2.088,178.765,0.0,699.806,267.823,0.0,860.912,44.32,0.0,144.654,24,325.221
TAM,Tamaulipas urbano,Reynosa,032,alta,2023-01-13,14.509,9.619,21.345,45.197,20.429,64.82,1.249,-3.272,4.136,2.909,1.348,4.083,1013.734,1011.328,1016.886,0.82,0.713,1.023,209.202,0.0,770.291,362.288,0.0,994.893,29.771,0.0,85.618,24,18.773
TAM,Tamaulipas urbano,Reynosa,032,alta,2023-01-14,14.878,8.449,22.838,55.843,28.144,82.532,4.716,2.175,9.994,2.164,1.037,3.622,1009.159,1005.888,1012.322,1.008,0.848,1.234,206.72,0.0,750.39,353.711,0.0,964.233,30.93,0.0,97.709,24,165.871
TAM,Tamaulipas urbano,Reynosa,032,alta,2023-01-15,18.434,11.994,26.549,67.194,35.34,89.787,10.669,8.498,14.675,4.178,2.68,6.053,1000.103,995.959,1005.486,1.517,1.237,1.995,198.424,0.0,725.076,310.08,0.0,894.771,39.952,0.0,131.893,24,172.095
TAM,Tamaulipas urbano,Reynosa,032,alta,2023-01-16,21.288,15.825,30.181,64.836,24.763,90.818,11.734,5.679,15.601,2.988,1.713,4.218,995.35,993.739,997.207,1.672,1.426,2.05,204.724,0.0,755.759,338.245,0.0,964.999,31.284,0.0,86.103,24,189.856
TAM,Tamaulipas urbano,Reynosa,032,alta,2023-01-17,21.468,15.255,29.199,70.159,40.32,89.938,13.905,11.83,17.842,2.616,1.195,3.834,994.059,991.715,996.676,1.936,1.653,2.348,174.58,0.0,708.019,237.564,0.0,848.122,49.795,0.0,162.037,24,167.436
TAM,Tamaulipas urbano,Reynosa,032,alta,2023-01-18,22.407,17.734,30.151,61.418,25.479,90.275,12.108,6.758,17.721,3.238,1.306,5.328,994.681,991.465,999.086,1.834,1.556,2.319,186.143,0.0,712.661,260.59,0.0,815.097,50.274,0.0,160.739,24,313.867
TAM,Tamaulipas urbano,Reynosa,032,alta,2023-01-19,19.714,15.946,25.476,60.538,35.863,79.556,10.414,7.252,13.154,3.051,1.633,4.841,1002.922,999.312,1005.127,2.362,2.051,2.845,156.244,0.0,619.087,139.75,0.0,620.868,79.024,0.0,299.038,24,22.703
TAM,Tamaulipas urbano,Reynosa,032,alta,2023-01-20,20.162,16.193,25.947,76.296,55.96,90.716,15.379,13.425,16.878,2.23,1.611,2.98,1002.891,1000.118,1005.105,3.08,2.898,3.245,112.72,0.0,430.578,80.006,0.0,294.732,66.73,0.0,245.669,24,56.329
TAM,Tamaulipas urbano,Reynosa,032,alta,2023-01-21,20.249,16.484,26.683,77.216,51.569,94.572,15.334,14.279,16.209,1.92,0.962,3.015,999.378,996.181,1001.76,2.796,2.356,3.279,173.066,0.0,647.211,221.418,0.0,711.893,58.05,0.0,206.322,24,328.231
TAM,Tamaulipas urbano,Reynosa,032,alta,2023-01-22,17.626,13.423,24.533,58.794,25.74,90.458,7.245,1.223,14.128,3.039,1.311,4.557,1001.454,999.554,1003.942,1.677,1.139,2.45,185.428,0.0,673.379,272.028,0.0,787.998,44.727,0.0,147.665,24,8.746
TAM,Tamaulipas urbano,Reynosa,032,alta,2023-01-23,17.869,12.455,23.493,70.494,47.189,90.437,11.801,8.876,16.685,3.524,1.843,5.133,1003.485,1000.937,1006.368,2.646,1.807,3.405,54.417,0.0,197.856,8.164,0.0,48.776,51.045,0.0,188.705,24,104.158
TAM,Tamaulipas urbano,Reynosa,032,alta,2023-01-24,21.53,15.162,29.44,68.192,36.798,97.155,13.81,6.094,18.0,4.545,3.537,6.092,997.231,992.988,1002.327,2.42,1.772,3.407,183.987,0.0,703.471,242.245,0.0,784.102,54.752,0.0,191.859,24,228.197
TAM,Tamaulipas urbano,Reynosa,032,alta,2023-01-25,15.073,10.298,21.912,47.851,25.343,69.879,2.997,0.462,5.748,3.282,1.475,4.494,1006.641,1002.722,1010.046,1.191,1.024,1.679,208.08,0.0,768.31,308.113,0.0,922.122,45.275,0.0,160.821,24,0.982
TAM,Tamaulipas urbano,Reynosa,032,alta,2023-01-26,13.599,8.756,19.461,62.06,35.376,85.181,5.497,3.122,8.1,2.621,1.412,3.647,1012.148,1010.146,1015.155,1.682,1.265,2.098,90.159,0.0,361.396,62.41,0.0,342.534,61.56,0.0,237.2,24,41.921
TAM,Tamaulipas urbano,Reynosa,032,alta,2023-01-27,14.87,11.585,18.703,79.015,63.08,95.609,11.035,8.332,14.023,1.581,1.166,2.207,1009.594,1006.703,1012.8,2.52,2.142,2.836,72.552,0.0,274.78,21.978,0.0,155.525,61.693,0.0,245.155,24,81.724
TAM,Tamaulipas urbano,Reynosa,032,alta,2023-01-28,19.025,13.685,25.477,80.084,53.335,96.381,14.803,13.081,17.474,2.744,1.269,4.894,1003.144,999.856,1006.455,3.161,2.847,3.763,155.846,0.0,585.151,156.395,0.0,496.044,71.558,0.0,269.92,24,171.962
TAM,Tamaulipas urbano,Reynosa,032,alta,2023-01-29,22.497,17.969,29.616,76.235,43.91,96.483,16.981,14.747,18.959,2.807,1.849,4.454,1000.432,998.009,1002.05,3.357,3.064,3.832,185.282,0.0,679.636,239.67,0.0,767.73,52.495,0.0,166.74,24,168.999
TAM,Tamaulipas urbano,Reynosa,032,alta,2023-01-30,21.277,15.769,27.261,79.701,54.988,96.923,16.95,14.67,18.667,3.148,2.173,4.129,1002.354,1000.014,1005.183,3.187,3.001,3.296,158.045,0.0,543.981,197.757,0.0,559.742,57.198,0.0,210.532,24,115.565
TAM,Tamaulipas urbano,Reynosa,032,alta,2023-01-31,14.463,10.366,18.697,79.458,59.68,92.427,10.659,8.334,13.839,3.564,2.778,4.256,1006.362,1004.559,1008.921,2.887,2.793,2.995,151.59,0.0,571.385,178.37,0.0,513.633,57.439,0.0,194.944,24,28.992
TAM,Tamaulipas urbano,Reynosa,032,alta,2023-02-01,10.184,7.419,13.94,77.86,62.139,87.136,6.293,4.898,7.775,3.692,2.999,4.686,1008.46,1005.403,1011.133,3.043,2.962,3.164,81.942,0.0,309.734,68.302,0.0,267.908,48.824,0.0,173.856,24,353.138
TAM,Tamaulipas urbano,Reynosa,032,alta,2023-02-02,11.638,7.603,18.343,73.456,48.59,89.085,6.427,5.504,7.411,3.63,2.519,5.223,1009.616,1007.341,1014.73,2.457,1.772,2.979,134.418,0.0,454.109,132.852,0.0,390.858,66.734,0.0,265.49,24,343.41
TAM,Tamaulipas urbano,Reynosa,032,alta,2023-02-03,12.005,7.382,18.709,72.481,44.036,92.574,6.377,5.015,8.272,3.228,1.416,4.7,1016.788,1014.929,1019.403,1.508,1.421,1.699,187.931,0.0,708.464,222.254,0.0,704.134,66.518,0.0,251.983,24,11.541
TAM,Tamaulipas urbano,Reynosa,032,alta,2023-02-04,14.825,8.848,22.492,72.445,40.982,93.78,8.901,7.762,11.798,2.017,1.392,3.076,1012.237,1008.322,1016.491,1.882,1.591,2.134,205.13,0.0,746.604,276.587,0.0,846.825,53.288,0.0,211.464,24,104.919
TAM,Tamaulipas urbano,Reynosa,032,alta,2023-02-05,18.401,11.777,26.661,72.307,41.358,94.96,12.052,10.066,15.301,2.035,0.946,3.158,1007.373,1005.129,1009.512,1.866,1.746,2.116,222.692,0.0,800.248,332.172,0.0,921.638,41.34,0.0,136.347,24,171.734
TAM,Tamaulipas urbano,Reynosa,032,alta,2023-02-06,20.507,14.547,27.615,76.99,46.765,96.985,15.252,13.932,18.178,4.155,2.199,5.715,1001.718,998.033,1005.781,1.896,1.714,2.196,221.028,0.0,787.117,322.566,0.0,877.538,42.461,0.0,125.651,24,163.193
TAM,Tamaulipas urbano,Reynosa,032,alta,2023-02-07,22.828,18.566,29.199,77.41,48.786,96.486,17.746,16.11,19.227,4.483,2.626,6.157,998.46,996.617,1000.195,2.797,2.22,3.227,185.95,0.0,682.265,205.219,0.0,628.717,68.767,0.0,228.653,24,152.98
TAM,Tamaulipas urbano,Reynosa,032,alta,2023-02-08,19.713,15.486,22.785,70.96,46.801,97.599,13.542,8.632,19.216,3.357,2.157,5.586,1002.977,999.573,1006.164,3.007,2.424,3.312,137.5,0.0,526.224,115.682,0.0,372.814,75.205,0.0,282.517,24,41.755
TAM,Tamaulipas urbano,Reynosa,032,alta,2023-02-09,18.664,13.262,25.089,59.749,34.856,81.549,9.641,7.042,12.79,2.088,1.435,2.827,1004.796,1002.236,1006.697,2.643,2.453,3.024,163.608,0.0,696.495,137.024,0.0,623.509,81.983,0.0,265.411,24,61.458
TAM,Tamaulipas urbano,Reynosa,032,alta,2023-02-10,16.139,10.739,20.351,60.334,36.289,87.588,7.44,1.92,13.253,4.789,1.407,7.866,1009.57,1004.345,1014.887,2.401,1.286,3.14,130.844,0.0,573.753,116.846,0.0,498.599,59.71,0.0,218.808,24,353.529
TAM,Tamaulipas urbano,Reynosa,032,alta,2023-02-11,12.901,6.514,19.451,39.71,18.982,63.058,-2.246,-6.539,1.649,2.849,0.791,4.58,1013.018,1010.155,1015.676,0.819,0.71,1.216,242.713,0.0,870.34,348.007,0.0,987.233,42.053,0.0,113.146,24,359.999
TAM,Tamaulipas urbano,Reynosa,032,alta,2023-02-12,14.833,8.326,22.541,42.21,20.219,74.991,0.342,-3.42,7.981,2.201,0.845,3.766,1007.355,1003.818,1010.848,1.431,0.889,2.112,226.071,0.0,806.261,299.741,0.0,861.948,54.104,0.0,178.618,24,171.613
TAM,Tamaulipas urbano,Reynosa,032,alta,2023-02-13,18.627,11.628,26.201,69.705,43.459,88.651,11.876,8.418,16.371,4.561,2.355,6.561,1000.157,996.304,1004.521,2.613,2.178,3.101,186.278,0.0,691.583,171.423,0.0,575.057,83.011,0.0,291.133,24,159.203
TAM,Tamaulipas urbano,Reynosa,032,alta,2023-02-14,22.773,17.119,31.531,62.266,20.732,93.479,11.876,2.714,16.411,3.568,2.174,5.056,995.347,993.278,997.043,2.044,1.334,3.069,235.451,0.0,859.92,306.818,0.0,970.018,49.831,0.0,164.759,24,187.872
TAM,Tamaulipas urbano,Reynosa,032,alta,2023-02-15,23.55,17.254,32.146,67.802,34.22,90.486,14.814,10.177,18.304,3.315,1.687,4.67,994.088,990.617,996.807,2.231,1.856,2.573,224.198,0.0,812.026,295.953,0.0,833.014,52.051,0.0,156.973,24,171.324
TAM,Tamaulipas urbano,Reynosa,032,alta,2023-02-16,19.72,13.738,24.749,46.81,24.292,90.584,4.894,-1.02,17.889,5.134,2.531,7.362,1000.59,993.826,1009.86,1.813,1.568,2.271,146.576,0.0,564.174,119.471,0.0,382.802,74.613,0.0,275.231,24,340.837
TAM,Tamaulipas urbano,Reynosa,032,alta,2023-02-17,12.693,9.025,17.175,33.506,19.846,52.591,-4.151,-6.944,-0.672,4.628,1.64,6.57,1014.8,1010.767,1017.005,1.533,1.488,1.649,154.924,0.0,610.636,107.413,0.0,432.439,94.075,0.0,358.169,24,13.253
TAM,Tamaulipas urbano,Reynosa,032,alta,2023-02-18,14.116,7.223,21.794,52.157,29.429,83.192,2.981,-0.479,9.776,1.872,0.997,2.696,1012.695,1009.258,1016.07,1.89,1.569,2.127,203.47,0.0,742.648,217.563,0.0,698.271,73.58,0.0,260.29,24,79.548
TAM,Tamaulipas urbano,Reynosa,032,alta,2023-02-19,18.372,10.781,26.606,69.937,42.516,94.948,11.715,8.175,16.293,2.518,1.0,4.408,1007.485,1004.023,1010.462,2.292,2.135,2.711,204.016,0.0,721.996,242.425,0.0,648.394,65.01,0.0,223.079,24,172.204
TAM,Tamaulipas urbano,Reynosa,032,alta,2023-02-20,22.218,16.06,29.968,73.636,42.877,95.94,16.159,15.028,17.96,3.001,1.524,4.19,1003.209,1000.259,1006.16,2.662,2.395,2.851,234.255,0.0,825.015,313.783,0.0,877.905,49.902,0.0,176.677,24,166.439
TAM,Tamaulipas urbano,Reynosa,032,alta,2023-02-21,23.723,17.919,31.243,73.103,40.893,97.555,17.291,15.013,19.324,4.698,2.554,5.941,995.522,991.463,1000.478,2.465,2.311,3.078,238.128,0.0,837.191,320.468,0.0,890.506,49.913,0.0,156.311,24,167.415
TAM,Tamaulipas urbano,Reynosa,032,alta,2023-02-22,26.332,19.751,35.738,56.242,20.63,90.505,13.672,7.858,19.022,3.836,2.361,5.494,992.228,990.062,994.854,2.336,2.054,3.151,220.855,0.0,824.813,233.819,0.0,798.466,71.725,0.0,214.934,24,195.273
TAM,Tamaulipas urbano,Reynosa,032,alta,2023-02-23,25.506,19.094,34.273,58.285,20.209,88.494,13.482,6.586,19.388,2.961,2.122,3.81,997.5,994.493,1001.731,2.138,1.809,2.523,224.744,0.0,787.105,247.523,0.0,735.781,71.968,0.0,215.128,24,164.639
TAM,Tamaulipas urbano,Reynosa,032,alta,2023-02-24,25.009,20.728,31.482,74.315,46.748,96.216,19.123,18.001,20.995,3.482,1.989,4.718,1003.426,1001.688,1006.453,2.608,2.292,2.874,189.259,0.0,710.93,156.95,0.0,605.493,91.27,0.0,318.006,24,130.426
TAM,Tamaulipas urbano,Reynosa,032,alta,2023-02-25,24.445,19.953,30.388,75.575,45.819,98.84,18.948,16.871,20.832,3.609,2.341,4.882,1004.832,1002.195,1007.036,2.636,2.138,3.174,207.998,0.0,742.468,221.113,0.0,644.283,75.888,0.0,275.003,24,131.707
TAM,Tamaulipas urbano,Reynosa,032,alta,2023-02-26,25.167,20.572,31.695,74.698,45.092,97.975,19.353,17.355,20.828,4.584,2.915,5.729,999.379,995.393,1003.807,3.163,3.043,3.248,206.631,0.0,705.143,229.642,0.0,656.318,73.858,0.0,267.635,24,156.307
TAM,Tamaulipas urbano,Reynosa,032,alta,2023-02-27,26.045,20.955,33.687,61.101,31.273,90.736,15.258,11.177,20.193,3.462,2.042,4.71,996.091,994.238,997.953,2.798,2.614,3.221,246.92,0.0,872.095,310.617,0.0,869.843,55.975,0.0,171.577,24,147.355
TAM,Tamaulipas urbano,Reynosa,032,alta,2023-02-28,26.118,19.675,34.418,68.298,37.089,90.109,17.98,15.608,20.899,3.053,1.303,4.593,995.503,992.957,997.399,2.879,2.667,3.086,238.022,0.0,837.436,274.507,0.0,809.577,62.867,0.0,179.301,24,153.652
TAM,Tamaulipas urbano,Reynosa,032,alta,2023-03-01,27.447,21.412,36.379,66.26,31.695,94.319,18.223,13.577,20.934,3.792,2.607,5.088,993.025,989.872,995.44,2.831,2.699,3.075,242.233,0.0,859.919,275.552,0.0,812.664,65.959,0.0,182.948,24,159.216
TAM,Tamaulipas urbano,Reynosa,032,alta,2023-03-02,28.107,21.356,38.381,56.489,20.253,88.075,14.565,8.487,19.653,3.409,2.207,5.22,987.199,981.924,991.606,2.28,1.735,2.866,221.655,0.0,789.984,204.124,0.0,653.74,86.121,0.0,241.833,24,191.448
TAM,Tamaulipas urbano,Reynosa,032,alta,2023-03-03,21.867,16.313,29.251,29.868,14.137,55.364,0.838,-2.94,8.326,4.004,2.019,6.134,994.628,989.946,997.262,1.0,0.87,1.429,279.682,0.0,952.328,389.305,0.0,1005.685,40.487,0.0,103.654,24,9.287
TAM,Tamaulipas urbano,Reynosa,032,alta,2023-03-04,21.611,14.718,30.143,52.281,25.03,84.414,9.287,5.99,15.081,2.525,1.104,4.29,999.045,996.707,1002.103,1.461,1.247,1.737,269.929,0.0,925.834,351.6,0.0,936.901,49.881,0.0,137.873,24,133.235
TAM,Tamaulipas urbano,Reynosa,032,alta,2023-03-05,23.013,16.177,30.991,68.368,35.783,93.58,15.388,12.917,19.303,2.757,1.203,4.553,1000.969,998.451,1002.475,2.203,1.773,2.755,245.766,0.0,870.146,270.368,0.0,850.305,69.5,0.0,231.715,24,142.711
TAM,Tamaulipas urbano,Reynosa,032,alta,2023-03-06,25.437,19.446,33.054,72.139,40.292,97.122,18.706,16.541,21.179,3.157,1.613,4.423,1000.234,997.688,1001.977,2.797,2.7,2.993,242.171,0.0,774.075,270.487,0.0,783.625,74.35,0.0,256.262,24,148.985
TAM,Tamaulipas urbano,Reynosa,032,alta,2023-03-07,25.881,21.072,33.111,71.72,39.156,97.303,19.082,16.141,21.237,3.928,2.048,5.839,999.87,997.325,1001.574,2.66,2.361,2.985,234.581,0.0,836.708,222.262,0.0,727.356,85.733,0.0,273.077,24,148.57
TAM,Tamaulipas urbano,Reynosa,032,alta,2023-03-08,25.471,20.58,32.439,70.24,36.156,97.109,18.217,14.681,20.755,4.087,2.514,5.821,1000.723,998.652,1002.252,2.303,2.189,2.499,267.485,0.0,915.61,327.456,0.0,892.964,56.78,0.0,163.988,24,143.341
TAM,Tamaulipas urbano,Reynosa,032,alta,2023-03-09,25.79,20.958,32.565,70.016,38.163,96.111,18.549,15.521,20.925,3.757,2.45,4.974,1000.041,996.883,1001.602,2.857,2.585,3.263,235.373,0.0,851.202,228.004,0.0,765.089,84.367,0.0,264.372,24,147.123
TAM,Tamaulipas urbano,Reynosa,032,alta,2023-03-10,25.365,20.941,31.44,71.621,42.405,95.42,18.91,16.543,20.597,2.681,1.353,4.145,1000.734,998.959,1002.815,3.464,3.298,3.536,226.373,0.0,785.16,191.799,0.0,604.248,97.977,0.0,297.468,24,125.404
TAM,Tamaulipas urbano,Reynosa,032,alta,2023-03-11,26.674,20.772,34.292,66.142,33.82,96.225,18.165,15.202,20.569,3.751,2.435,4.691,995.566,992.276,998.891,3.143,3.015,3.33,260.08,0.0,905.757,289.983,0.0,846.714,64.989,0.0,177.833,24,161.692
TAM,Tamaulipas urbano,Reynosa,032,alta,2023-03-12,28.31,21.265,37.032,58.455,26.149,89.607,16.567,11.886,20.016,3.26,2.022,4.102,993.896,991.735,997.921,2.826,2.58,3.187,282.189,0.0,919.875,340.325,0.0,880.167,59.698,0.0,150.331,23,135.401
TAM,Tamaulipas urbano,Reynosa,032,alta,2023-03-13,23.053,19.621,27.419,66.365,45.279,84.387,15.664,13.46,20.298,4.363,3.14,5.268,1001.612,998.496,1003.778,3.38,3.214,3.514,175.691,0.0,659.857,146.156,0.0,585.351,77.811,0.0,280.148,24,45.056
TAM,Tamaulipas urbano,Reynosa,032,alta,2023-03-14,22.373,19.026,27.352,74.572,54.589,89.556,17.225,15.812,18.239,3.516,2.444,4.683,1003.724,1002.259,1006.386,3.756,3.48,3.908,96.074,0.0,340.275,58.293,0.0,203.76,57.48,0.0,189.741,24,60.15
TAM,Tamaulipas urbano,Reynosa,032,alta,2023-03-15,23.359,19.611,28.507,76.675,54.548,92.223,18.623,18.18,20.225,3.984,2.386,5.694,1004.112,1001.456,1006.345,3.68,3.38,3.815,128.611,0.0,449.134,73.751,0.0,334.151,84.012,0.0,283.583,24,104.328
TAM,Tamaulipas urbano,Reynosa,032,alta,2023-03-16,26.637,21.623,34.553,67.135,33.399,93.054,18.12,13.461,20.508,4.741,4.054,6.262,996.258,992.432,1001.182,3.144,2.625,3.604,268.985,0.0,901.013,322.565,0.0,858.894,57.769,0.0,168.433,24,165.39
TAM,Tamaulipas urbano,Reynosa,032,alta,2023-03-17,20.12,15.637,22.871,62.569,41.415,88.093,11.859,7.085,20.012,5.253,3.095,7.929,1000.021,993.983,1005.16,2.864,2.442,3.21,246.771,0.0,902.613,272.867,0.0,846.337,63.89,0.0,224.198,24,19.091
TAM,Tamaulipas urbano,Reynosa,032,alta,2023-03-18,15.41,11.272,19.7,50.507,36.013,69.273,4.478,3.114,6.633,4.984,3.464,6.1,1008.592,1005.521,1013.751,2.376,2.158,2.583,112.242,0.0,416.932,38.794,0.0,147.184,85.573,0.0,310.234,24,19.897
TAM,Tamaulipas urbano,Reynosa,032,alta,2023-03-19,12.16,8.874,16.41,65.011,48.174,77.038,5.399,4.847,6.398,3.962,1.757,5.185,1014.734,1013.169,1017.753,2.314,2.099,2.536,66.725,0.0,242.851,4.848,0.0,31.418,64.172,0.0,239.297,24,18.703
TAM,Tamaulipas urbano,Reynosa,032,alta,2023-03-20,16.338,11.061,22.078,69.171,52.378,90.402,10.238,6.488,15.439,3.05,1.562,4.754,1008.201,1003.82,1013.401,2.57,2.219,2.943,145.997,0.0,573.115,81.868,0.0,295.258,91.368,0.0,320.614,24,117.026
TAM,Tamaulipas urbano,Reynosa,032,alta,2023-03-21,22.782,16.351,30.863,71.082,38.902,94.5,15.722,13.582,19.245,3.808,2.556,5.33,1001.603,998.446,1004.239,2.845,2.678,3.056,266.724,0.0,919.066,305.699,0.0,878.689,61.415,0.0,188.879,24,165.862
TAM,Tamaulipas urbano,Reynosa,032,alta,2023-03-22,25.148,19.858,32.377,73.691,42.318,98.011,18.98,17.091,20.808,4.621,2.874,6.259,1001.747,999.068,1003.739,2.826,2.659,3.137,263.473,0.0,917.039,307.17,0.0,875.298,60.501,0.0,182.266,24,152.315
TAM,Tamaulipas urbano,Reynosa,032,alta,2023-03-23,26.424,21.058,33.828,72.08,41.34,96.549,19.689,17.662,21.088,5.297,3.921,6.35,998.754,995.265,1001.409,2.985,2.635,3.253,268.152,0.0,911.114,299.126,0.0,831.922,64.54,0.0,208.816,24,161.033
TAM,Tamaulipas urbano,Reynosa,032,alta,2023-03-24,27.83,21.518,37.173,58.306,18.997,89.86,15.33,6.922,20.892,4.078,1.821,5.866,994.292,991.294,996.431,2.426,1.841,3.284,290.32,0.0,975.605,349.231,0.0,911.507,54.697,0.0,151.16,24,168.16
TAM,Tamaulipas urbano,Reynosa,032,alta,2023-03-25,25.824,20.363,32.964,58.592,31.982,85.669,14.737,11.164,19.481,3.029,1.452,4.356,995.846,994.302,997.456,2.491,2.272,2.671,251.269,0.0,896.355,251.232,0.0,717.789,83.023,0.0,259.796,24,35.94
TAM,Tamaulipas urbano,Reynosa,032,alta,2023-03-26,26.898,20.33,35.613,62.885,31.54,89.292,17.004,12.907,20.43,2.279,1.012,3.287,994.756,992.014,996.835,2.641,2.224,3.064,229.79,0.0,809.088,176.729,0.0,564.771,102.01,0.0,299.105,24,153.912
TAM,Tamaulipas urbano,Reynosa,032,alta,2023-03-27,26.951,21.609,33.529,71.771,44.375,95.15,20.425,18.861,21.981,2.538,1.122,3.792,996.969,994.604,999.824,3.454,2.655,3.907,181.457,0.0,602.895,113.724,0.0,333.467,102.927,0.0,316.987,24,105.441
TAM,Tamaulipas urbano,Reynosa,032,alta,2023-03-28,23.9,18.904,27.32,78.089,54.922,97.087,19.318,15.977,22.494,3.88,1.386,6.117,1003.132,999.833,1007.694,4.203,3.952,4.333,115.433,0.0,394.522,64.59,0.0,247.071,69.613,0.0,227.033,24,41.741
TAM,Tamaulipas urbano,Reynosa,032,alta,2023-03-29,20.727,16.441,26.058,73.936,53.602,93.432,15.496,12.422,19.072,2.866,1.092,3.856,1004.626,1001.704,1007.101,3.797,3.661,3.963,131.487,0.0,451.079,47.492,0.0,161.02,98.148,0.0,333.195,24,34.143
TAM,Tamaulipas urbano,Reynosa,032,alta,2023-03-30,23.962,19.062,30.615,76.942,49.681,95.288,18.992,18.196,20.929,3.454,0.932,5.603,999.789,996.568,1003.282,3.82,3.562,3.967,190.749,0.0,699.007,82.173,0.0,346.429,128.437,0.0,427.52,24,159.571
TAM,Tamaulipas urbano,Reynosa,032,alta,2023-03-31,26.372,21.532,33.304,73.465,42.869,96.572,20.215,18.334,22.211,3.638,2.066,4.905,998.562,996.022,1000.893,3.724,3.522,3.901,235.687,0.0,803.738,166.643,0.0,540.779,114.321,0.0,356.573,24,147.135
TAM,Tamaulipas urbano,Reynosa,032,alta,2023-04-01,26.273,22.037,31.986,73.932,45.472,96.768,20.409,18.119,22.248,2.722,1.24,4.273,1002.076,1000.55,1004.29,3.714,3.636,3.843,209.113,0.0,751.998,131.467,0.0,476.829,119.349,0.0,377.122,24,101.95
TAM,Tamaulipas urbano,Reynosa,032,alta,2023-04-02,26.858,22.189,33.036,71.873,43.629,96.425,20.294,18.28,21.755,3.72,2.008,5.167,998.437,994.324,1002.809,3.828,3.531,4.056,254.246,0.0,851.703,196.091,0.0,585.608,111.401,0.0,334.198,24,151.628
TAM,Tamaulipas urbano,Reynosa,032,alta,2023-04-03,28.108,22.475,35.716,68.35,36.899,94.324,20.161,17.374,22.368,4.133,2.855,5.229,993.474,990.696,996.207,3.373,3.232,3.685,279.245,0.0,901.725,260.848,0.0,720.901,93.088,0.0,265.239,24,157.274
TAM,Tamaulipas urbano,Reynosa,032,alta,2023-04-04,28.668,23.296,36.96,65.913,31.884,90.745,19.536,14.745,22.422,4.316,3.342,5.482,990.233,987.17,993.105,2.96,2.611,3.27,203.038,0.0,680.233,87.524,0.0,274.036,138.524,0.0,441.176,24,161.195
TAM,Tamaulipas urbano,Reynosa,032,alta,2023-04-05,27.026,21.95,32.91,70.749,46.183,88.857,20.125,18.084,22.291,3.744,2.72,4.274,994.255,991.482,999.593,3.73,3.359,4.212,176.581,0.0,592.04,79.588,0.0,295.102,115.713,0.0,365.526,24,116.931
TAM,Tamaulipas urbano,Reynosa,032,alta,2023-04-06,20.511,17.165,23.757,75.692,60.341,87.607,15.791,14.684,17.916,4.044,3.467,4.45,1001.913,999.892,1004.609,4.361,4.232,4.443,121.9,0.0,414.538,34.968,0.0,146.598,96.209,0.0,305.17,24,4.87
TAM,Tamaulipas urbano,Reynosa,032,alta,2023-04-07,18.812,15.667,23.102,81.722,66.321,92.869,15.401,14.052,16.726,3.536,3.138,3.951,1003.353,1000.858,1004.907,4.355,4.159,4.498,92.234,0.0,372.513,29.789,0.0,160.279,69.579,0.0,234.534,24,342.929
TAM,Tamaulipas urbano,Reynosa,032,alta,2023-04-08,20.296,15.796,25.716,78.607,57.995,93.889,16.05,14.575,18.051,2.884,1.691,3.547,1004.054,1002.185,1005.919,3.917,3.752,4.148,102.941,0.0,372.396,37.286,0.0,173.96,80.044,0.0,293.607,24,20.985
TAM,Tamaulipas urbano,Reynosa,032,alta,2023-04-09,22.853,18.478,28.436,79.204,56.092,96.762,18.612,17.923,20.028,2.506,1.295,3.95,1004.763,1002.449,1006.571,3.94,3.808,3.987,152.919,0.0,551.908,76.419,0.0,222.186,99.574,0.0,345.455,24,63.191
TAM,Tamaulipas urbano,Reynosa,032,alta,2023-04-10,23.477,19.854,28.781,79.553,54.431,97.608,19.282,18.238,20.021,2.645,1.368,4.229,1005.664,1004.362,1007.379,3.835,3.716,3.957,171.442,0.0,649.808,83.286,0.0,295.971,113.083,0.0,398.415,24,69.002
TAM,Tamaulipas urbano,Reynosa,032,alta,2023-04-11,22.54,19.005,27.195,77.016,54.092,97.413,17.772,15.975,19.888,2.664,1.326,4.149,1005.893,1003.947,1007.354,3.304,2.818,3.745,225.259,0.0,716.722,176.217,0.0,491.743,106.689,0.0,390.137,24,40.642
TAM,Tamaulipas urbano,Reynosa,032,alta,2023-04-12,22.362,16.823,29.089,67.896,38.372,95.941,15.027,12.86,17.037,2.199,1.292,3.755,1002.272,998.805,1005.627,2.412,2.233,2.775,307.146,0.0,991.331,352.061,0.0,893.676,59.794,0.0,156.659,24,58.429
TAM,Tamaulipas urbano,Reynosa,032,alta,2023-04-13,23.699,17.166,31.108,67.298,39.617,92.942,16.219,14.584,18.922,2.963,1.295,4.511,996.063,992.656,1000.085,3.199,2.514,3.718,275.859,0.0,909.211,258.105,0.0,714.922,94.901,0.0,309.917,24,149.451
TAM,Tamaulipas urbano,Reynosa,032,alta,2023-04-14,26.471,20.866,33.922,67.333,34.941,92.282,18.176,14.41,21.11,2.97,2.011,4.118,993.548,991.724,995.597,3.189,2.872,3.672,225.161,0.0,720.991,152.101,0.0,389.036,118.138,0.0,371.112,24,160.537
TAM,Tamaulipas urbano,Reynosa,032,alta,2023-04-15,28.238,22.058,36.638,60.047,25.778,88.807,17.331,12.126,21.101,2.1,1.065,3.018,996.352,994.48,999.619,2.923,2.53,3.511,278.052,0.0,949.132,272.739,0.0,787.545,79.305,0.0,258.929,24,206.816
TAM,Tamaulipas urbano,Reynosa,032,alta,2023-04-16,24.75,19.755,29.633,63.338,39.054,91.728,16.035,12.426,21.61,4.256,1.598,6.086,1004.694,999.906,1007.158,3.182,2.636,3.587,240.779,0.0,785.457,187.625,0.0,630.998,107.787,0.0,375.975,24,49.406
TAM,Tamaulipas urbano,Reynosa,032,alta,2023-04-17,23.634,17.628,30.189,64.307,40.674,86.953,15.679,14.554,18.384,3.616,1.443,5.706,1002.68,999.039,1006.388,3.068,2.57,3.595,246.45,0.0,793.024,199.827,0.0,533.189,108.049,0.0,353.12,24,107.728
TAM,Tamaulipas urbano,Reynosa,032,alta,2023-04-18,26.234,21.59,32.792,70.627,44.47,91.194,19.587,18.131,21.929,4.217,3.24,5.316,996.426,993.647,999.001,3.727,3.537,3.924,222.174,0.0,803.411,170.314,0.0,599.518,97.099,0.0,286.446,24,145.854
TAM,Tamaulipas urbano,Reynosa,032,alta,2023-04-19,26.923,22.627,33.046,74.436,48.232,95.242,21.202,19.9,22.484,4.121,2.772,5.527,996.634,994.132,998.385,4.124,3.927,4.292,214.729,0.0,699.93,143.421,0.0,403.814,111.679,0.0,327.501,24,139.002
TAM,Tamaulipas urbano,Reynosa,032,alta,2023-04-20,27.757,23.438,34.051,74.513,46.962,96.601,21.988,20.467,23.193,3.395,2.368,4.643,996.887,994.519,998.181,4.452,4.328,4.529,208.986,0.0,700.22,149.876,0.0,438.439,102.705,0.0,284.48,24,135.135
TAM,Tamaulipas urbano,Reynosa,032,alta,2023-04-21,28.27,23.623,34.897,72.81,44.263,97.027,21.856,19.465,23.387,2.458,1.093,4.252,997.827,996.48,999.538,4.067,3.671,4.464,248.503,0.0,865.326,196.308,0.0,588.06,102.91,0.0,313.624,24,98.931
TAM,Tamaulipas urbano,Reynosa,032,alta,2023-04-22,26.633,22.66,31.825,76.652,52.043,96.88,21.554,20.2,22.905,3.34,1.322,4.975,997.101,994.372,999.226,3.931,3.597,4.416,234.139,0.0,726.475,147.267,0.0,412.942,128.633,0.0,408.567,24,102.774
TAM,Tamaulipas urbano,Reynosa,032,alta,2023-04-23,26.181,21.359,32.172,80.47,54.795,96.969,21.817,20.458,23.031,4.096,2.685,5.13,995.126,992.08,999.931,4.271,3.664,4.537,198.415,0.0,713.449,155.224,0.0,435.718,86.663,0.0,300.81,24,104.515
TAM,Tamaulipas urbano,Reynosa,032,alta,2023-04-24,22.635,18.235,27.745,76.898,53.878,95.372,17.904,16.283,20.09,3.195,1.905,4.311,999.869,997.494,1001.712,3.504,3.273,3.64,168.75,0.0,571.136,110.966,0.0,414.715,95.258,0.0,317.668,24,39.558
TAM,Tamaulipas urbano,Reynosa,032,alta,2023-04-25,25.094,20.11,31.281,73.926,46.918,95.524,19.257,17.895,21.328,1.954,0.909,3.174,996.479,993.993,998.788,3.32,3.015,3.597,235.782,0.0,786.422,192.823,0.0,627.533,102.592,0.0,340.385,24,118.75
TAM,Tamaulipas urbano,Reynosa,032,alta,2023-04-26,26.57,21.004,33.282,72.511,43.583,96.028,20.127,18.309,22.126,2.58,1.311,3.696,994.617,991.852,996.649,3.204,2.782,3.739,260.823,0.0,852.276,177.986,0.0,573.477,121.846,0.0,346.875,24,156.966
TAM,Tamaulipas urbano,Reynosa,032,alta,2023-04-27,26.922,22.518,32.87,74.041,47.535,95.603,20.876,19.267,22.372,2.51,1.243,3.995,994.786,992.754,996.866,3.659,3.51,3.847,217.663,0.0,706.262,156.371,0.0,485.357,106.351,0.0,299.825,24,78.692
TAM,Tamaulipas urbano,Reynosa,032,alta,2023-04-28,27.189,21.374,34.345,74.077,44.873,97.843,21.111,19.687,23.066,2.452,1.141,3.762,993.947,990.487,996.496,3.407,3.27,3.808,305.255,0.0,978.491,298.752,0.0,780.667,83.02,0.0,215.177,24,129.139
TAM,Tamaulipas urbano,Reynosa,032,alta,2023-04-29,22.765,18.273,28.57,54.903,23.396,92.093,11.184,5.001,21.925,4.958,1.089,8.236,1001.518,995.683,1004.945,2.059,1.102,4.053,333.429,0.0,1043.013,380.603,0.0,910.683,63.062,0.0,165.944,24,343.96
TAM,Tamaulipas urbano,Reynosa,032,alta,2023-04-30,23.872,15.264,32.849,44.822,20.721,69.214,9.1,5.666,14.378,1.993,0.961,3.378,1000.582,997.433,1003.175,1.288,1.09,1.578,343.952,0.0,1062.817,414.283,0.0,951.85,52.825,0.0,126.371,24,191.835
TAM,Tamaulipas urbano,Reynosa,032,alta,2023-05-01,25.282,18.64,33.284,62.343,33.739,87.631,16.067,14.022,20.276,3.827,2.586,5.266,995.413,992.334,998.405,2.216,1.623,2.928,322.079,0.0,1011.686,336.678,0.0,847.885,78.191,0.0,207.479,24,154.357
TAM,Tamaulipas urbano,Reynosa,032,alta,2023-05-02,26.426,21.451,33.028,72.755,44.358,94.332,19.882,17.442,22.384,3.173,2.315,4.449,994.885,992.813,997.454,3.394,3.054,3.662,245.856,0.0,760.137,178.686,0.0,467.129,116.21,0.0,339.415,24,117.413
TAM,Tamaulipas urbano,Reynosa,032,alta,2023-05-03,26.703,22.761,31.841,75.872,50.678,96.949,21.338,19.73,22.589,2.405,1.109,3.651,997.322,995.597,998.936,3.979,3.715,4.214,230.109,0.0,718.155,134.86,0.0,399.281,127.813,0.0,382.921,24,79.843
TAM,Tamaulipas urbano,Reynosa,032,alta,2023-05-04,26.882,22.774,31.614,79.293,57.533,96.934,22.471,21.674,23.761,2.032,1.067,2.964,997.264,995.54,998.655,4.702,4.248,5.019,195.874,0.0,663.022,61.474,0.0,244.611,148.168,0.0,451.811,24,127.712
TAM,Tamaulipas urbano,Reynosa,032,alta,2023-05-05,28.928,24.097,35.45,74.609,46.602,97.264,23.058,21.553,24.417,2.786,1.569,3.912,997.251,995.264,998.611,4.427,4.093,4.661,240.908,0.0,820.528,135.641,0.0,432.87,134.625,0.0,393.117,24,147.993
TAM,Tamaulipas urbano,Reynosa,032,alta,2023-05-06,29.383,24.565,35.735,71.419,40.76,96.045,22.59,19.58,24.444,3.589,2.13,5.252,997.746,995.343,999.753,4.154,4.04,4.494,258.348,0.0,807.823,170.746,0.0,483.896,129.995,0.0,391.031,24,137.398
TAM,Tamaulipas urbano,Reynosa,032,alta,2023-05-07,28.899,25.057,34.418,70.373,41.123,93.908,21.869,18.681,24.076,3.522,1.811,4.504,998.592,996.522,1000.207,4.185,3.934,4.546,261.125,0.0,886.091,173.335,0.0,604.401,123.167,0.0,363.391,24,132.862
TAM,Tamaulipas urbano,Reynosa,032,alta,2023-05-08,28.442,24.436,34.686,73.503,43.739,94.2,22.266,19.793,24.017,3.002,1.733,4.067,997.365,994.818,999.263,4.163,3.851,4.456,240.186,0.0,812.748,153.505,0.0,509.104,118.564,0.0,359.076,24,144.308
TAM,Tamaulipas urbano,Reynosa,032,alta,2023-05-09,27.994,23.812,33.546,76.514,50.252,96.756,22.732,20.915,24.438,2.8,1.329,4.043,997.121,995.046,998.423,4.222,4.083,4.421,270.048,0.0,868.465,215.27,0.0,616.927,109.309,0.0,314.781,24,124.3
TAM,Tamaulipas urbano,Reynosa,032,alta,2023-05-10,28.842,24.658,34.589,74.606,46.455,97.275,22.98,20.567,24.566,3.165,1.715,4.196,995.051,991.994,997.652,4.151,3.591,4.472,297.221,0.0,974.157,263.268,0.0,774.438,94.537,0.0,242.078,24,139.352
TAM,Tamaulipas urbano,Reynosa,032,alta,2023-05-11,29.855,24.861,36.756,71.771,41.673,96.532,23.002,20.634,24.805,3.438,2.712,4.706,993.324,991.093,995.119,3.789,3.628,4.052,284.617,0.0,904.687,244.748,0.0,650.425,102.919,0.0,284.67,24,139.169
TAM,Tamaulipas urbano,Reynosa,032,alta,2023-05-12,28.594,25.264,33.295,79.55,54.877,96.109,24.156,22.592,25.363,3.89,2.337,5.499,994.713,993.444,996.41,4.196,3.905,4.383,244.687,0.0,813.852,142.897,0.0,438.744,134.145,0.0,401.676,24,126.405
TAM,Tamaulipas urbano,Reynosa,032,alta,2023-05-13,26.091,23.838,28.625,86.055,67.228,98.132,23.365,21.799,25.347,2.845,1.63,3.64,997.948,995.229,1001.766,4.642,4.356,4.989,103.15,0.0,424.59,18.434,0.0,90.208,90.177,0.0,345.204,24,95.215
TAM,Tamaulipas urbano,Reynosa,032,alta,2023-05-14,25.416,22.201,29.497,81.302,59.075,97.987,21.598,20.443,22.626,2.065,1.168,3.194,1002.669,1001.364,1005.124,4.325,4.151,4.467,270.504,0.0,838.523,186.544,0.0,572.684,121.263,0.0,333.712,24,68.688
TAM,Tamaulipas urbano,Reynosa,032,alta,2023-05-15,25.698,22.56,30.445,77.83,51.534,96.758,20.985,18.999,22.419,1.978,0.794,3.651,1004.758,1003.131,1006.267,4.24,3.951,4.503,259.118,0.0,834.509,202.832,0.0,623.732,107.213,0.0,323.122,24,114.321
TAM,Tamaulipas urbano,Reynosa,032,alta,2023-05-16,26.094,22.093,31.062,75.38,51.051,95.809,20.82,19.544,22.084,1.57,0.819,2.841,1002.017,999.278,1005.328,4.203,3.962,4.508,297.243,0.0,905.459,284.637,0.0,806.839,87.217,0.0,254.103,24,82.811
TAM,Tamaulipas urbano,Reynosa,032,alta,2023-05-17,26.641,22.601,31.604,76.187,53.837,95.251,21.53,20.693,22.284,1.707,0.748,2.987,998.275,996.09,1000.266,4.466,4.198,4.544,283.605,0.0,928.968,269.154,0.0,772.456,82.544,0.0,250.782,24,100.148
TAM,Tamaulipas urbano,Reynosa,032,alta,2023-05-18,27.58,22.726,33.257,74.742,50.577,95.752,22.019,21.251,23.527,2.314,0.855,3.634,998.173,996.762,1000.554,4.311,4.052,4.602,297.827,0.0,984.611,281.75,0.0,828.318,82.57,0.0,273.142,24,128.69
TAM,Tamaulipas urbano,Reynosa,032,alta,2023-05-19,28.113,23.691,33.192,74.348,50.122,95.752,22.475,21.136,23.893,2.749,1.653,3.715,1000.549,999.158,1002.381,4.513,4.327,4.696,282.781,0.0,910.091,231.695,0.0,693.77,106.822,0.0,297.82,24,138.755
TAM,Tamaulipas urbano,Reynosa,032,alta,2023-05-20,26.962,24.42,30.163,79.975,61.163,95.892,22.912,21.554,24.061,1.903,1.034,2.897,1003.274,1001.86,1005.301,4.802,4.532,5.072,158.935,0.0,518.39,61.685,0.0,298.164,110.801,0.0,329.978,24,85.458
TAM,Tamaulipas urbano,Reynosa,032,alta,2023-05-21,27.017,22.921,31.975,72.618,49.196,94.359,21.089,19.817,22.913,2.155,1.093,3.259,1002.784,999.952,1005.053,4.525,4.316,4.982,230.947,0.0,696.381,168.378,0.0,485.965,109.328,0.0,343.43,24,45.032
TAM,Tamaulipas urbano,Reynosa,032,alta,2023-05-22,27.845,22.605,34.033,70.44,44.372,94.906,21.151,19.824,22.173,1.791,0.742,3.227,1000.02,997.716,1002.164,4.037,3.825,4.268,303.552,0.0,889.448,291.72,0.0,696.675,91.675,0.0,265.266,24,90.299
TAM,Tamaulipas urbano,Reynosa,032,alta,2023-05-23,28.382,23.203,34.557,67.196,40.782,93.347,20.764,18.84,22.245,2.561,1.278,3.916,998.654,996.373,1000.154,3.897,3.628,4.039,293.812,0.0,871.81,291.168,0.0,720.333,86.138,0.0,246.172,24,143.939
TAM,Tamaulipas urbano,Reynosa,032,alta,2023-05-24,28.456,23.152,34.695,66.615,40.564,92.214,20.628,18.604,22.132,2.738,1.302,4.075,997.578,995.315,998.972,3.839,3.733,3.949,309.332,0.0,974.169,299.636,0.0,792.41,79.339,0.0,194.954,24,126.555
TAM,Tamaulipas urbano,Reynosa,032,alta,2023-05-25,28.345,23.115,34.495,66.062,40.18,92.7,20.437,18.607,22.022,2.452,1.017,4.264,997.583,995.921,999.609,3.885,3.65,4.081,315.191,0.0,995.807,325.774,0.0,837.957,76.552,0.0,216.044,24,120.8
TAM,Tamaulipas urbano,Reynosa,032,alta,2023-05-26,28.354,23.274,34.463,64.391,40.108,89.374,20.104,18.396,21.616,2.441,0.954,4.344,999.512,998.046,1001.292,3.691,3.509,3.87,295.956,0.0,855.227,278.135,0.0,673.628,99.161,0.0,293.262,24,102.1
TAM,Tamaulipas urbano,Reynosa,032,alta,2023-05-27,27.547,23.661,32.467,68.39,46.957,87.775,20.657,19.348,21.622,2.681,1.105,4.06,1000.755,999.601,1001.749,4.31,3.829,4.747,254.439,0.0,826.436,171.601,0.0,502.588,124.225,0.0,352.07,24,130.811
TAM,Tamaulipas urbano,Reynosa,032,alta,2023-05-28,27.243,23.729,32.004,69.699,49.398,85.704,20.678,19.555,21.796,2.766,1.427,4.049,999.253,996.589,1001.071,4.431,4.321,4.529,227.603,0.0,776.992,162.854,0.0,508.736,106.7,0.0,339.433,24,136.09
TAM,Tamaulipas urbano,Reynosa,032,alta,2023-05-29,27.327,23.724,32.389,75.815,53.858,91.527,22.164,21.23,23.52,2.326,1.475,3.379,997.476,995.331,998.937,4.608,4.37,4.821,284.2,0.0,873.739,243.363,0.0,660.026,98.023,0.0,268.357,24,116.62
TAM,Tamaulipas urbano,Reynosa,032,alta,2023-05-30,28.266,23.602,34.141,72.183,46.185,95.977,21.904,20.01,23.491,2.089,0.952,3.785,996.692,995.104,997.991,4.026,3.557,4.568,315.923,0.0,970.412,336.417,0.0,850.573,69.747,0.0,173.965,24,109.884
TAM,Tamaulipas urbano,Reynosa,032,alta,2023-05-31,28.39,23.054,34.461,69.15,44.427,94.45,21.365,19.862,22.453,2.496,1.181,3.678,996.793,994.918,998.274,3.563,3.312,3.889,328.279,0.0,976.173,362.205,0.0,830.734,66.357,0.0,175.563,24,129.806
TAM,Tamaulipas urbano,Reynosa,032,alta,2023-06-01,28.759,23.989,34.439,68.541,45.624,89.887,21.719,20.598,22.794,3.517,2.247,4.787,996.219,994.486,997.98,4.328,3.935,4.594,264.304,0.0,860.406,225.487,0.0,650.048,103.801,0.0,344.462,24,133.933
TAM,Tamaulipas urbano,Reynosa,032,alta,2023-06-02,28.862,24.989,33.924,69.066,49.187,88.522,22.129,21.234,23.029,3.264,2.136,4.348,996.57,994.81,998.283,4.258,3.904,4.561,264.338,0.0,832.784,225.952,0.0,600.266,99.992,0.0,289.868,24,125.818
TAM,Tamaulipas urbano,Reynosa,032,alta,2023-06-03,28.477,24.528,33.712,67.411,44.204,86.355,21.214,19.566,22.263,3.056,2.113,3.762,995.13,992.935,996.628,4.221,4.004,4.38,265.46,0.0,850.089,208.159,0.0,659.572,99.919,0.0,285.384,24,129.739
TAM,Tamaulipas urbano,Reynosa,032,alta,2023-06-04,27.895,23.127,33.449,70.715,45.331,94.529,21.286,19.519,22.457,2.189,1.207,3.218,995.905,993.967,997.959,3.86,3.722,4.111,294.296,0.0,997.466,284.15,0.0,850.509,74.367,0.0,218.603,24,141.928
TAM,Tamaulipas urbano,Reynosa,032,alta,2023-06-05,27.932,23.421,33.082,70.423,45.629,93.034,21.29,19.478,22.514,1.793,0.812,2.841,997.601,996.507,999.277,4.063,3.883,4.349,309.799,0.0,980.407,320.586,0.0,837.947,74.77,0.0,208.0,24,127.864
TAM,Tamaulipas urbano,Reynosa,032,alta,2023-06-06,28.425,23.454,33.968,69.0,44.266,95.127,21.369,19.561,22.87,1.983,0.811,3.283,997.707,995.395,999.253,4.265,4.067,4.444,320.504,0.0,974.836,336.642,0.0,828.326,73.351,0.0,201.024,24,120.718
TAM,Tamaulipas urbano,Reynosa,032,alta,2023-06-07,28.831,23.965,34.551,67.572,43.309,91.055,21.406,19.934,22.568,2.107,1.172,2.978,996.741,994.72,998.152,4.352,4.077,4.512,299.34,0.0,980.871,284.693,0.0,825.014,83.164,0.0,228.657,24,134.725
TAM,Tamaulipas urbano,Reynosa,032,alta,2023-06-08,29.915,24.176,36.55,66.587,40.127,93.395,22.048,20.325,23.455,2.112,1.047,2.917,996.149,994.218,997.824,4.318,4.105,4.415,304.478,0.0,980.943,292.782,0.0,812.417,79.528,0.0,210.69,24,150.028
TAM,Tamaulipas urbano,Reynosa,032,alta,2023-06-09,31.098,25.139,38.1,64.304,37.796,91.414,22.384,20.266,24.044,2.876,1.519,3.875,996.135,994.11,997.388,3.923,3.522,4.432,328.253,0.0,994.367,349.328,0.0,832.2,72.145,0.0,172.235,24,146.362
TAM,Tamaulipas urbano,Reynosa,032,alta,2023-06-10,30.86,25.323,37.51,66.364,38.288,94.793,22.546,19.857,24.53,3.683,2.138,4.619,995.193,993.0,996.673,3.756,3.487,3.945,319.816,0.0,976.612,314.126,0.0,790.685,83.223,0.0,202.789,24,146.42
TAM,Tamaulipas urbano,Reynosa,032,alta,2023-06-11,31.158,26.08,37.623,67.463,41.987,91.35,23.448,21.959,24.868,3.73,2.857,4.434,995.865,993.86,997.15,3.88,3.585,4.085,301.217,0.0,942.124,282.13,0.0,765.249,91.905,0.0,249.121,24,143.575
TAM,Tamaulipas urbano,Reynosa,032,alta,2023-06-12,31.527,26.239,38.136,68.025,41.43,93.085,23.783,22.008,25.278,3.882,2.591,5.103,995.943,994.112,997.106,3.517,3.064,3.699,329.478,0.0,991.171,345.277,0.0,815.356,75.045,0.0,179.362,24,149.115
TAM,Tamaulipas urbano,Reynosa,032,alta,2023-06-13,32.261,26.417,39.824,66.459,35.844,95.239,23.547,20.55,25.639,4.2,3.126,4.863,994.747,992.11,996.644,2.976,2.85,3.06,331.755,0.0,1012.065,347.403,0.0,853.021,73.083,0.0,187.258,24,151.095
TAM,Tamaulipas urbano,Reynosa,032,alta,2023-06-14,32.572,26.72,39.967,65.796,35.903,93.038,23.612,20.341,25.669,4.227,3.454,5.059,992.467,989.882,994.339,3.173,2.963,3.292,315.688,0.0,954.348,288.323,0.0,722.612,100.692,0.0,250.141,24,154.287
TAM,Tamaulipas urbano,Reynosa,032,alta,2023-06-15,32.731,26.707,40.077,65.522,35.78,95.035,23.753,20.714,25.962,4.082,2.896,4.885,992.766,991.096,994.974,3.18,2.979,3.384,327.227,0.0,990.83,330.142,0.0,810.437,80.166,0.0,190.152,24,149.184
TAM,Tamaulipas urbano,Reynosa,032,alta,2023-06-16,32.952,27.074,40.093,65.68,37.198,94.349,24.136,21.562,26.155,3.957,2.491,5.055,995.279,993.547,997.151,3.444,3.17,3.682,328.161,0.0,987.988,337.298,0.0,799.028,79.348,0.0,196.949,24,146.582
TAM,Tamaulipas urbano,Reynosa,032,alta,2023-06-17,33.11,27.081,40.387,64.747,36.323,93.309,24.055,21.332,26.028,3.515,2.061,4.742,996.101,993.644,997.91,3.564,3.266,3.905,324.043,0.0,983.14,325.891,0.0,784.928,81.909,0.0,201.054,24,141.012
TAM,Tamaulipas urbano,Reynosa,032,alta,2023-06-18,33.737,27.4,41.946,60.104,28.611,90.68,22.711,18.604,26.037,4.223,3.06,5.208,994.204,991.304,996.03,3.149,2.994,3.272,334.404,0.0,1005.179,356.812,0.0,839.04,72.442,0.0,173.473,24,156.713
TAM,Tamaulipas urbano,Reynosa,032,alta,2023-06-19,33.832,27.099,42.072,57.701,27.494,88.645,21.842,17.72,25.191,4.261,3.034,5.455,994.54,992.792,995.956,3.2,3.094,3.378,333.836,0.0,999.383,356.134,0.0,820.168,73.249,0.0,180.118,24,156.764
TAM,Tamaulipas urbano,Reynosa,032,alta,2023-06-20,33.651,26.932,41.988,55.755,24.907,86.043,20.669,15.824,24.658,4.045,3.144,5.115,994.497,992.346,995.825,3.222,3.13,3.321,331.79,0.0,1000.064,339.862,0.0,819.032,78.515,0.0,181.968,24,156.337
TAM,Tamaulipas urbano,Reynosa,032,alta,2023-06-21,34.059,26.95,43.071,54.559,21.801,86.737,20.283,14.53,24.827,3.786,2.891,4.834,993.456,990.854,995.128,3.131,2.905,3.35,336.018,0.0,1008.623,364.07,0.0,849.251,68.815,0.0,161.517,24,155.061
TAM,Tamaulipas urbano,Reynosa,032,alta,2023-06-22,32.966,26.903,40.493,59.357,29.651,90.076,21.837,18.001,25.047,3.493,2.355,4.988,995.355,994.031,997.258,3.681,3.362,4.029,318.182,0.0,987.384,307.879,0.0,803.043,88.423,0.0,258.204,24,142.213
TAM,Tamaulipas urbano,Reynosa,032,alta,2023-06-23,32.796,26.952,39.94,59.999,32.26,88.317,22.218,19.211,24.781,3.984,2.517,5.262,997.37,995.914,1000.031,3.845,3.675,3.946,333.795,0.0,999.437,368.11,0.0,849.437,65.387,0.0,154.179,24,141.805
TAM,Tamaulipas urbano,Reynosa,032,alta,2023-06-24,32.373,27.295,38.912,62.424,35.477,88.48,22.717,19.656,25.356,3.501,2.449,4.731,999.094,997.184,1000.836,4.114,3.848,4.418,333.818,0.0,1002.763,372.48,0.0,866.818,61.705,0.0,146.124,24,140.429
TAM,Tamaulipas urbano,Reynosa,032,alta,2023-06-25,31.93,27.237,37.72,63.78,39.34,90.958,22.984,20.312,25.588,3.428,2.215,4.384,999.307,997.286,1000.678,4.033,3.582,4.469,335.072,0.0,1000.117,386.28,0.0,868.136,56.901,0.0,136.435,24,148.867
TAM,Tamaulipas urbano,Reynosa,032,alta,2023-06-26,32.161,26.645,39.022,59.241,31.3,89.538,21.257,17.408,24.707,3.774,2.529,4.733,999.095,996.949,1000.341,3.428,2.798,4.03,337.778,0.0,1016.889,398.342,0.0,890.85,53.839,0.0,127.851,24,152.953
TAM,Tamaulipas urbano,Reynosa,032,alta,2023-06-27,32.112,26.326,39.351,60.473,31.927,90.265,21.736,17.92,24.573,4.047,2.616,5.308,998.513,996.431,999.876,3.399,3.042,3.687,337.247,0.0,1008.769,384.872,0.0,869.28,59.14,0.0,140.592,24,152.505
TAM,Tamaulipas urbano,Reynosa,032,alta,2023-06-28,31.454,26.021,38.148,60.506,34.342,86.883,21.337,18.423,23.751,4.215,2.499,5.852,998.464,995.967,999.784,3.372,3.123,3.703,334.707,0.0,997.752,384.893,0.0,882.063,58.213,0.0,146.443,24,146.163
TAM,Tamaulipas urbano,Reynosa,032,alta,2023-06-29,31.269,26.432,36.962,65.729,42.195,91.361,23.07,21.274,24.911,4.101,2.369,5.388,998.748,996.238,1000.499,4.391,3.778,4.763,287.332,0.0,840.979,292.605,0.0,656.492,83.073,0.0,231.674,24,134.652
TAM,Tamaulipas urbano,Reynosa,032,alta,2023-06-30,31.507,27.549,36.734,66.552,45.004,87.066,23.784,22.049,25.229,4.291,2.755,5.459,998.86,996.5,1000.515,4.657,4.322,4.887,286.226,0.0,848.5,255.456,0.0,636.375,104.311,0.0,309.705,24,132.259
TAM,Tamaulipas urbano,Reynosa,032,alta,2023-07-01,31.909,27.483,37.826,64.58,39.803,88.75,23.419,21.11,25.462,4.104,2.844,5.139,998.936,996.36,1000.672,4.29,3.809,4.654,309.899,0.0,935.158,315.808,0.0,774.523,79.623,0.0,208.081,24,135.148
TAM,Tamaulipas urbano,Reynosa,032,alta,2023-07-02,31.574,26.255,37.973,61.736,34.421,91.261,21.949,18.91,24.731,3.313,1.922,4.793,998.334,995.538,1000.132,3.562,3.296,3.802,302.395,0.0,893.255,297.948,0.0,691.611,88.261,0.0,229.612,24,131.822
TAM,Tamaulipas urbano,Reynosa,032,alta,2023-07-03,31.509,26.612,37.504,59.942,35.439,84.886,21.622,19.081,23.928,3.194,1.927,4.373,998.795,996.268,1000.499,3.894,3.753,4.044,305.884,0.0,958.936,304.051,0.0,761.196,82.767,0.0,215.944,24,138.482
TAM,Tamaulipas urbano,Reynosa,032,alta,2023-07-04,31.788,26.745,38.023,61.236,36.008,85.861,22.198,19.542,24.204,3.725,2.034,5.228,999.601,997.299,1001.519,4.18,4.006,4.616,321.777,0.0,982.875,340.936,0.0,830.384,71.098,0.0,204.06,24,139.813
TAM,Tamaulipas urbano,Reynosa,032,alta,2023-07-05,31.242,27.19,36.684,66.991,43.845,87.151,23.599,21.805,25.038,3.515,2.184,5.2,999.644,997.33,1001.295,5.462,4.689,6.197,276.347,0.0,810.097,235.217,0.0,562.376,107.599,0.0,314.374,24,128.22
TAM,Tamaulipas urbano,Reynosa,032,alta,2023-07-06,28.889,26.535,31.803,79.542,62.887,93.334,24.693,23.402,25.719,3.442,2.207,4.497,999.901,998.176,1001.238,6.06,5.785,6.203,185.242,0.0,606.413,105.48,0.0,323.655,108.133,0.0,342.088,24,125.422
TAM,Tamaulipas urbano,Reynosa,032,alta,2023-07-07,29.572,25.862,34.302,74.049,47.946,96.657,23.675,21.213,25.567,3.099,1.682,4.695,998.595,996.824,999.895,5.439,5.271,5.703,236.137,0.0,735.674,158.412,0.0,457.273,113.299,0.0,325.799,24,121.96
TAM,Tamaulipas urbano,Reynosa,032,alta,2023-07-08,30.428,25.951,35.831,72.599,47.904,96.636,24.113,22.558,25.68,3.289,1.585,5.054,998.018,996.214,999.363,5.065,4.892,5.222,296.562,0.0,917.352,282.834,0.0,718.418,86.402,0.0,232.224,24,138.041
TAM,Tamaulipas urbano,Reynosa,032,alta,2023-07-09,31.204,26.567,37.144,68.722,42.009,93.923,23.729,21.521,25.566,3.762,2.296,4.962,997.969,995.722,999.366,4.641,4.399,4.851,326.71,0.0,966.978,369.301,0.0,841.337,61.47,0.0,168.432,24,148.475
TAM,Tamaulipas urbano,Reynosa,032,alta,2023-07-10,31.42,26.997,36.883,69.507,45.485,92.068,24.239,22.47,25.794,3.68,2.231,5.077,998.638,997.338,1000.641,4.735,4.587,4.941,327.437,0.0,988.177,370.122,0.0,855.528,59.93,0.0,165.935,24,144.631
TAM,Tamaulipas urbano,Reynosa,032,alta,2023-07-11,31.733,27.237,37.758,65.528,37.485,90.941,23.121,19.697,25.959,3.781,2.373,4.788,999.463,997.191,1000.916,4.368,4.06,4.658,332.798,0.0,1003.955,388.034,0.0,884.256,53.76,0.0,121.889,24,150.535
TAM,Tamaulipas urbano,Reynosa,032,alta,2023-07-12,31.399,27.212,37.021,67.851,42.932,89.665,23.749,21.562,25.486,4.302,3.146,5.417,998.634,996.437,1000.376,4.276,4.001,4.667,334.467,0.0,1005.196,390.879,0.0,886.755,53.083,0.0,121.619,24,157.289
TAM,Tamaulipas urbano,Reynosa,032,alta,2023-07-13,31.577,26.873,37.936,66.844,37.231,92.789,23.208,19.578,25.739,4.629,3.297,5.877,997.662,995.257,999.286,3.701,3.544,3.99,329.959,0.0,1002.588,363.82,0.0,856.141,65.558,0.0,150.207,24,155.164
TAM,Tamaulipas urbano,Reynosa,032,alta,2023-07-14,31.702,26.677,37.898,65.272,38.532,90.383,23.002,20.126,25.412,4.546,2.869,5.636,997.912,995.573,999.312,3.483,3.376,3.74,333.776,0.0,1004.744,379.036,0.0,861.849,60.131,0.0,145.445,24,151.381
TAM,Tamaulipas urbano,Reynosa,032,alta,2023-07-15,31.42,26.67,37.558,66.226,37.514,92.4,22.952,19.654,25.692,4.527,3.068,5.747,999.252,997.556,1001.484,3.38,3.212,3.512,331.754,0.0,1007.238,362.507,0.0,868.982,66.119,0.0,165.005,24,145.817
TAM,Tamaulipas urbano,Reynosa,032,alta,2023-07-16,31.463,26.495,38.197,65.158,33.483,95.281,22.382,17.994,25.833,3.78,2.176,5.065,1001.13,999.164,1002.822,3.512,3.344,3.662,334.504,0.0,1005.998,380.214,0.0,871.733,58.759,0.0,141.248,24,146.707
TAM,Tamaulipas urbano,Reynosa,032,alta,2023-07-17,31.395,26.132,37.797,65.521,38.222,93.869,22.797,19.839,25.137,3.47,1.739,4.704,1001.891,999.86,1003.226,3.958,3.683,4.168,325.083,0.0,990.241,367.056,0.0,858.623,60.42,0.0,153.072,24,146.089
TAM,Tamaulipas urbano,Reynosa,032,alta,2023-07-18,31.5,26.268,37.65,62.333,34.416,92.978,21.736,18.1,25.102,3.635,1.969,4.904,1002.322,1000.364,1003.667,3.767,3.696,3.832,326.125,0.0,992.059,352.107,0.0,836.325,69.467,0.0,161.653,24,150.536
TAM,Tamaulipas urbano,Reynosa,032,alta,2023-07-19,31.356,26.648,37.656,63.505,35.217,88.991,22.152,18.577,24.764,4.281,2.838,5.822,1002.768,1000.668,1004.352,3.727,3.423,4.02,325.293,0.0,987.224,362.756,0.0,844.226,63.462,0.0,166.271,24,151.376
TAM,Tamaulipas urbano,Reynosa,032,alta,2023-07-20,31.365,26.541,37.744,62.364,34.205,90.648,21.767,18.282,24.942,4.003,2.554,5.213,1002.366,1000.005,1004.299,3.691,3.565,3.87,329.705,0.0,1004.126,374.968,0.0,876.197,58.722,0.0,139.155,24,147.233
TAM,Tamaulipas urbano,Reynosa,032,alta,2023-07-21,31.432,26.303,37.576,61.971,36.252,88.095,21.9,19.057,24.159,3.626,2.263,4.743,1000.201,997.427,1002.445,4.082,3.772,4.353,326.049,0.0,989.992,374.096,0.0,848.965,58.784,0.0,166.05,24,148.784
TAM,Tamaulipas urbano,Reynosa,032,alta,2023-07-22,31.358,26.812,36.775,63.088,37.947,88.446,22.307,19.328,24.715,2.92,1.63,4.033,999.686,997.447,1000.988,4.402,4.343,4.517,323.739,0.0,995.542,365.857,0.0,876.431,59.44,0.0,162.69,24,139.383
TAM,Tamaulipas urbano,Reynosa,032,alta,2023-07-23,31.292,26.746,36.727,65.166,41.252,89.622,22.862,20.51,24.852,2.913,1.473,4.671,1000.854,999.162,1003.106,4.79,4.374,5.163,295.307,0.0,849.936,310.992,0.0,729.288,76.76,0.0,234.295,24,137.366
TAM,Tamaulipas urbano,Reynosa,032,alta,2023-07-24,31.06,26.814,36.375,65.514,42.221,88.484,22.882,20.835,24.713,2.665,1.104,4.292,1003.389,1002.282,1004.768,5.119,4.715,5.33,240.25,0.0,757.206,189.339,0.0,548.522,103.26,0.0,323.856,24,124.497
TAM,Tamaulipas urbano,Reynosa,032,alta,2023-07-25,30.799,26.405,36.594,65.404,38.71,89.908,22.298,19.068,24.716,3.104,1.853,4.317,1004.021,1001.999,1005.916,4.31,4.011,4.674,272.393,0.0,837.519,231.994,0.0,600.883,98.98,0.0,270.435,24,137.998
TAM,Tamaulipas urbano,Reynosa,032,alta,2023-07-26,31.027,26.119,37.264,61.974,34.237,88.964,21.29,17.639,24.35,3.956,2.324,5.528,1002.535,1000.025,1004.217,3.729,3.407,4.103,310.746,0.0,957.36,303.168,0.0,756.209,85.547,0.0,207.96,24,151.032
TAM,Tamaulipas urbano,Reynosa,032,alta,2023-07-27,30.591,25.719,36.601,62.768,35.7,90.421,21.245,17.988,24.036,3.726,2.174,5.363,1001.619,999.466,1003.222,3.61,3.517,3.749,300.744,0.0,908.669,288.589,0.0,712.798,88.367,0.0,231.723,24,145.301
TAM,Tamaulipas urbano,Reynosa,032,alta,2023-07-28,29.649,25.547,34.947,64.942,41.356,88.975,21.381,18.969,23.613,3.336,1.647,5.21,1002.788,1001.475,1004.061,4.201,3.638,4.854,269.272,0.0,847.87,229.428,0.0,646.386,100.273,0.0,285.084,24,136.754
TAM,Tamaulipas urbano,Reynosa,032,alta,2023-07-29,30.339,24.973,36.326,61.023,37.402,84.3,20.844,18.661,23.485,2.949,1.238,4.919,1003.677,1001.931,1005.32,4.662,4.334,4.845,296.395,0.0,924.984,273.294,0.0,719.225,93.438,0.0,256.487,24,126.909
TAM,Tamaulipas urbano,Reynosa,032,alta,2023-07-30,30.561,26.068,35.2,67.627,46.825,91.478,23.021,21.271,24.618,2.451,1.04,3.645,1003.34,1001.573,1004.973,5.007,4.639,5.392,239.375,0.0,686.92,175.809,0.0,515.356,115.152,0.0,338.45,24,130.616
TAM,Tamaulipas urbano,Reynosa,032,alta,2023-07-31,31.719,26.516,37.973,61.624,35.289,88.338,22.117,19.237,24.538,2.965,1.571,4.412,1002.275,1000.094,1003.96,4.693,4.56,4.932,311.519,0.0,949.478,333.91,0.0,778.537,70.111,0.0,193.077,24,144.007
TAM,Tamaulipas urbano,Reynosa,032,alta,2023-08-01,32.137,26.662,38.774,60.304,34.197,87.876,22.111,19.437,24.529,3.062,1.318,4.966,1002.117,999.965,1003.449,4.109,3.816,4.571,319.241,0.0,993.812,360.89,0.0,877.054,60.244,0.0,164.527,24,142.022
TAM,Tamaulipas urbano,Reynosa,032,alta,2023-08-02,31.172,27.282,36.088,63.491,41.221,84.253,22.51,20.086,24.443,2.837,1.204,4.354,1001.945,1000.089,1003.285,4.567,3.966,5.01,308.415,0.0,955.395,337.297,0.0,833.152,67.113,0.0,204.774,24,135.417
TAM,Tamaulipas urbano,Reynosa,032,alta,2023-08-03,31.271,26.952,37.108,63.575,38.86,85.105,22.497,20.143,24.453,3.619,1.974,5.374,1000.919,999.024,1002.418,4.719,4.48,4.943,318.519,0.0,969.889,365.462,0.0,839.232,58.417,0.0,149.848,24,153.927
TAM,Tamaulipas urbano,Reynosa,032,alta,2023-08-04,31.875,26.693,38.334,60.234,34.524,86.072,21.811,19.133,24.181,4.13,2.558,5.543,999.419,997.31,1001.057,3.988,3.75,4.443,306.061,0.0,925.3,327.34,0.0,764.488,74.414,0.0,204.434,24,155.624
TAM,Tamaulipas urbano,Reynosa,032,alta,2023-08-05,31.691,26.681,37.904,61.357,36.192,86.557,22.031,19.42,24.268,4.149,2.885,5.16,999.801,998.033,1001.854,3.853,3.71,3.98,322.601,0.0,998.959,370.009,0.0,882.576,56.684,0.0,147.664,24,148.286
TAM,Tamaulipas urbano,Reynosa,032,alta,2023-08-06,32.126,27.051,38.933,61.577,34.918,86.181,22.438,19.631,24.507,4.31,2.875,5.87,1000.401,998.397,1001.985,3.686,3.377,3.997,327.122,0.0,1007.537,388.107,0.0,900.761,51.101,0.0,125.204,24,155.571
TAM,Tamaulipas urbano,Reynosa,032,alta,2023-08-07,32.22,26.907,38.998,62.58,35.191,88.125,22.691,19.762,24.761,4.274,2.533,5.724,1000.688,998.402,1002.049,3.523,3.384,3.647,326.755,0.0,1002.143,385.03,0.0,883.921,52.949,0.0,131.181,24,152.596
TAM,Tamaulipas urbano,Reynosa,032,alta,2023-08-08,32.037,27.191,38.462,63.92,36.155,90.109,22.99,19.886,25.414,4.145,2.596,5.765,999.822,997.218,1001.854,3.782,3.583,3.948,325.853,0.0,1006.139,387.663,0.0,908.641,49.369,0.0,118.462,24,149.437
TAM,Tamaulipas urbano,Reynosa,032,alta,2023-08-09,32.27,27.534,38.937,64.989,36.331,89.9,23.499,20.227,25.703,4.71,3.143,6.357,997.355,994.278,999.667,3.954,3.743,4.195,324.026,0.0,1000.954,380.23,0.0,889.123,52.437,0.0,124.412,24,152.535
TAM,Tamaulipas urbano,Reynosa,032,alta,2023-08-10,32.518,27.492,39.174,65.535,37.937,90.238,23.833,21.041,26.024,4.569,3.161,5.523,995.883,993.213,997.648,3.871,3.76,4.005,320.921,0.0,990.905,369.872,0.0,868.249,56.259,0.0,138.248,24,149.538
TAM,Tamaulipas urbano,Reynosa,032,alta,2023-08-11,31.78,27.909,37.391,69.959,43.699,91.369,24.566,21.858,26.407,4.159,2.898,5.484,997.319,995.382,999.455,3.946,3.849,4.072,316.551,0.0,985.573,353.972,0.0,846.939,62.305,0.0,152.439,24,144.853
TAM,Tamaulipas urbano,Reynosa,032,alta,2023-08-12,31.634,27.784,36.978,67.842,42.624,90.773,24.003,21.591,26.27,3.683,2.271,4.92,998.998,996.869,1000.557,3.812,3.67,4.025,318.57,0.0,987.623,362.561,0.0,851.735,59.922,0.0,150.139,24,145.133
TAM,Tamaulipas urbano,Reynosa,032,alta,2023-08-13,31.249,27.113,36.746,67.004,41.256,90.3,23.21,20.36,25.374,3.702,2.337,5.245,999.714,997.749,1001.309,4.076,3.864,4.25,311.737,0.0,967.957,353.948,0.0,847.466,58.751,0.0,153.624,24,143.858
TAM,Tamaulipas urbano,Reynosa,032,alta,2023-08-14,31.515,26.779,37.601,65.409,38.074,91.674,22.893,19.741,25.574,3.255,1.583,4.994,1000.988,999.214,1002.915,4.429,3.968,4.859,306.349,0.0,967.555,333.287,0.0,836.855,65.162,0.0,184.101,24,137.461
TAM,Tamaulipas urbano,Reynosa,032,alta,2023-08-15,31.197,27.144,36.2,63.765,40.657,87.78,22.468,19.87,24.974,2.342,1.099,3.773,1002.268,1000.632,1004.205,4.83,4.485,5.075,276.429,0.0,940.549,272.536,0.0,780.903,78.333,0.0,261.178,24,134.867
TAM,Tamaulipas urbano,Reynosa,032,alta,2023-08-16,31.54,26.208,37.88,55.641,30.564,82.385,19.967,16.844,22.928,2.568,1.051,4.086,1000.457,997.806,1002.551,4.25,4.077,4.417,293.888,0.0,883.133,290.03,0.0,700.963,87.19,0.0,273.357,24,149.204
TAM,Tamaulipas urbano,Reynosa,032,alta,2023-08-17,32.238,25.81,39.712,55.373,30.407,81.561,20.427,18.06,23.135,3.48,2.045,4.629,998.78,996.115,1000.328,4.36,4.204,4.519,292.914,0.0,926.047,297.603,0.0,763.665,75.072,0.0,190.329,24,156.814
TAM,Tamaulipas urbano,Reynosa,032,alta,2023-08-18,31.807,26.772,38.231,61.229,35.199,86.152,22.043,19.185,24.224,3.56,1.98,5.03,998.885,996.893,1000.206,4.713,4.406,5.075,278.215,0.0,870.29,258.01,0.0,665.138,87.333,0.0,235.587,24,148.035
TAM,Tamaulipas urbano,Reynosa,032,alta,2023-08-19,31.262,26.741,36.731,63.368,39.426,88.03,22.278,19.595,24.651,3.423,1.914,4.482,999.535,997.659,1001.09,4.62,4.405,4.876,238.184,0.0,731.424,187.117,0.0,535.899,102.621,0.0,305.599,24,146.55
TAM,Tamaulipas urbano,Reynosa,032,alta,2023-08-20,30.783,26.825,35.854,63.236,38.621,84.167,21.889,18.816,23.929,2.547,1.24,4.345,1000.56,998.81,1001.949,4.347,4.179,4.509,212.899,0.0,740.134,128.285,0.0,417.925,116.525,0.0,358.712,24,125.599
TAM,Tamaulipas urbano,Reynosa,032,alta,2023-08-21,30.248,26.346,35.29,66.836,43.069,88.388,22.427,20.359,24.291,2.647,1.04,4.708,999.992,998.417,1001.6,4.658,4.232,5.33,220.506,0.0,686.106,145.027,0.0,485.005,119.726,0.0,378.316,24,42.708
TAM,Tamaulipas urbano,Reynosa,032,alta,2023-08-22,29.23,26.213,33.111,76.892,59.378,89.444,24.224,23.322,25.557,3.198,1.618,4.555,996.799,994.263,999.321,6.054,5.466,6.29,195.22,0.0,616.084,147.236,0.0,461.699,88.417,0.0,251.649,24,37.508
TAM,Tamaulipas urbano,Reynosa,032,alta,2023-08-23,28.887,26.419,32.344,79.3,59.346,92.856,24.658,23.356,25.662,2.215,1.01,3.824,999.471,998.13,1000.909,5.888,4.802,6.333,198.889,0.0,668.052,129.987,0.0,356.272,107.578,0.0,331.41,24,105.6
TAM,Tamaulipas urbano,Reynosa,032,alta,2023-08-24,30.166,25.709,35.857,68.672,39.237,95.242,22.755,19.452,25.682,2.187,0.944,3.97,1000.577,999.134,1002.156,4.253,3.929,4.66,290.239,0.0,910.823,295.359,0.0,742.141,80.172,0.0,234.566,24,93.358
TAM,Tamaulipas urbano,Reynosa,032,alta,2023-08-25,29.235,25.849,33.352,70.767,49.306,89.292,22.782,20.86,24.169,1.946,0.903,3.489,999.854,998.637,1001.195,4.995,4.64,5.348,246.235,0.0,779.133,199.905,0.0,539.757,102.948,0.0,295.856,24,102.017
TAM,Tamaulipas urbano,Reynosa,032,alta,2023-08-26,29.732,25.804,34.755,69.651,45.374,90.873,22.906,21.002,24.344,1.939,0.763,3.443,998.866,996.918,1000.283,5.064,4.813,5.298,223.738,0.0,763.158,166.211,0.0,456.885,102.691,0.0,326.624,24,81.331
TAM,Tamaulipas urbano,Reynosa,032,alta,2023-08-27,30.446,25.776,36.862,66.225,37.169,91.187,22.278,18.83,24.343,1.841,0.793,3.518,997.351,994.878,999.031,4.476,3.923,5.21,280.141,0.0,929.188,289.98,0.0,788.196,73.418,0.0,211.207,24,110.845
TAM,Tamaulipas urbano,Reynosa,032,alta,2023-08-28,31.671,25.086,39.258,59.402,27.474,92.661,20.78,16.441,24.069,1.901,1.182,2.944,996.357,994.549,997.746,3.967,3.642,4.504,304.916,0.0,971.186,350.281,0.0,851.137,59.101,0.0,152.193,24,145.793
TAM,Tamaulipas urbano,Reynosa,032,alta,2023-08-29,31.773,26.588,38.263,58.711,34.095,80.866,21.583,19.122,24.122,2.202,0.999,4.036,996.342,994.49,997.6,4.866,4.568,5.156,237.201,0.0,788.826,208.518,0.0,607.674,90.384,0.0,265.089,24,66.105
TAM,Tamaulipas urbano,Reynosa,032,alta,2023-08-30,31.417,26.395,38.096,57.317,29.113,86.858,20.33,15.391,24.276,2.332,0.93,4.159,997.008,995.027,998.631,4.159,3.553,4.773,265.613,0.0,865.754,260.95,0.0,700.97,83.244,0.0,251.273,24,46.335
TAM,Tamaulipas urbano,Reynosa,032,alta,2023-08-31,31.304,24.766,38.871,52.642,25.896,79.299,18.667,15.187,22.374,2.08,1.008,3.853,997.207,995.178,999.116,3.673,3.611,3.783,298.586,0.0,957.673,331.143,0.0,833.065,65.417,0.0,171.344,24,123.849
TAM,Tamaulipas urbano,Reynosa,032,alta,2023-09-01,31.209,25.606,38.104,57.872,29.961,86.012,20.407,16.962,23.082,2.554,1.064,4.596,999.628,997.804,1001.994,3.544,3.256,3.857,284.459,0.0,928.006,289.473,0.0,833.996,80.195,0.0,263.606,24,126.532
TAM,Tamaulipas urbano,Reynosa,032,alta,2023-09-02,30.967,25.557,37.761,58.247,30.311,85.583,20.305,16.619,22.984,2.302,0.795,4.303,1001.033,998.593,1002.374,3.341,3.103,3.767,290.284,0.0,924.329,314.816,0.0,781.082,71.723,0.0,205.616,24,126.153
TAM,Tamaulipas urbano,Reynosa,032,alta,2023-09-03,31.455,25.844,38.246,59.844,31.871,86.058,21.355,17.952,24.184,2.6,1.096,4.294,999.505,996.141,1002.064,3.9,3.759,4.376,296.289,0.0,952.7,340.362,0.0,869.393,59.597,0.0,175.129,24,155.646
TAM,Tamaulipas urbano,Reynosa,032,alta,2023-09-04,31.799,27.4,37.644,64.282,40.059,85.909,23.171,20.701,24.853,4.111,2.513,5.426,996.773,994.004,998.749,4.223,3.846,4.616,298.918,0.0,964.085,357.41,0.0,877.733,52.204,0.0,133.296,24,154.789
TAM,Tamaulipas urbano,Reynosa,032,alta,2023-09-05,32.014,27.328,38.372,63.044,36.905,86.007,22.856,19.958,24.97,4.214,3.157,5.372,997.033,995.106,999.497,3.921,3.682,4.295,300.593,0.0,969.07,363.295,0.0,891.338,49.871,0.0,123.299,24,149.279
TAM,Tamaulipas urbano,Reynosa,032,alta,2023-09-06,31.489,27.349,36.726,65.664,41.448,88.181,23.495,21.124,25.229,2.816,1.546,4.319,999.221,997.555,1000.749,4.631,4.364,4.816,287.673,0.0,932.907,339.844,0.0,837.1,54.472,0.0,158.657,24,134.865
TAM,Tamaulipas urbano,Reynosa,032,alta,2023-09-07,31.21,27.058,36.297,65.622,42.464,88.327,23.176,20.865,25.094,2.324,0.929,3.96,999.113,996.92,1000.449,4.32,3.961,4.791,284.019,0.0,907.352,331.578,0.0,815.092,59.202,0.0,175.692,24,134.544
TAM,Tamaulipas urbano,Reynosa,032,alta,2023-09-08,31.843,26.723,38.365,62.15,34.953,88.9,22.431,19.403,24.78,2.572,1.119,4.373,999.277,997.216,1000.562,3.78,3.517,4.141,295.293,0.0,958.667,356.32,0.0,895.312,50.524,0.0,134.525,24,139.926
TAM,Tamaulipas urbano,Reynosa,032,alta,2023-09-09,31.975,26.396,38.786,59.063,30.736,88.966,21.473,17.745,24.439,2.461,1.157,4.177,1000.485,998.689,1002.044,3.819,3.57,3.969,292.406,0.0,946.427,356.228,0.0,858.833,51.631,0.0,148.805,24,133.521
TAM,Tamaulipas urbano,Reynosa,032,alta,2023-09-10,32.018,26.034,39.115,56.622,29.675,84.091,20.846,17.564,23.129,2.376,1.173,4.0,1001.078,998.814,1002.684,3.898,3.821,4.014,290.087,0.0,952.545,338.767,0.0,869.448,55.968,0.0,141.141,24,141.054
TAM,Tamaulipas urbano,Reynosa,032,alta,2023-09-11,31.818,26.622,38.589,58.725,31.296,84.709,21.433,17.932,23.829,2.857,1.624,4.263,999.949,997.224,1001.755,3.743,3.515,3.983,280.623,0.0,909.685,320.749,0.0,793.913,63.433,0.0,190.842,24,131.551
TAM,Tamaulipas urbano,Reynosa,032,alta,2023-09-12,31.744,26.675,38.4,58.46,31.179,84.702,21.194,17.364,23.899,3.014,1.783,4.451,999.368,996.749,1001.093,3.801,3.625,4.001,282.349,0.0,910.07,327.727,0.0,858.357,58.82,0.0,174.854,24,133.182
TAM,Tamaulipas urbano,Reynosa,032,alta,2023-09-13,31.683,26.183,38.473,58.254,30.163,86.39,20.865,16.934,23.756,2.822,1.261,4.347,999.119,995.911,1001.053,4.004,3.868,4.271,291.438,0.0,950.881,358.543,0.0,890.089,48.183,0.0,121.616,24,145.534
TAM,Tamaulipas urbano,Reynosa,032,alta,2023-09-14,32.052,26.763,38.582,60.343,34.581,85.858,22.135,19.376,24.183,3.43,1.801,4.769,997.791,994.894,999.644,4.489,4.28,4.763,285.721,0.0,935.895,350.908,0.0,870.081,48.999,0.0,127.492,24,150.286
TAM,Tamaulipas urbano,Reynosa,032,alta,2023-09-15,31.754,27.45,37.57,64.23,39.653,86.638,23.318,21.067,25.033,3.525,2.02,4.734,998.609,996.449,1000.927,4.752,4.649,4.846,268.964,0.0,887.657,301.568,0.0,795.542,63.405,0.0,188.246,24,141.387
TAM,Tamaulipas urbano,Reynosa,032,alta,2023-09-16,30.243,26.68,35.483,69.527,43.634,90.127,23.344,20.754,24.932,2.355,1.114,3.969,1000.426,998.471,1001.983,5.034,4.765,5.388,234.793,0.0,823.629,205.296,0.0,660.197,86.677,0.0,285.872,24,130.045
TAM,Tamaulipas urbano,Reynosa,032,alta,2023-09-17,29.226,26.368,33.495,73.583,50.186,90.989,23.561,21.629,24.958,1.814,0.626,3.343,1001.768,999.923,1003.099,5.164,4.857,5.349,198.748,0.0,701.79,143.158,0.0,426.072,104.363,0.0,325.787,24,75.063
TAM,Tamaulipas urbano,Reynosa,032,alta,2023-09-18,29.443,24.741,35.349,68.164,40.446,95.127,22.009,19.159,24.397,2.141,0.84,3.94,1000.93,998.819,1002.73,4.337,4.085,4.794,259.459,0.0,833.446,297.995,0.0,793.11,63.681,0.0,202.08,24,82.86
TAM,Tamaulipas urbano,Reynosa,032,alta,2023-09-19,29.979,24.936,36.446,63.853,35.777,89.99,21.329,18.454,23.188,2.154,0.865,3.68,998.711,995.763,1000.638,3.756,3.566,4.059,277.297,0.0,895.814,329.844,0.0,852.686,56.97,0.0,177.391,24,125.5
TAM,Tamaulipas urbano,Reynosa,032,alta,2023-09-20,30.433,24.731,37.343,62.903,34.328,91.225,21.356,18.517,23.267,2.432,1.213,3.768,997.507,994.854,998.914,3.23,3.046,3.569,286.378,0.0,945.258,363.458,0.0,908.754,45.876,0.0,125.99,24,144.032
TAM,Tamaulipas urbano,Reynosa,032,alta,2023-09-21,30.713,25.443,37.262,65.262,37.661,90.966,22.447,20.059,24.371,2.884,1.367,4.251,998.973,997.158,1000.87,3.487,3.148,3.791,272.33,0.0,868.967,330.479,0.0,836.923,56.736,0.0,194.266,24,141.055
TAM,Tamaulipas urbano,Reynosa,032,alta,2023-09-22,31.212,26.304,37.608,64.99,37.634,91.408,22.83,20.164,24.756,3.126,1.825,4.225,998.915,996.484,1001.104,3.886,3.764,3.987,269.595,0.0,904.351,327.571,0.0,845.651,55.032,0.0,155.125,24,148.302
TAM,Tamaulipas urbano,Reynosa,032,alta,2023-09-23,31.444,26.384,38.023,63.808,36.02,89.798,22.666,19.819,24.555,3.241,2.122,4.332,997.58,995.123,999.192,4.218,3.969,4.382,276.11,0.0,916.354,348.91,0.0,874.253,46.964,0.0,136.18,24,147.008
TAM,Tamaulipas urbano,Reynosa,032,alta,2023-09-24,31.501,26.324,38.303,63.51,34.71,90.253,22.544,19.388,24.565,3.245,1.812,4.526,997.182,995.448,998.962,4.125,3.99,4.282,276.527,0.0,919.86,350.684,0.0,890.32,45.419,0.0,121.38,24,147.872
TAM,Tamaulipas urbano,Reynosa,032,alta,2023-09-25,31.273,25.932,38.031,60.074,32.216,88.017,21.317,17.723,23.872,3.064,1.857,3.893,999.347,997.845,1001.909,3.887,3.649,4.097,273.234,0.0,908.602,343.094,0.0,884.034,48.6,0.0,148.078,24,134.662
TAM,Tamaulipas urbano,Reynosa,032,alta,2023-09-26,30.644,25.762,36.673,59.375,35.619,82.02,20.911,18.603,22.468,2.023,0.779,3.633,1001.116,998.671,1003.018,4.313,4.138,4.5,259.708,0.0,891.104,295.203,0.0,819.876,63.267,0.0,180.294,24,121.679
TAM,Tamaulipas urbano,Reynosa,032,alta,2023-09-27,30.78,25.716,37.405,59.277,32.662,83.454,20.861,17.989,22.799,2.061,0.862,3.665,999.562,996.647,1001.225,4.248,3.947,4.542,248.148,0.0,856.292,272.241,0.0,810.437,63.244,0.0,179.771,24,127.809
TAM,Tamaulipas urbano,Reynosa,032,alta,2023-09-28,30.055,25.363,35.993,63.434,38.142,87.991,21.514,19.287,23.219,2.128,0.778,3.946,998.527,995.919,999.948,4.328,4.094,4.589,256.17,0.0,845.384,302.539,0.0,827.691,61.061,0.0,222.507,24,121.253
TAM,Tamaulipas urbano,Reynosa,032,alta,2023-09-29,30.129,25.355,36.37,63.763,37.162,88.664,21.542,18.792,23.455,2.055,0.726,3.938,998.582,996.547,999.936,3.983,3.81,4.195,254.063,0.0,850.532,300.734,0.0,792.501,61.912,0.0,221.42,24,93.38
TAM,Tamaulipas urbano,Reynosa,032,alta,2023-09-30,30.342,25.476,36.733,64.837,37.116,88.385,22.053,19.514,23.902,2.135,0.67,3.879,999.426,997.333,1001.307,4.106,3.859,4.357,252.019,0.0,839.728,303.871,0.0,796.476,56.69,0.0,179.972,24,108.195
TAM,Tamaulipas urbano,Reynosa,032,alta,2023-10-01,30.629,26.458,36.492,65.955,40.569,86.331,22.803,20.712,24.38,2.138,0.735,3.93,999.973,997.419,1001.851,4.598,4.399,4.893,233.535,0.0,796.767,253.141,0.0,700.962,70.113,0.0,223.747,24,111.276
TAM,Tamaulipas urbano,Reynosa,032,alta,2023-10-02,30.571,26.702,36.238,68.169,42.037,87.77,23.335,20.959,24.893,2.235,0.87,4.014,999.146,996.694,1000.781,4.893,4.68,5.097,235.632,0.0,768.767,267.165,0.0,685.648,68.03,0.0,239.44,24,107.253
TAM,Tamaulipas urbano,Reynosa,032,alta,2023-10-03,30.763,26.774,36.265,68.496,43.697,88.473,23.601,21.599,25.095,2.33,0.759,4.117,997.431,994.728,999.31,4.901,4.671,5.047,244.138,0.0,812.212,289.081,0.0,794.92,58.249,0.0,178.795,24,120.882
TAM,Tamaulipas urbano,Reynosa,032,alta,2023-10-04,30.931,26.697,36.561,67.511,42.078,89.78,23.475,21.185,24.977,3.023,1.471,4.186,996.55,994.178,998.045,4.547,4.314,4.788,230.701,0.0,781.395,255.257,0.0,639.401,72.204,0.0,249.648,24,139.908
TAM,Tamaulipas urbano,Reynosa,032,alta,2023-10-05,30.048,26.012,35.537,72.533,46.54,91.972,23.848,21.543,25.172,2.958,1.964,3.855,998.193,996.122,1001.411,4.985,4.676,5.752,193.695,0.0,702.532,212.717,0.0,660.316,56.651,0.0,188.417,24,119.324
TAM,Tamaulipas urbano,Reynosa,032,alta,2023-10-06,26.631,23.815,30.529,73.826,51.567,95.655,21.073,18.771,24.477,3.894,2.854,5.119,1002.326,1000.688,1004.253,4.938,4.45,5.737,122.305,0.0,482.245,40.291,0.0,271.371,95.629,0.0,316.822,24,9.09
TAM,Tamaulipas urbano,Reynosa,032,alta,2023-10-07,25.931,23.127,30.158,66.949,47.004,83.556,18.898,17.163,20.162,4.375,3.222,5.812,1005.32,1003.935,1007.037,4.539,4.411,4.616,98.189,0.0,351.156,18.472,0.0,80.647,85.719,0.0,283.322,24,13.093
TAM,Tamaulipas urbano,Reynosa,032,alta,2023-10-08,23.936,21.303,27.948,64.49,43.235,82.169,16.277,13.928,18.823,3.056,1.393,3.912,1004.858,1002.332,1007.376,4.536,4.472,4.594,54.467,0.0,193.368,4.333,0.0,41.204,52.317,0.0,187.159,24,24.704
TAM,Tamaulipas urbano,Reynosa,032,alta,2023-10-09,24.704,19.649,30.867,65.401,42.93,83.047,17.228,16.391,19.873,2.103,1.278,3.347,999.846,996.373,1002.722,4.892,4.53,5.173,130.771,0.0,484.498,69.43,0.0,305.018,81.55,0.0,300.806,24,110.178
TAM,Tamaulipas urbano,Reynosa,032,alta,2023-10-10,25.002,22.991,28.494,77.03,61.629,92.142,20.458,19.91,21.757,2.729,1.371,3.949,995.086,992.18,997.961,5.722,5.163,6.065,49.305,0.0,182.759,1.928,0.0,12.152,48.149,0.0,172.384,24,68.251
TAM,Tamaulipas urbano,Reynosa,032,alta,2023-10-11,25.241,21.727,29.82,78.777,58.561,93.363,20.919,20.445,21.729,2.176,1.614,2.759,991.575,989.451,993.302,5.38,4.567,6.018,99.762,0.0,350.366,46.511,0.0,150.277,73.433,0.0,262.762,24,40.746
TAM,Tamaulipas urbano,Reynosa,032,alta,2023-10-12,27.817,22.172,35.275,71.235,40.549,93.875,21.147,19.145,23.175,2.007,0.839,3.225,991.088,988.33,993.219,3.665,3.273,4.436,254.114,0.0,874.792,346.788,0.0,914.337,40.247,0.0,105.531,24,132.913
TAM,Tamaulipas urbano,Reynosa,032,alta,2023-10-13,29.541,24.458,36.519,73.557,44.507,95.802,23.441,21.837,25.233,2.546,1.533,3.855,994.157,992.051,998.526,4.326,3.885,4.727,239.433,0.0,834.82,304.034,0.0,826.416,49.547,0.0,141.001,24,121.503
TAM,Tamaulipas urbano,Reynosa,032,alta,2023-10-14,27.152,23.087,31.46,70.857,44.637,96.449,20.436,16.608,25.317,3.229,1.164,4.889,1002.306,998.663,1005.553,4.802,4.535,5.052,171.543,0.0,714.554,125.987,0.0,549.416,88.25,0.0,287.189,24,36.554
TAM,Tamaulipas urbano,Reynosa,032,alta,2023-10-15,24.093,19.937,29.502,55.378,31.448,75.67,13.524,10.287,17.082,3.135,1.517,4.654,1006.628,1005.451,1008.117,3.419,2.792,4.424,210.171,0.0,771.128,223.737,0.0,693.624,72.69,0.0,240.171,24,15.238
TAM,Tamaulipas urbano,Reynosa,032,alta,2023-10-16,21.762,17.448,27.412,52.976,29.057,76.791,10.713,7.292,14.265,3.119,1.44,4.994,1008.55,1006.542,1011.094,2.069,1.595,2.728,225.588,0.0,802.526,271.661,0.0,832.392,61.622,0.0,227.398,24,19.448
TAM,Tamaulipas urbano,Reynosa,032,alta,2023-10-17,21.184,15.072,28.682,52.344,25.622,76.25,9.809,6.719,12.328,1.731,1.332,2.298,1005.871,1002.836,1008.669,1.501,1.443,1.585,249.355,0.0,881.819,334.399,0.0,936.598,46.835,0.0,139.95,24,67.997
TAM,Tamaulipas urbano,Reynosa,032,alta,2023-10-18,22.955,16.2,30.885,57.372,30.279,81.37,12.916,11.054,16.029,2.337,1.332,3.589,1001.58,999.07,1003.86,1.893,1.551,2.354,245.802,0.0,854.705,330.737,0.0,872.363,49.299,0.0,178.722,24,161.699
TAM,Tamaulipas urbano,Reynosa,032,alta,2023-10-19,25.693,19.539,32.712,64.031,37.541,88.386,17.336,15.778,19.674,1.788,1.238,2.266,1000.796,999.505,1002.119,2.715,2.435,2.914,221.747,0.0,782.799,241.827,0.0,714.239,69.634,0.0,202.891,24,145.165
TAM,Tamaulipas urbano,Reynosa,032,alta,2023-10-20,27.108,21.101,34.523,63.24,34.053,87.502,18.308,15.538,20.166,1.609,0.986,2.673,1000.496,997.469,1002.948,2.741,2.655,2.925,234.309,0.0,821.797,298.489,0.0,866.82,53.27,0.0,173.261,24,165.771
TAM,Tamaulipas urbano,Reynosa,032,alta,2023-10-21,26.939,21.399,33.761,68.049,38.903,90.765,19.575,17.407,21.889,2.698,1.242,4.046,998.428,995.968,999.864,2.749,2.528,3.106,234.103,0.0,816.914,294.699,0.0,874.015,52.401,0.0,152.586,24,157.564
TAM,Tamaulipas urbano,Reynosa,032,alta,2023-10-22,27.761,22.923,34.01,68.453,40.392,92.594,20.503,18.116,22.158,3.732,1.843,5.348,997.331,994.664,999.017,3.398,3.168,3.724,221.426,0.0,792.927,270.357,0.0,783.548,60.549,0.0,215.067,24,148.522
TAM,Tamaulipas urbano,Reynosa,032,alta,2023-10-23,28.135,24.125,33.32,66.864,44.05,84.409,20.82,19.142,22.542,4.595,2.909,5.906,996.468,994.244,998.091,4.185,3.56,4.88,197.729,0.0,701.922,202.033,0.0,595.721,75.244,0.0,252.302,24,138.707
TAM,Tamaulipas urbano,Reynosa,032,alta,2023-10-24,28.877,25.769,33.85,69.712,47.692,84.277,22.327,20.877,23.82,4.847,4.093,5.951,997.267,995.141,999.287,4.672,4.457,4.892,190.189,0.0,661.809,174.786,0.0,505.18,86.438,0.0,291.901,24,138.345
TAM,Tamaulipas urbano,Reynosa,032,alta,2023-10-25,27.915,25.575,31.253,80.441,60.685,93.856,23.872,22.384,25.025,3.513,2.509,4.575,998.325,996.648,999.963,5.364,4.921,5.611,112.826,0.0,420.223,65.085,0.0,252.949,76.245,0.0,289.26,24,135.056
TAM,Tamaulipas urbano,Reynosa,032,alta,2023-10-26,27.98,25.33,32.023,82.217,60.331,96.897,24.233,22.839,25.1,2.897,1.893,3.999,998.525,996.829,1000.284,5.642,5.503,5.726,132.722,0.0,515.123,86.943,0.0,386.845,78.991,0.0,302.216,24,131.101
TAM,Tamaulipas urbano,Reynosa,032,alta,2023-10-27,28.087,25.233,32.999,77.864,52.483,95.641,23.38,21.337,25.134,3.148,2.282,4.376,1000.928,999.205,1002.827,4.628,3.418,5.695,202.179,0.0,730.664,251.144,0.0,737.075,56.627,0.0,195.889,24,125.18
TAM,Tamaulipas urbano,Reynosa,032,alta,2023-10-28,27.493,23.467,32.953,74.796,49.171,96.446,22.01,20.486,23.271,3.164,1.557,4.837,1000.351,997.231,1002.87,3.414,3.122,3.615,198.854,0.0,678.169,262.36,0.0,696.414,54.018,0.0,219.981,24,132.6
TAM,Tamaulipas urbano,Reynosa,032,alta,2023-10-29,27.269,23.488,33.087,69.682,43.425,90.899,20.52,18.002,22.287,3.317,1.936,4.527,998.541,995.641,1000.777,3.054,2.963,3.134,222.036,0.0,804.921,312.22,0.0,886.219,43.423,0.0,125.975,24,141.287
TAM,Tamaulipas urbano,Reynosa,032,alta,2023-10-30,16.8,12.076,23.236,72.487,55.086,92.34,11.579,6.006,20.921,5.119,1.926,6.69,1006.844,1000.968,1010.835,3.034,2.709,3.269,148.861,0.0,512.604,175.43,0.0,469.633,55.409,0.0,203.87,24,1.632
TAM,Tamaulipas urbano,Reynosa,032,alta,2023-10-31,13.91,10.912,18.335,57.662,44.694,69.974,5.318,4.563,5.882,4.617,3.14,5.77,1011.867,1010.154,1014.197,2.795,2.387,3.015,80.475,0.0,309.925,19.979,0.0,112.224,71.32,0.0,289.466,24,344.928
TAM,Tamaulipas urbano,Reynosa,032,alta,2023-11-01,15.621,10.524,22.336,49.811,27.102,68.979,4.085,1.675,8.252,2.99,1.453,4.331,1013.304,1010.814,1015.983,2.138,1.988,2.325,164.675,0.0,622.167,176.32,0.0,532.558,66.285,0.0,246.499,24,10.122
TAM,Tamaulipas urbano,Reynosa,032,alta,2023-11-02,18.155,11.504,25.538,65.173,41.15,83.558,10.713,8.555,14.605,1.822,1.087,2.823,1009.82,1007.103,1011.928,2.517,2.302,2.664,124.03,0.0,445.565,97.76,0.0,290.656,77.117,0.0,317.17,24,63.576
TAM,Tamaulipas urbano,Reynosa,032,alta,2023-11-03,22.002,16.647,29.087,67.905,41.891,86.693,15.072,14.327,16.983,1.655,0.931,2.692,1007.021,1004.733,1008.886,2.629,2.568,2.696,170.831,0.0,595.661,181.346,0.0,538.146,72.83,0.0,273.589,24,111.275
TAM,Tamaulipas urbano,Reynosa,032,alta,2023-11-04,23.39,18.047,30.229,69.189,41.487,93.354,16.602,15.301,17.432,1.906,0.998,2.978,1005.514,1002.913,1007.605,2.497,2.401,2.633,194.365,0.0,667.586,224.299,0.0,757.632,71.639,0.0,288.159,24,134.225
TAM,Tamaulipas urbano,Reynosa,032,alta,2023-11-05,23.708,19.17,30.063,69.179,41.139,92.031,16.945,14.733,18.372,1.74,0.685,2.752,1004.559,1002.093,1006.707,2.328,2.256,2.463,182.062,0.0,657.432,198.213,0.0,602.297,69.931,0.0,255.442,25,141.245
TAM,Tamaulipas urbano,Reynosa,032,alta,2023-11-06,24.05,19.068,30.156,71.082,43.141,95.752,17.735,15.799,18.986,2.462,1.371,3.467,1002.27,1000.178,1004.021,2.505,2.337,2.726,192.982,0.0,709.681,238.081,0.0,701.709,63.434,0.0,232.185,24,162.022
TAM,Tamaulipas urbano,Reynosa,032,alta,2023-11-07,24.784,19.791,31.017,73.42,46.017,95.297,18.972,17.543,20.87,2.898,1.588,3.908,1000.566,998.496,1002.592,2.974,2.765,3.212,175.662,0.0,629.992,200.348,0.0,648.588,65.759,0.0,226.372,24,161.768
TAM,Tamaulipas urbano,Reynosa,032,alta,2023-11-08,26.134,21.413,32.742,73.926,44.399,96.357,20.29,18.371,21.836,3.171,2.172,4.013,998.291,995.792,1000.184,3.433,3.188,3.927,199.322,0.0,708.487,269.836,0.0,793.458,49.39,0.0,165.195,24,153.938
TAM,Tamaulipas urbano,Reynosa,032,alta,2023-11-09,26.224,22.346,31.444,80.034,55.908,97.486,22.069,21.271,22.849,2.601,1.625,3.365,997.746,995.714,999.643,4.703,3.992,5.491,138.313,0.0,504.56,104.774,0.0,318.255,82.09,0.0,307.747,24,137.021
TAM,Tamaulipas urbano,Reynosa,032,alta,2023-11-10,21.297,17.953,24.041,88.827,77.96,95.307,19.327,17.04,22.707,3.039,1.808,4.012,1002.127,999.389,1004.984,5.341,5.081,5.57,61.578,0.0,228.463,37.615,0.0,135.27,39.243,0.0,141.742,24,43.165
TAM,Tamaulipas urbano,Reynosa,032,alta,2023-11-11,18.037,16.678,20.201,88.715,77.053,94.788,16.06,15.53,16.731,3.097,2.555,3.595,1005.992,1004.439,1007.677,4.963,4.792,5.063,51.608,0.0,203.954,18.672,0.0,115.374,42.559,0.0,166.354,24,349.662
TAM,Tamaulipas urbano,Reynosa,032,alta,2023-11-12,18.232,16.402,20.788,90.747,80.017,95.608,16.626,15.552,17.728,3.613,2.759,4.296,1006.826,1005.252,1008.293,4.961,4.659,5.34,34.154,0.0,134.037,8.984,0.0,55.573,28.854,0.0,111.303,24,346.569
TAM,Tamaulipas urbano,Reynosa,032,alta,2023-11-13,18.504,17.23,21.005,88.896,76.137,95.512,16.531,16.092,17.049,4.302,3.713,5.219,1006.64,1004.916,1008.175,4.817,4.372,5.306,54.588,0.0,228.421,16.371,0.0,89.121,45.737,0.0,182.656,24,340.001
TAM,Tamaulipas urbano,Reynosa,032,alta,2023-11-14,19.372,16.421,24.24,82.132,60.923,94.443,15.946,15.336,16.968,3.064,1.284,4.179,1007.285,1005.046,1009.595,3.521,2.89,4.317,135.026,0.0,550.503,128.915,0.0,480.841,65.036,0.0,257.174,24,344.303
TAM,Tamaulipas urbano,Reynosa,032,alta,2023-11-15,19.571,14.978,25.527,79.709,53.811,97.241,15.508,14.46,16.875,1.898,0.979,2.684,1005.95,1003.566,1007.913,2.656,2.461,2.851,158.455,0.0,598.99,188.571,0.0,582.533,58.794,0.0,210.411,24,4.88
TAM,Tamaulipas urbano,Reynosa,032,alta,2023-11-16,19.999,15.214,26.246,78.541,51.816,97.042,15.625,14.721,16.73,1.515,0.963,2.253,1003.038,1000.015,1005.555,2.32,2.222,2.448,197.791,0.0,701.061,285.708,0.0,809.635,48.084,0.0,165.764,24,4.472
TAM,Tamaulipas urbano,Reynosa,032,alta,2023-11-17,21.318,15.869,28.237,77.912,51.446,96.41,16.7,15.267,18.68,1.393,1.051,2.188,1000.304,998.324,1001.603,2.887,2.465,3.287,202.772,0.0,747.15,317.006,0.0,909.569,35.402,0.0,104.634,24,159.981
TAM,Tamaulipas urbano,Reynosa,032,alta,2023-11-18,22.018,17.549,28.107,78.623,52.69,95.86,17.581,16.42,18.902,1.708,1.011,2.307,1001.852,999.951,1004.25,3.557,3.367,3.746,196.027,0.0,705.765,294.627,0.0,825.758,41.006,0.0,133.08,24,29.286
TAM,Tamaulipas urbano,Reynosa,032,alta,2023-11-19,23.232,18.824,29.481,79.937,52.912,97.315,18.954,18.323,20.17,2.65,1.214,4.023,996.856,993.253,1001.279,3.463,3.113,3.754,181.726,0.0,645.565,263.404,0.0,761.537,45.794,0.0,159.667,24,159.926
TAM,Tamaulipas urbano,Reynosa,032,alta,2023-11-20,23.949,19.302,31.03,74.615,46.113,95.852,18.274,15.609,19.98,3.196,2.218,4.495,994.1,991.523,1000.293,2.669,2.205,3.057,176.248,0.0,655.955,230.634,0.0,685.445,54.485,0.0,170.931,24,241.165
TAM,Tamaulipas urbano,Reynosa,032,alta,2023-11-21,18.523,14.427,22.139,62.091,43.954,78.613,10.723,8.285,14.95,4.72,3.062,7.052,1006.83,1000.693,1011.178,2.457,2.345,2.579,71.811,0.0,311.605,15.9,0.0,75.49,62.865,0.0,264.59,24,346.558
TAM,Tamaulipas urbano,Reynosa,032,alta,2023-11-22,14.388,12.133,17.855,64.357,40.15,80.173,7.058,3.18,9.028,2.576,1.133,3.538,1009.838,1007.335,1012.651,2.613,2.312,3.091,64.552,0.0,248.791,44.847,0.0,153.505,41.206,0.0,161.081,24,317.797
TAM,Tamaulipas urbano,Reynosa,032,alta,2023-11-23,15.096,11.589,20.724,73.701,49.857,88.422,10.015,8.989,11.431,1.392,1.08,2.088,1004.684,1001.788,1007.042,2.672,2.347,3.117,136.371,0.0,523.536,150.161,0.0,608.394,59.956,0.0,225.496,24,275.076
TAM,Tamaulipas urbano,Reynosa,032,alta,2023-11-24,17.964,12.003,24.691,79.12,53.277,97.264,13.733,11.033,16.921,1.568,0.949,2.44,1003.837,1002.038,1005.141,2.567,2.405,3.022,143.384,0.0,526.13,170.879,0.0,542.295,58.832,0.0,217.201,24,70.025
TAM,Tamaulipas urbano,Reynosa,032,alta,2023-11-25,21.112,17.053,26.681,85.172,62.723,97.713,18.111,16.612,19.724,1.71,1.015,2.567,1000.974,997.86,1003.915,3.03,2.538,3.191,129.272,0.0,465.387,173.182,0.0,517.432,39.076,0.0,124.055,24,98.567
TAM,Tamaulipas urbano,Reynosa,032,alta,2023-11-26,19.786,15.949,24.119,81.141,63.519,97.186,16.037,12.36,18.549,3.013,1.043,4.578,1003.699,998.883,1009.609,2.731,2.441,3.008,76.367,0.0,286.493,62.647,0.0,308.71,47.77,0.0,180.346,24,349.662
TAM,Tamaulipas urbano,Reynosa,032,alta,2023-11-27,14.676,12.363,17.431,66.081,52.943,77.591,7.989,6.329,11.328,3.467,2.704,4.16,1010.534,1008.954,1012.224,3.257,2.886,3.594,36.592,0.0,154.004,3.142,0.0,22.996,35.273,0.0,143.827,24,8.201
TAM,Tamaulipas urbano,Reynosa,032,alta,2023-11-28,14.944,11.537,20.008,67.997,47.865,83.694,8.577,7.11,10.919,2.712,1.571,3.543,1011.652,1009.97,1013.728,2.956,2.856,3.211,86.973,0.0,332.038,83.583,0.0,265.394,47.746,0.0,194.057,24,10.482
TAM,Tamaulipas urbano,Reynosa,032,alta,2023-11-29,17.936,12.58,23.272,82.021,63.333,96.95,14.575,10.713,18.394,2.189,1.176,3.608,1005.235,1000.962,1010.069,3.863,3.13,4.53,64.008,0.0,229.968,30.253,0.0,109.701,50.789,0.0,173.281,24,104.794
TAM,Tamaulipas urbano,Reynosa,032,alta,2023-11-30,22.38,18.057,29.132,82.286,52.967,97.244,18.587,17.512,20.127,2.647,1.416,4.504,995.768,992.604,1000.153,3.354,2.795,4.397,149.726,0.0,560.251,176.377,0.0,577.941,58.602,0.0,205.284,24,179.49
TAM,Tamaulipas urbano,Reynosa,032,alta,2023-12-01,21.611,18.353,26.537,80.406,53.286,95.832,17.403,15.419,19.417,1.75,1.061,2.773,996.279,994.73,998.077,3.147,2.729,3.609,97.355,0.0,407.174,65.473,0.0,330.972,59.714,0.0,201.396,24,291.597
TAM,Tamaulipas urbano,Reynosa,032,alta,2023-12-02,20.509,16.563,26.753,74.578,45.723,93.589,15.137,13.374,16.731,2.042,1.123,3.912,1000.119,997.732,1003.519,2.774,2.334,3.05,103.185,0.0,383.358,59.522,0.0,213.392,71.174,0.0,240.433,24,339.444
TAM,Tamaulipas urbano,Reynosa,032,alta,2023-12-03,18.43,15.471,22.932,66.301,40.832,85.521,11.41,8.611,14.428,1.607,0.876,2.722,1005.008,1003.268,1007.543,2.423,2.333,2.535,76.267,0.0,312.859,25.495,0.0,150.332,62.009,0.0,236.923,24,286.129
TAM,Tamaulipas urbano,Reynosa,032,alta,2023-12-04,19.172,15.709,24.44,67.972,44.064,87.96,12.612,11.081,15.39,1.274,0.904,1.844,1005.551,1003.494,1007.51,2.538,2.281,2.96,105.178,0.0,398.812,83.181,0.0,331.686,63.855,0.0,239.905,24,21.305
TAM,Tamaulipas urbano,Reynosa,032,alta,2023-12-05,19.725,16.42,24.263,82.594,61.374,96.153,16.377,15.036,17.896,1.472,0.983,1.955,1008.244,1006.439,1010.192,3.466,2.979,3.764,89.427,0.0,363.916,47.768,0.0,233.116,62.302,0.0,228.431,24,34.296
TAM,Tamaulipas urbano,Reynosa,032,alta,2023-12-06,19.682,16.7,24.39,82.662,58.814,96.805,16.22,14.84,17.259,2.184,1.366,3.118,1010.557,1009.198,1012.711,3.397,3.223,3.72,104.097,0.0,404.57,110.326,0.0,417.823,49.779,0.0,204.294,24,52.5
TAM,Tamaulipas urbano,Reynosa,032,alta,2023-12-07,20.027,16.837,23.906,85.154,67.312,96.259,17.249,16.211,18.314,2.384,1.064,3.709,1004.462,1000.482,1008.813,4.046,3.678,4.219,79.21,0.0,300.605,32.876,0.0,181.146,62.849,0.0,236.416,24,143.767
TAM,Tamaulipas urbano,Reynosa,032,alta,2023-12-08,22.181,17.402,29.158,79.445,48.682,97.373,17.692,16.555,19.481,2.883,2.198,4.018,998.48,995.774,1000.348,2.846,2.599,3.537,182.374,0.0,685.666,303.666,0.0,867.444,33.928,0.0,102.924,24,177.88
TAM,Tamaulipas urbano,Reynosa,032,alta,2023-12-09,22.976,18.338,29.723,76.763,50.387,96.134,17.749,15.694,18.992,2.457,1.644,4.532,1000.151,997.866,1005.951,2.77,2.523,3.138,174.555,0.0,674.622,266.842,0.0,814.719,43.001,0.0,131.469,24,171.846
TAM,Tamaulipas urbano,Reynosa,032,alta,2023-12-10,15.425,11.148,19.509,44.967,24.171,71.113,2.489,-2.262,12.823,4.328,0.942,6.443,1011.535,1007.098,1015.336,1.435,0.929,2.838,187.371,0.0,705.1,310.922,0.0,927.432,35.8,0.0,120.163,24,4.041
TAM,Tamaulipas urbano,Reynosa,032,alta,2023-12-11,14.195,9.122,20.578,54.672,30.704,80.488,4.478,1.596,9.883,1.641,0.952,2.478,1008.335,1006.031,1010.347,1.616,0.992,2.405,123.917,0.0,479.989,93.599,0.0,339.788,76.447,0.0,283.825,24,164.677
TAM,Tamaulipas urbano,Reynosa,032,alta,2023-12-12,17.259,11.96,22.453,77.988,57.556,94.516,13.038,10.117,16.548,2.158,1.075,3.583,1008.809,1007.3,1010.951,3.129,2.462,3.671,48.242,0.0,179.606,15.815,0.0,134.74,42.869,0.0,161.016,24,138.632
TAM,Tamaulipas urbano,Reynosa,032,alta,2023-12-13,19.499,17.004,22.648,88.957,74.079,95.766,17.523,16.277,18.533,2.368,1.664,3.489,1008.69,1007.412,1010.417,3.785,3.65,4.021,66.904,0.0,265.539,15.964,0.0,78.576,57.762,0.0,225.336,24,107.881
TAM,Tamaulipas urbano,Reynosa,032,alta,2023-12-14,20.28,18.227,23.77,90.49,75.517,97.828,18.552,17.733,19.315,2.401,1.502,3.551,1007.688,1005.751,1010.142,4.168,3.777,4.399,39.796,0.0,173.465,11.15,0.0,85.939,34.446,0.0,136.446,24,70.462
TAM,Tamaulipas urbano,Reynosa,032,alta,2023-12-15,20.848,17.125,26.18,83.942,59.555,97.341,17.699,16.597,18.462,1.919,1.207,2.692,1004.748,1002.33,1006.239,3.4,3.253,3.737,146.994,0.0,561.468,204.226,0.0,695.086,46.104,0.0,177.417,24,19.993
TAM,Tamaulipas urbano,Reynosa,032,alta,2023-12-16,17.884,12.217,22.886,71.086,40.32,96.734,11.781,7.362,17.715,3.682,1.778,5.72,1007.315,1005.59,1009.254,1.928,0.847,3.219,164.784,0.0,615.948,248.966,0.0,771.388,45.604,0.0,163.145,24,339.867
TAM,Tamaulipas urbano,Reynosa,032,alta,2023-12-17,15.705,9.55,23.967,58.847,30.869,78.442,6.653,4.912,9.041,1.62,1.14,2.202,1005.998,1002.735,1008.486,0.839,0.74,1.048,197.404,0.0,736.528,356.11,0.0,984.449,28.171,0.0,82.276,24,301.026
TAM,Tamaulipas urbano,Reynosa,032,alta,2023-12-18,16.67,11.448,24.273,64.425,35.175,81.722,9.062,7.317,11.219,1.324,0.91,2.192,1007.399,1005.385,1009.245,1.212,1.066,1.339,185.038,0.0,709.864,290.931,0.0,911.38,39.727,0.0,139.889,24,165.758
TAM,Tamaulipas urbano,Reynosa,032,alta,2023-12-19,16.476,11.543,22.081,72.813,46.958,90.331,11.019,9.861,13.114,1.923,1.007,3.484,1007.517,1005.7,1009.697,1.524,1.242,2.062,152.632,0.0,587.312,177.784,0.0,624.488,61.535,0.0,222.167,24,170.702
TAM,Tamaulipas urbano,Reynosa,032,alta,2023-12-20,17.966,12.53,23.994,77.854,51.059,96.371,13.509,11.939,15.675,2.38,1.384,4.192,1005.672,1004.02,1007.296,2.362,2.079,2.76,151.573,0.0,627.064,173.364,0.0,666.208,64.286,0.0,213.227,24,152.731
TAM,Tamaulipas urbano,Reynosa,032,alta,2023-12-21,19.998,16.032,25.171,81.383,56.53,96.551,16.323,15.069,17.933,2.069,1.328,3.254,1006.248,1004.529,1008.265,3.308,2.817,3.802,119.362,0.0,436.914,93.75,0.0,334.395,71.623,0.0,269.536,24,134.941
TAM,Tamaulipas urbano,Reynosa,032,alta,2023-12-22,20.546,17.867,24.916,84.631,61.246,97.371,17.583,16.708,18.345,1.374,0.909,1.776,1005.641,1004.052,1007.418,3.802,3.56,3.929,91.085,0.0,377.282,44.909,0.0,174.079,67.943,0.0,280.026,24,128.148
TAM,Tamaulipas urbano,Reynosa,032,alta,2023-12-23,19.913,17.688,23.214,87.647,70.463,97.467,17.595,16.956,18.35,1.913,1.254,2.766,1001.667,998.64,1004.965,3.587,3.472,3.786,67.646,0.0,261.517,24.856,0.0,103.437,54.01,0.0,202.415,24,146.037
TAM,Tamaulipas urbano,Reynosa,032,alta,2023-12-24,21.483,17.112,28.409,74.521,42.608,97.532,15.886,13.332,18.096,2.603,1.529,4.329,997.411,995.428,1000.406,2.63,1.833,3.471,170.399,0.0,648.987,255.443,0.0,834.511,45.06,0.0,158.299,24,296.133
TAM,Tamaulipas urbano,Reynosa,032,alta,2023-12-25,17.314,14.286,22.007,69.326,46.774,85.083,11.143,9.085,13.415,2.331,1.291,3.502,1003.333,1000.704,1005.235,2.436,1.853,2.853,124.882,0.0,510.205,99.732,0.0,449.613,71.739,0.0,288.257,24,15.213
TAM,Tamaulipas urbano,Reynosa,032,alta,2023-12-26,15.657,12.917,19.622,75.09,57.122,86.635,11.02,10.22,12.541,1.348,0.961,1.894,1002.579,999.801,1004.956,2.387,2.13,2.604,56.505,0.0,230.385,10.519,0.0,54.688,51.325,0.0,201.416,24,349.733
TAM,Tamaulipas urbano,Reynosa,032,alta,2023-12-27,16.405,12.453,22.958,73.881,46.909,90.098,10.9,9.621,11.99,2.227,1.39,3.032,1002.968,1001.19,1004.994,2.046,1.798,2.225,129.797,0.0,531.326,173.189,0.0,638.213,44.355,0.0,158.639,24,2.119
TAM,Tamaulipas urbano,Reynosa,032,alta,2023-12-28,15.176,9.762,21.721,69.199,39.959,91.13,8.729,6.77,10.91,1.932,1.251,2.499,1005.956,1004.298,1007.941,1.623,1.525,1.836,174.293,0.0,699.128,272.642,0.0,886.176,40.839,0.0,136.792,24,16.183
TAM,Tamaulipas urbano,Reynosa,032,alta,2023-12-29,14.757,10.578,19.97,69.706,46.174,91.332,8.705,7.2,9.95,2.006,0.763,3.136,1009.855,1007.695,1011.76,1.779,1.359,2.015,104.892,0.0,389.466,116.573,0.0,460.961,51.004,0.0,202.194,24,16.72
TAM,Tamaulipas urbano,Reynosa,032,alta,2023-12-30,14.952,8.716,22.851,68.266,34.216,91.244,7.966,5.545,11.314,1.682,1.3,2.181,1009.445,1006.635,1012.274,1.289,1.251,1.461,180.328,0.0,670.143,295.595,0.0,869.315,38.649,0.0,131.144,24,212.64
TAM,Tamaulipas urbano,Reynosa,032,alta,2023-12-31,17.724,11.783,25.083,79.309,49.554,97.396,13.311,11.335,16.133,2.796,1.814,4.244,1004.94,1001.764,1007.959,1.761,1.508,1.986,171.264,0.0,644.34,245.122,0.0,754.318,52.326,0.0,194.296,24,176.178
TAM,Tamaulipas urbano,Reynosa,032,alta,2024-01-01,19.411,15.648,24.754,80.865,57.316,95.736,15.593,14.679,16.287,1.911,1.136,2.558,1006.487,1004.463,1008.298,2.299,2.005,2.815,133.206,0.0,510.965,110.905,0.0,365.83,77.292,0.0,298.08,24,137.821
TAM,Tamaulipas urbano,Reynosa,032,alta,2024-01-02,19.243,16.138,23.809,84.357,63.285,96.772,16.278,15.378,17.163,2.329,1.268,3.764,1003.865,1000.511,1007.306,3.03,2.834,3.31,82.275,0.0,299.05,38.764,0.0,170.095,62.994,0.0,239.286,24,141.361
TAM,Tamaulipas urbano,Reynosa,032,alta,2024-01-03,16.28,11.206,21.53,75.05,45.559,96.585,11.175,8.428,16.429,3.536,1.397,5.431,1005.127,1002.803,1006.983,1.941,1.465,2.949,158.858,0.0,637.077,227.499,0.0,731.361,46.203,0.0,155.978,24,354.704
TAM,Tamaulipas urbano,Reynosa,032,alta,2024-01-04,15.768,9.938,22.398,77.775,49.858,94.753,11.284,8.89,15.243,2.18,1.352,3.81,1001.941,997.536,1006.359,2.054,1.706,2.598,109.653,0.0,508.091,124.023,0.0,523.455,51.64,0.0,290.783,24,104.619
TAM,Tamaulipas urbano,Reynosa,032,alta,2024-01-05,17.807,13.918,24.073,72.319,40.656,95.202,11.787,8.467,15.374,2.911,1.304,4.519,997.797,995.959,999.832,1.986,1.493,2.61,168.156,0.0,674.617,253.293,0.0,870.643,43.813,0.0,177.312,24,340.722
TAM,Tamaulipas urbano,Reynosa,032,alta,2024-01-06,16.95,11.823,24.684,68.42,34.962,91.296,9.942,7.403,11.52,1.569,1.086,2.394,1000.41,997.612,1004.45,1.654,1.556,1.791,171.945,0.0,686.533,233.623,0.0,832.672,51.302,0.0,167.772,24,320.053
TAM,Tamaulipas urbano,Reynosa,032,alta,2024-01-07,17.64,13.085,22.417,75.238,53.737,88.283,12.774,10.897,16.204,3.035,1.272,5.128,1002.632,997.154,1006.219,2.471,1.621,3.41,75.474,0.0,291.017,37.545,0.0,163.773,55.712,0.0,209.543,24,105.066
TAM,Tamaulipas urbano,Reynosa,032,alta,2024-01-08,21.677,16.122,29.427,65.721,36.347,94.915,13.492,5.554,17.003,4.842,3.78,5.658,992.749,988.402,997.633,2.143,1.232,3.317,175.484,0.0,655.176,251.225,0.0,755.941,50.419,0.0,160.951,24,233.139
TAM,Tamaulipas urbano,Reynosa,032,alta,2024-01-09,14.912,10.492,21.109,37.953,20.954,59.337,-0.404,-3.238,3.17,3.927,1.424,6.326,1002.388,998.772,1006.17,0.8,0.683,1.092,178.131,0.0,668.431,247.967,0.0,776.695,54.682,0.0,196.615,24,356.614
TAM,Tamaulipas urbano,Reynosa,032,alta,2024-01-10,16.467,9.201,25.137,63.532,38.498,89.396,8.499,3.11,13.395,2.672,1.666,4.991,998.073,994.914,1001.55,1.512,1.022,1.794,156.518,0.0,607.026,158.753,0.0,573.404,74.761,0.0,256.885,24,178.196
TAM,Tamaulipas urbano,Reynosa,032,alta,2024-01-11,19.979,14.076,28.309,70.048,35.019,90.153,12.845,8.994,15.615,2.609,1.526,3.798,993.683,990.83,996.574,1.614,1.379,1.953,149.47,0.0,563.987,170.298,0.0,542.614,62.262,0.0,205.376,24,190.423
TAM,Tamaulipas urbano,Reynosa,032,alta,2024-01-12,17.269,11.698,22.978,45.272,17.247,83.745,3.144,-4.317,14.649,4.403,1.521,8.251,999.39,991.218,1003.517,0.92,0.714,1.36,169.491,0.0,631.131,192.963,0.0,662.06,71.026,0.0,275.041,24,350.574
TAM,Tamaulipas urbano,Reynosa,032,alta,2024-01-13,15.98,10.432,23.111,62.183,37.071,89.662,7.855,4.602,12.048,2.044,1.334,3.352,1002.848,1000.318,1004.677,1.57,1.161,1.799,157.205,0.0,584.201,161.272,0.0,536.659,74.276,0.0,271.356,24,123.109
TAM,Tamaulipas urbano,Reynosa,032,alta,2024-01-14,17.825,12.141,25.414,75.209,46.038,92.278,12.512,10.645,14.654,2.204,1.208,3.376,1001.546,998.435,1004.232,1.734,1.451,2.134,176.483,0.0,658.946,251.609,0.0,699.697,51.779,0.0,195.677,24,149.92
TAM,Tamaulipas urbano,Reynosa,032,alta,2024-01-15,11.351,5.872,15.902,75.331,53.759,91.721,6.53,3.192,12.733,3.946,2.644,5.022,1003.59,1000.084,1007.756,1.979,1.693,2.183,141.592,0.0,492.472,172.023,0.0,542.495,58.261,0.0,218.816,24,0.571
TAM,Tamaulipas urbano,Reynosa,032,alta,2024-01-16,4.653,1.296,9.07,56.133,36.273,80.932,-4.035,-6.887,2.087,4.72,2.184,6.487,1012.81,1008.334,1015.487,1.384,1.181,1.695,131.79,0.0,486.434,170.782,0.0,458.433,51.204,0.0,185.321,24,359.858
TAM,Tamaulipas urbano,Reynosa,032,alta,2024-01-17,6.783,0.852,13.278,57.333,37.759,76.265,-1.67,-5.601,3.409,1.73,1.129,2.225,1010.006,1005.325,1014.271,1.424,1.207,1.564,134.163,0.0,476.042,116.435,0.0,360.528,78.131,0.0,279.862,24,150.117
TAM,Tamaulipas urbano,Reynosa,032,alta,2024-01-18,14.357,7.452,22.189,68.386,48.022,81.998,7.79,3.483,12.058,1.288,0.76,2.158,1002.31,1000.109,1004.89,1.728,1.568,1.797,160.452,0.0,616.919,146.311,0.0,560.497,78.183,0.0,268.988,24,201.139
TAM,Tamaulipas urbano,Reynosa,032,alta,2024-01-19,15.92,11.057,21.41,69.092,47.547,86.008,9.433,6.28,11.59,3.32,0.762,4.945,1008.329,1002.808,1013.206,2.031,1.786,2.178,126.364,0.0,452.264,124.399,0.0,473.655,61.828,0.0,202.284,24,16.215
TAM,Tamaulipas urbano,Reynosa,032,alta,2024-01-20,9.898,7.043,12.806,68.644,56.748,83.17,3.923,0.674,7.007,3.738,2.553,4.449,1014.119,1012.909,1016.643,2.492,2.092,3.092,103.149,0.0,375.753,110.124,0.0,344.825,49.035,0.0,185.699,24,18.446
TAM,Tamaulipas urbano,Reynosa,032,alta,2024-01-21,13.021,9.925,17.531,85.423,73.622,95.81,10.457,7.284,13.307,2.007,1.515,2.382,1008.739,1005.659,1012.695,3.548,2.98,4.121,86.726,0.0,322.409,78.794,0.0,251.96,49.032,0.0,176.448,24,67.175
TAM,Tamaulipas urbano,Reynosa,032,alta,2024-01-22,17.217,11.254,24.239,85.04,62.556,97.135,14.305,10.221,17.7,2.52,1.173,4.89,1002.2,998.872,1005.639,3.784,3.307,4.215,161.215,0.0,671.527,180.446,0.0,692.961,60.325,0.0,200.062,24,182.548
TAM,Tamaulipas urbano,Reynosa,032,alta,2024-01-23,20.947,17.507,26.232,84.321,59.513,97.474,17.688,16.859,18.519,2.164,1.104,3.353,999.234,996.866,1000.909,3.801,3.612,4.053,104.548,0.0,432.876,81.192,0.0,331.738,57.583,0.0,200.333,24,165.085
TAM,Tamaulipas urbano,Reynosa,032,alta,2024-01-24,20.968,17.779,26.209,85.228,63.483,97.563,17.912,16.74,18.939,2.212,1.356,2.976,999.644,997.641,1002.1,3.773,3.501,4.049,91.639,0.0,362.444,59.928,0.0,232.093,57.623,0.0,207.468,24,167.198
TAM,Tamaulipas urbano,Reynosa,032,alta,2024-01-25,19.797,15.938,25.91,78.692,51.556,96.934,15.39,14.64,16.448,2.29,1.164,3.106,1002.715,1000.919,1004.946,3.253,3.092,3.585,169.099,0.0,655.3,209.091,0.0,713.205,56.769,0.0,201.198,24,28.563
TAM,Tamaulipas urbano,Reynosa,032,alta,2024-01-26,20.93,15.466,28.423,80.889,51.7,98.341,16.746,15.176,18.349,1.802,1.058,2.977,1000.513,997.095,1003.151,2.97,2.529,3.434,181.057,0.0,726.841,240.568,0.0,845.691,49.945,0.0,168.354,24,125.565
TAM,Tamaulipas urbano,Reynosa,032,alta,2024-01-27,18.535,13.289,23.979,70.005,38.406,97.727,12.025,7.705,17.282,3.928,1.379,6.44,1008.218,1003.426,1012.915,2.182,1.517,2.974,187.073,0.0,691.781,247.245,0.0,759.01,54.942,0.0,189.42,24,349.16
TAM,Tamaulipas urbano,Reynosa,032,alta,2024-01-28,15.785,10.431,23.154,62.269,32.113,86.041,7.406,5.193,9.442,2.337,1.378,3.634,1014.052,1011.629,1016.472,1.459,1.407,1.522,206.466,0.0,754.753,305.367,0.0,899.207,42.923,0.0,130.968,24,17.804
TAM,Tamaulipas urbano,Reynosa,032,alta,2024-01-29,15.733,10.045,22.628,62.992,32.537,90.033,7.543,4.805,9.765,1.595,1.081,2.167,1011.97,1009.6,1014.669,1.456,1.353,1.74,216.149,0.0,790.747,319.366,0.0,933.434,41.46,0.0,116.555,24,101.493
TAM,Tamaulipas urbano,Reynosa,032,alta,2024-01-30,16.601,13.117,22.229,67.228,39.965,86.038,9.841,7.665,11.773,1.296,0.772,2.075,1008.77,1006.844,1010.452,1.917,1.784,2.06,159.66,0.0,595.114,139.564,0.0,493.865,84.729,0.0,305.011,24,100.747
TAM,Tamaulipas urbano,Reynosa,032,alta,2024-01-31,18.058,13.095,24.305,72.733,45.27,92.03,12.388,11.382,14.595,1.755,0.907,2.944,1007.493,1005.355,1009.259,2.332,2.073,2.92,160.869,0.0,568.583,119.351,0.0,445.664,92.052,0.0,326.753,24,116.946
TAM,Tamaulipas urbano,Reynosa,032,alta,2024-02-01,20.178,15.91,26.511,75.81,49.279,94.108,15.136,14.538,16.599,3.044,1.326,4.474,1003.053,999.669,1006.947,3.152,3.005,3.252,165.909,0.0,608.215,186.894,0.0,588.588,65.005,0.0,238.845,24,156.641
TAM,Tamaulipas urbano,Reynosa,032,alta,2024-02-02,22.164,16.793,29.635,75.457,44.126,95.807,16.545,15.01,18.535,3.509,2.755,4.691,994.617,990.584,999.122,3.132,2.917,3.481,206.21,0.0,756.691,290.473,0.0,880.4,44.292,0.0,127.786,24,162.938
TAM,Tamaulipas urbano,Reynosa,032,alta,2024-02-03,21.825,16.294,28.927,63.847,31.216,92.972,12.909,7.786,18.356,3.407,1.589,6.177,990.886,988.984,992.359,1.883,1.36,3.454,228.057,0.0,815.559,363.051,0.0,976.074,31.752,0.0,90.334,24,271.609
TAM,Tamaulipas urbano,Reynosa,032,alta,2024-02-04,19.546,13.519,27.612,43.607,17.35,78.175,4.235,-0.819,11.17,3.96,1.704,6.664,995.676,992.505,999.685,0.998,0.801,1.378,236.243,0.0,841.585,381.986,0.0,1014.456,30.169,0.0,84.974,24,314.793
TAM,Tamaulipas urbano,Reynosa,032,alta,2024-02-05,17.001,11.991,23.826,49.482,30.062,74.509,5.286,3.436,8.58,3.76,1.586,6.273,1003.659,999.968,1006.578,1.148,0.98,1.335,232.357,0.0,833.748,361.663,0.0,986.515,35.766,0.0,130.434,24,345.952
TAM,Tamaulipas urbano,Reynosa,032,alta,2024-02-06,16.445,10.358,23.986,62.824,32.488,87.412,8.084,5.977,11.431,1.907,1.579,2.5,1005.856,1003.504,1008.198,1.286,1.253,1.319,234.192,0.0,832.942,362.323,0.0,972.356,35.164,0.0,96.91,24,62.585
TAM,Tamaulipas urbano,Reynosa,032,alta,2024-02-07,18.9,12.058,26.181,69.799,40.437,92.989,11.932,10.231,15.218,4.012,1.862,5.986,1000.608,997.052,1004.303,1.421,1.259,1.823,199.715,0.0,695.023,235.536,0.0,631.475,70.398,0.0,232.993,24,160.531
TAM,Tamaulipas urbano,Reynosa,032,alta,2024-02-08,21.236,16.485,27.601,73.367,46.675,94.097,15.303,14.251,17.644,2.536,1.585,3.809,999.283,997.218,1001.784,2.297,1.871,2.847,188.517,0.0,707.251,190.415,0.0,689.502,72.465,0.0,229.122,24,147.728
TAM,Tamaulipas urbano,Reynosa,032,alta,2024-02-09,22.383,17.196,29.133,75.761,46.523,96.603,16.925,15.006,18.959,2.765,1.81,4.195,998.524,995.286,1001.648,2.69,2.535,3.05,184.191,0.0,668.975,175.971,0.0,624.685,80.063,0.0,284.928,24,155.153
TAM,Tamaulipas urbano,Reynosa,032,alta,2024-02-10,22.885,18.813,28.915,76.565,47.767,97.744,17.396,14.799,18.995,2.352,1.422,3.314,995.714,992.644,998.562,2.916,2.684,3.208,128.622,0.0,467.25,111.277,0.0,337.019,63.184,0.0,213.118,24,165.887
TAM,Tamaulipas urbano,Reynosa,032,alta,2024-02-11,21.762,16.139,28.827,55.016,23.746,90.67,9.889,4.354,17.984,3.623,1.701,5.422,994.091,991.574,1000.648,1.742,1.332,2.845,141.05,0.0,563.049,118.255,0.0,374.606,76.422,0.0,286.436,24,306.608
TAM,Tamaulipas urbano,Reynosa,032,alta,2024-02-12,15.771,11.886,21.211,46.289,25.68,61.072,3.361,0.223,7.297,4.034,1.023,6.648,1005.543,1001.39,1007.906,1.155,1.02,1.505,192.186,0.0,742.978,221.03,0.0,729.595,64.867,0.0,217.813,24,358.71
TAM,Tamaulipas urbano,Reynosa,032,alta,2024-02-13,17.123,12.014,23.402,54.578,33.563,76.852,7.122,4.974,11.967,2.434,1.019,3.845,1006.396,1003.406,1009.137,2.045,1.317,2.905,161.549,0.0,669.624,128.367,0.0,517.431,82.325,0.0,298.462,24,138.222
TAM,Tamaulipas urbano,Reynosa,032,alta,2024-02-14,20.077,15.8,25.657,74.625,52.193,94.802,14.911,12.295,17.629,3.011,1.815,4.393,1004.351,1001.714,1005.931,3.456,2.993,3.731,96.091,0.0,342.506,48.274,0.0,267.34,66.208,0.0,244.129,24,136.289
TAM,Tamaulipas urbano,Reynosa,032,alta,2024-02-15,20.928,17.617,25.367,84.078,62.386,96.348,17.776,16.933,18.771,1.861,0.994,2.576,1004.682,1003.62,1006.45,3.911,3.559,4.452,78.168,0.0,310.943,12.527,0.0,53.152,69.999,0.0,276.346,24,124.365
TAM,Tamaulipas urbano,Reynosa,032,alta,2024-02-16,20.376,18.505,23.421,87.717,69.828,97.209,18.072,17.28,18.699,1.279,0.977,1.734,1000.794,998.291,1003.481,4.483,4.411,4.53,59.376,0.0,239.952,8.643,0.0,50.5,55.388,0.0,223.241,24,77.137
TAM,Tamaulipas urbano,Reynosa,032,alta,2024-02-17,14.706,8.843,18.552,80.615,63.276,96.542,11.131,6.023,17.932,4.586,1.098,7.138,1004.356,999.808,1010.344,3.155,1.846,4.411,47.461,0.0,176.343,5.761,0.0,55.506,45.406,0.0,167.623,24,358.247
TAM,Tamaulipas urbano,Reynosa,032,alta,2024-02-18,11.459,6.129,17.887,64.486,38.932,84.432,4.236,1.466,6.552,2.671,1.378,3.975,1009.663,1006.567,1012.932,1.599,1.528,1.741,197.01,0.0,692.321,241.423,0.0,668.72,58.641,0.0,198.858,24,10.27
TAM,Tamaulipas urbano,Reynosa,032,alta,2024-02-19,15.329,8.114,23.438,71.975,44.724,94.419,9.409,6.151,13.066,2.25,1.301,3.072,1007.625,1006.1,1009.304,1.649,1.566,1.75,231.071,0.0,845.799,301.134,0.0,915.116,52.283,0.0,175.271,24,159.342
TAM,Tamaulipas urbano,Reynosa,032,alta,2024-02-20,19.24,12.015,27.577,73.652,42.615,94.825,13.238,11.025,15.869,2.807,1.481,3.94,1008.358,1006.777,1010.325,1.554,1.491,1.691,254.341,0.0,883.304,367.709,0.0,964.003,39.298,0.0,104.915,24,157.9
TAM,Tamaulipas urbano,Reynosa,032,alta,2024-02-21,21.318,15.14,29.222,73.587,41.97,95.529,15.049,13.189,16.991,4.268,2.492,5.998,1003.995,1000.519,1007.622,1.408,1.314,1.615,251.437,0.0,881.715,353.379,0.0,974.04,43.853,0.0,134.442,24,162.023
TAM,Tamaulipas urbano,Reynosa,032,alta,2024-02-22,23.104,16.944,31.983,68.662,34.184,92.962,15.142,12.192,16.912,3.089,1.061,4.235,997.574,994.705,1000.015,1.723,1.635,1.887,248.692,0.0,880.49,335.52,0.0,931.189,46.927,0.0,137.278,24,170.008
TAM,Tamaulipas urbano,Reynosa,032,alta,2024-02-23,20.914,16.582,26.844,68.492,40.987,88.515,13.884,11.877,16.081,2.669,1.04,4.442,1002.329,998.646,1005.883,2.145,1.898,2.333,211.977,0.0,750.018,222.496,0.0,666.789,78.047,0.0,271.933,24,30.076
TAM,Tamaulipas urbano,Reynosa,032,alta,2024-02-24,20.179,14.646,27.498,66.368,32.761,93.663,12.202,8.485,14.978,2.463,1.022,4.163,1006.847,1005.602,1009.06,2.003,1.92,2.166,243.527,0.0,855.564,301.812,0.0,856.49,59.73,0.0,167.32,24,130.204
TAM,Tamaulipas urbano,Reynosa,032,alta,2024-02-25,22.301,15.829,30.513,70.612,36.524,96.587,15.388,13.198,17.437,3.395,1.952,4.544,1003.609,1000.8,1005.635,2.262,2.137,2.434,253.318,0.0,874.279,340.889,0.0,929.485,46.298,0.0,125.054,24,163.607
TAM,Tamaulipas urbano,Reynosa,032,alta,2024-02-26,23.895,17.154,32.561,70.263,37.509,94.299,16.523,14.644,18.389,3.525,2.276,4.514,1000.049,997.076,1003.371,2.104,2.005,2.232,242.019,0.0,863.722,287.607,0.0,858.099,61.743,0.0,186.014,24,166.081
TAM,Tamaulipas urbano,Reynosa,032,alta,2024-02-27,25.392,19.143,34.269,66.391,32.861,91.073,16.497,12.83,18.191,3.636,2.421,5.047,995.154,992.481,997.439,1.963,1.802,2.059,232.996,0.0,815.668,260.175,0.0,739.162,72.286,0.0,230.066,24,172.597
TAM,Tamaulipas urbano,Reynosa,032,alta,2024-02-28,23.554,17.867,31.0,65.093,42.855,85.531,15.216,11.25,18.053,3.939,1.695,6.391,1000.412,995.108,1007.628,2.462,1.854,2.92,181.118,0.0,649.259,139.646,0.0,445.488,92.217,0.0,312.113,24,95.128
TAM,Tamaulipas urbano,Reynosa,032,alta,2024-02-29,17.393,14.327,21.438,62.457,50.068,79.15,9.654,6.624,11.623,3.237,1.791,4.443,1006.99,1004.566,1009.144,2.976,2.762,3.288,111.441,0.0,416.704,50.303,0.0,144.194,83.433,0.0,308.682,24,30.62
TAM,Tamaulipas urbano,Reynosa,032,alta,2024-03-01,18.65,13.578,25.781,70.134,47.12,89.211,12.341,10.898,14.283,2.047,1.205,2.683,1004.54,1001.868,1006.81,2.789,2.392,3.351,152.743,0.0,580.998,114.298,0.0,436.095,82.256,0.0,281.671,24,18.527
TAM,Tamaulipas urbano,Reynosa,032,alta,2024-03-02,21.558,14.963,29.761,71.421,41.446,93.911,14.967,13.78,17.794,1.964,0.787,3.288,1001.752,998.803,1004.302,2.481,2.3,2.859,252.908,0.0,895.27,304.512,0.0,896.343,57.512,0.0,150.874,24,141.323
TAM,Tamaulipas urbano,Reynosa,032,alta,2024-03-03,23.69,18.016,31.308,73.744,41.524,96.956,16.979,14.052,19.673,2.591,1.671,3.557,997.449,994.557,1000.087,2.81,2.642,2.947,192.425,0.0,700.558,162.084,0.0,521.578,86.179,0.0,272.697,24,145.949
TAM,Tamaulipas urbano,Reynosa,032,alta,2024-03-04,24.612,19.972,31.124,74.066,45.699,94.5,18.417,16.193,19.842,1.947,0.987,2.677,996.139,993.244,997.629,3.103,2.927,3.29,159.728,0.0,599.469,106.271,0.0,353.324,88.323,0.0,297.801,24,141.906
TAM,Tamaulipas urbano,Reynosa,032,alta,2024-03-05,25.365,18.977,33.775,64.153,30.539,92.512,15.762,11.879,19.685,2.134,1.096,3.519,996.132,993.848,997.813,2.464,2.072,3.052,258.648,0.0,911.8,325.38,0.0,905.322,55.171,0.0,169.444,24,22.009
TAM,Tamaulipas urbano,Reynosa,032,alta,2024-03-06,24.74,19.246,31.664,73.297,41.215,95.518,18.455,15.925,20.783,2.907,1.235,4.978,996.037,993.755,997.74,2.893,2.672,3.175,230.382,0.0,848.638,218.436,0.0,739.588,87.276,0.0,273.275,24,144.187
TAM,Tamaulipas urbano,Reynosa,032,alta,2024-03-07,26.034,21.366,33.449,70.363,37.929,94.745,18.365,13.796,20.777,3.318,1.815,5.072,992.233,988.763,995.743,2.576,2.144,3.175,181.874,0.0,635.041,109.51,0.0,400.02,107.478,0.0,355.333,24,155.774
TAM,Tamaulipas urbano,Reynosa,032,alta,2024-03-08,25.332,19.609,33.087,51.058,18.086,89.728,10.89,3.214,19.892,3.411,1.366,6.6,993.108,990.342,997.78,1.756,1.441,2.418,198.773,0.0,705.439,160.995,0.0,505.348,93.523,0.0,298.662,24,307.835
TAM,Tamaulipas urbano,Reynosa,032,alta,2024-03-09,19.663,15.713,24.783,52.381,34.259,66.634,8.847,7.06,10.594,4.547,2.236,6.607,1003.466,998.439,1007.873,2.156,1.785,2.28,240.058,0.0,852.506,221.451,0.0,740.546,89.17,0.0,272.696,24,2.101
TAM,Tamaulipas urbano,Reynosa,032,alta,2024-03-10,18.51,13.362,24.389,56.732,35.871,76.658,8.869,7.424,11.952,2.708,1.73,3.519,1008.107,1005.794,1010.436,2.284,2.185,2.488,200.732,0.0,753.924,116.265,0.0,512.477,117.897,0.0,387.327,23,47.698
TAM,Tamaulipas urbano,Reynosa,032,alta,2024-03-11,20.915,14.702,28.522,66.103,37.856,90.405,13.305,12.17,16.532,2.22,0.891,4.187,1006.146,1003.261,1008.481,2.835,2.572,3.271,162.15,0.0,558.219,114.755,0.0,505.495,94.052,0.0,300.307,24,107.341
TAM,Tamaulipas urbano,Reynosa,032,alta,2024-03-12,23.498,18.22,30.482,71.56,43.188,93.204,16.999,15.63,19.828,2.995,1.85,3.915,1001.92,998.065,1005.682,3.484,3.355,3.626,213.708,0.0,696.534,196.537,0.0,606.761,82.947,0.0,261.884,24,149.709
TAM,Tamaulipas urbano,Reynosa,032,alta,2024-03-13,26.316,20.012,34.844,69.033,34.141,95.384,18.187,14.688,21.188,3.512,2.295,4.244,996.003,992.409,1000.087,3.063,2.768,3.656,272.598,0.0,932.588,331.183,0.0,908.797,55.469,0.0,151.019,24,163.074
TAM,Tamaulipas urbano,Reynosa,032,alta,2024-03-14,26.75,21.788,33.854,69.117,37.06,93.26,18.463,13.714,21.72,3.672,3.006,4.589,993.73,991.529,995.765,3.133,2.78,3.764,189.469,0.0,720.68,124.217,0.0,454.709,102.369,0.0,337.011,24,152.023
TAM,Tamaulipas urbano,Reynosa,032,alta,2024-03-15,27.202,22.591,33.98,74.107,44.843,95.571,20.833,18.247,22.428,3.02,2.345,4.036,995.615,992.948,997.727,3.832,3.422,4.284,194.637,0.0,749.347,138.842,0.0,528.007,99.118,0.0,324.542,24,119.146
TAM,Tamaulipas urbano,Reynosa,032,alta,2024-03-16,26.19,22.568,32.081,76.12,47.155,97.367,20.809,18.49,22.371,2.942,2.015,4.023,996.664,993.636,999.216,3.825,3.589,4.071,208.127,0.0,765.048,155.493,0.0,499.918,99.618,0.0,315.979,24,105.018
TAM,Tamaulipas urbano,Reynosa,032,alta,2024-03-17,25.984,21.428,32.832,76.063,47.361,96.292,20.436,18.889,21.404,2.559,1.254,4.385,995.437,992.247,998.504,3.967,3.709,4.202,172.931,0.0,560.582,118.62,0.0,375.645,95.954,0.0,314.635,24,92.613
TAM,Tamaulipas urbano,Reynosa,032,alta,2024-03-18,21.38,17.697,24.414,80.013,65.001,92.969,17.555,14.12,20.316,4.572,3.285,6.078,1003.089,998.858,1008.377,3.931,3.323,4.186,83.77,0.0,269.193,29.845,0.0,114.496,64.573,0.0,206.741,24,33.218
TAM,Tamaulipas urbano,Reynosa,032,alta,2024-03-19,19.366,15.861,23.73,69.855,52.394,85.967,13.33,11.709,15.471,3.151,1.809,4.038,1006.324,1003.567,1008.521,3.427,3.304,3.655,93.569,0.0,352.618,30.141,0.0,114.254,72.458,0.0,249.01,24,53.527
TAM,Tamaulipas urbano,Reynosa,032,alta,2024-03-20,21.451,17.382,26.85,79.762,59.081,94.804,17.249,15.572,19.849,2.237,1.332,3.298,1001.669,998.566,1004.844,3.79,3.654,3.879,159.246,0.0,741.045,120.865,0.0,748.457,79.791,0.0,265.963,24,108.015
TAM,Tamaulipas urbano,Reynosa,032,alta,2024-03-21,25.227,19.989,32.628,74.15,44.613,96.07,19.105,17.341,20.171,2.37,1.337,3.737,996.962,992.843,1000.058,3.459,3.211,3.921,224.548,0.0,777.688,234.532,0.0,654.3,72.893,0.0,275.677,24,159.229
TAM,Tamaulipas urbano,Reynosa,032,alta,2024-03-22,25.238,18.323,33.705,59.34,23.183,94.462,14.025,7.683,20.078,2.695,1.217,4.623,997.736,995.054,1000.583,2.153,1.723,3.331,298.224,0.0,989.357,380.852,0.0,960.53,46.921,0.0,129.441,24,340.208
TAM,Tamaulipas urbano,Reynosa,032,alta,2024-03-23,22.809,17.392,29.496,64.972,35.836,91.234,14.622,12.172,17.02,3.057,1.238,4.842,1001.973,999.48,1005.466,2.355,2.137,2.683,285.956,0.0,968.99,336.685,0.0,915.73,59.622,0.0,182.664,24,73.917
TAM,Tamaulipas urbano,Reynosa,032,alta,2024-03-24,24.775,18.796,33.414,64.686,32.16,89.705,15.546,11.252,18.381,4.465,3.069,6.08,991.64,985.651,999.066,2.18,1.867,2.651,241.32,0.0,855.261,200.902,0.0,606.312,103.321,0.0,327.644,24,160.602
TAM,Tamaulipas urbano,Reynosa,032,alta,2024-03-25,25.671,19.172,34.41,51.535,14.365,86.656,10.404,1.385,18.488,4.026,1.831,6.292,987.241,984.96,993.255,1.373,0.926,2.29,245.489,0.0,810.306,217.687,0.0,646.298,100.76,0.0,340.151,24,270.813
TAM,Tamaulipas urbano,Reynosa,032,alta,2024-03-26,22.687,16.328,30.551,48.874,20.438,75.391,8.533,3.66,13.475,3.385,1.856,4.51,996.278,993.804,998.675,1.366,1.16,1.763,310.119,0.0,1017.441,390.045,0.0,979.342,47.704,0.0,123.883,24,11.177
TAM,Tamaulipas urbano,Reynosa,032,alta,2024-03-27,21.78,15.577,29.514,62.6,31.877,92.94,12.674,9.934,14.565,2.72,1.102,4.834,1001.934,998.341,1007.244,1.824,1.724,1.914,274.756,0.0,951.496,289.991,0.0,813.256,79.238,0.0,265.359,24,38.74
TAM,Tamaulipas urbano,Reynosa,032,alta,2024-03-28,22.222,16.283,29.497,60.893,30.866,92.385,12.813,9.354,15.512,3.09,1.307,4.975,1007.262,1004.835,1009.463,1.894,1.783,1.954,274.412,0.0,885.765,293.966,0.0,774.596,73.336,0.0,223.455,24,133.416
TAM,Tamaulipas urbano,Reynosa,032,alta,2024-03-29,23.543,17.615,31.222,62.302,36.086,83.909,14.686,13.031,17.508,4.896,3.386,6.201,1001.268,997.313,1006.503,2.298,1.982,2.611,297.295,0.0,983.833,340.993,0.0,904.866,61.872,0.0,153.491,24,152.895
TAM,Tamaulipas urbano,Reynosa,032,alta,2024-03-30,25.45,19.219,33.914,65.549,35.637,89.35,16.627,13.77,19.735,3.867,2.877,4.97,998.247,994.967,1000.685,2.544,2.35,2.711,254.411,0.0,838.965,254.768,0.0,692.076,81.273,0.0,262.363,24,145.787
TAM,Tamaulipas urbano,Reynosa,032,alta,2024-03-31,26.825,20.686,35.234,67.445,34.164,93.116,18.336,15.031,21.085,3.595,2.408,4.525,996.491,993.369,998.947,2.594,2.541,2.756,246.995,0.0,847.804,208.633,0.0,646.396,99.793,0.0,312.925,24,148.456
TAM,Tamaulipas urbano,Reynosa,032,alta,2024-04-01,28.107,22.379,35.978,65.485,33.45,91.169,18.683,14.618,21.139,3.796,2.507,5.166,992.508,988.885,995.443,2.909,2.754,3.325,220.106,0.0,783.119,129.336,0.0,447.174,126.142,0.0,382.307,24,160.989
TAM,Tamaulipas urbano,Reynosa,032,alta,2024-04-02,27.475,22.044,34.146,43.878,19.823,74.962,11.453,6.229,19.885,4.37,2.854,6.465,994.816,991.001,1000.542,2.67,2.314,3.37,266.891,0.0,871.61,260.765,0.0,714.631,86.65,0.0,264.225,24,344.091
TAM,Tamaulipas urbano,Reynosa,032,alta,2024-04-03,22.399,16.819,29.177,38.864,18.749,58.667,5.856,1.381,9.692,3.557,1.453,5.192,1002.449,999.736,1005.079,1.662,1.293,2.452,306.444,0.0,1030.827,362.332,0.0,970.384,56.079,0.0,185.7,24,16.69
TAM,Tamaulipas urbano,Reynosa,032,alta,2024-04-04,22.64,14.802,31.543,43.122,17.554,70.993,6.533,1.881,11.226,2.74,1.403,4.43,1001.87,999.325,1003.381,1.343,1.223,1.531,318.912,0.0,1023.395,390.399,0.0,952.312,52.962,0.0,137.862,24,164.139
TAM,Tamaulipas urbano,Reynosa,032,alta,2024-04-05,23.669,16.562,31.839,57.239,30.503,81.001,13.12,10.822,17.761,4.075,1.67,6.168,1001.347,998.19,1003.542,1.918,1.568,2.497,311.612,0.0,1014.069,367.773,0.0,941.045,54.058,0.0,151.941,24,155.0
TAM,Tamaulipas urbano,Reynosa,032,alta,2024-04-06,26.698,20.555,35.456,61.997,29.445,89.166,16.21,11.131,19.56,4.047,3.21,5.142,997.281,993.608,1000.902,2.481,2.247,2.802,254.431,0.0,836.543,205.31,0.0,590.938,108.152,0.0,315.282,24,158.771
TAM,Tamaulipas urbano,Reynosa,032,alta,2024-04-07,27.117,21.496,34.506,65.786,35.248,92.293,18.095,14.9,20.725,2.733,1.738,3.722,996.354,994.442,998.005,3.095,2.839,3.62,201.965,0.0,688.707,138.917,0.0,414.958,102.371,0.0,301.741,24,120.136
TAM,Tamaulipas urbano,Reynosa,032,alta,2024-04-08,27.65,22.603,34.423,69.768,41.91,91.04,20.316,18.073,22.319,3.318,1.346,4.817,994.249,990.696,997.338,3.787,3.685,3.981,213.86,0.0,938.482,143.963,0.0,729.774,104.735,0.0,361.261,24,148.304
TAM,Tamaulipas urbano,Reynosa,032,alta,2024-04-09,29.25,23.599,37.847,60.396,24.477,90.584,17.23,9.737,22.352,3.282,2.601,4.302,989.534,985.248,993.05,2.948,2.287,3.974,240.731,0.0,809.9,198.532,0.0,636.394,99.469,0.0,310.541,24,158.983
TAM,Tamaulipas urbano,Reynosa,032,alta,2024-04-10,26.562,21.262,33.565,36.83,13.743,71.888,6.884,0.297,17.937,5.68,2.468,8.064,994.596,989.225,1000.449,1.546,0.988,2.837,331.33,0.0,1057.848,410.328,0.0,986.366,47.976,0.0,113.546,24,333.066
TAM,Tamaulipas urbano,Reynosa,032,alta,2024-04-11,24.066,16.917,32.031,40.074,18.41,65.014,7.428,3.781,10.476,2.608,1.166,3.446,1004.593,1001.075,1007.108,1.466,1.37,1.591,315.064,0.0,1029.096,359.541,0.0,916.397,65.474,0.0,183.007,24,26.658
TAM,Tamaulipas urbano,Reynosa,032,alta,2024-04-12,23.564,17.118,30.765,49.911,25.674,73.682,10.796,7.635,14.475,3.562,1.407,5.953,1007.663,1006.04,1010.106,2.212,1.664,2.631,295.873,0.0,954.125,290.655,0.0,846.068,82.748,0.0,253.9,24,141.935
TAM,Tamaulipas urbano,Reynosa,032,alta,2024-04-13,24.757,19.351,32.072,56.801,30.728,77.503,14.258,11.578,17.18,4.317,2.602,5.888,1005.609,1002.52,1009.417,2.901,2.671,3.111,266.626,0.0,867.832,196.218,0.0,610.267,119.236,0.0,320.943,24,148.85
TAM,Tamaulipas urbano,Reynosa,032,alta,2024-04-14,26.531,20.682,34.406,63.308,35.219,87.014,17.532,15.495,20.188,4.506,3.153,6.008,1000.725,997.604,1003.913,3.114,2.912,3.359,288.126,0.0,932.531,267.445,0.0,759.886,89.45,0.0,220.748,24,149.798
TAM,Tamaulipas urbano,Reynosa,032,alta,2024-04-15,27.34,22.217,34.595,69.014,40.957,90.822,19.943,18.255,21.869,4.88,3.268,6.32,995.828,992.561,999.124,3.468,3.387,3.631,250.284,0.0,811.83,166.353,0.0,492.672,127.381,0.0,397.628,24,152.95
TAM,Tamaulipas urbano,Reynosa,032,alta,2024-04-16,28.792,23.826,35.525,67.653,40.529,90.488,21.011,19.28,22.778,3.744,2.723,4.52,994.664,992.957,997.728,4.006,3.488,4.405,233.534,0.0,778.502,122.578,0.0,403.993,140.054,0.0,407.033,24,132.952
TAM,Tamaulipas urbano,Reynosa,032,alta,2024-04-17,28.361,24.371,34.296,72.084,46.0,93.55,21.994,20.33,23.244,3.148,2.043,4.217,997.228,994.866,998.891,4.25,4.142,4.311,200.607,0.0,729.444,101.862,0.0,386.554,123.399,0.0,393.386,24,123.552
TAM,Tamaulipas urbano,Reynosa,032,alta,2024-04-18,28.959,24.165,35.931,68.452,39.756,93.595,21.35,19.094,23.153,3.316,2.286,3.924,997.327,994.555,999.321,4.035,3.785,4.238,205.875,0.0,789.745,108.722,0.0,455.144,121.267,0.0,391.965,24,130.594
TAM,Tamaulipas urbano,Reynosa,032,alta,2024-04-19,28.882,23.784,36.064,67.027,37.257,95.042,20.839,17.93,23.012,3.616,1.771,5.153,998.232,995.425,999.993,3.753,3.473,4.057,265.585,0.0,890.764,229.308,0.0,632.227,99.681,0.0,275.705,24,130.93
TAM,Tamaulipas urbano,Reynosa,032,alta,2024-04-20,28.771,24.021,35.426,67.522,40.292,91.874,21.025,19.201,22.561,3.519,1.937,4.488,997.741,994.342,999.641,4.153,3.934,4.433,250.153,0.0,836.32,186.821,0.0,609.879,113.098,0.0,353.663,24,127.938
TAM,Tamaulipas urbano,Reynosa,032,alta,2024-04-21,23.785,20.073,27.045,76.219,54.033,94.335,18.947,16.609,22.508,4.321,2.666,5.265,1003.383,999.016,1007.334,4.407,3.973,4.643,106.021,0.0,368.876,42.917,0.0,147.325,76.163,0.0,260.393,24,36.219
TAM,Tamaulipas urbano,Reynosa,032,alta,2024-04-22,21.388,18.308,25.323,74.251,57.793,88.43,16.327,14.815,18.177,3.208,2.285,3.793,1006.173,1003.755,1008.499,4.108,3.945,4.261,68.172,0.0,250.049,8.338,0.0,48.162,63.742,0.0,231.638,24,55.063
TAM,Tamaulipas urbano,Reynosa,032,alta,2024-04-23,25.597,19.54,32.881,71.975,45.466,94.259,19.3,18.242,21.637,2.992,1.305,4.251,1001.705,998.816,1004.727,3.779,3.492,4.007,215.074,0.0,717.953,177.344,0.0,488.155,96.068,0.0,296.995,24,133.307
TAM,Tamaulipas urbano,Reynosa,032,alta,2024-04-24,27.608,22.535,34.31,71.874,44.573,95.86,21.157,19.893,22.392,3.559,1.974,5.086,1001.314,998.996,1002.747,3.769,3.681,3.875,269.904,0.0,832.011,242.179,0.0,576.475,100.256,0.0,315.626,24,132.381
TAM,Tamaulipas urbano,Reynosa,032,alta,2024-04-25,27.974,23.51,33.823,71.534,45.497,94.726,21.426,19.589,22.665,4.662,2.198,6.494,998.613,994.513,1002.545,3.986,3.751,4.16,242.14,0.0,770.089,149.033,0.0,444.391,133.386,0.0,400.715,24,145.748
TAM,Tamaulipas urbano,Reynosa,032,alta,2024-04-26,28.27,24.536,34.18,71.093,43.888,90.722,21.432,18.67,22.939,4.216,3.62,5.153,993.695,990.734,995.664,3.899,3.391,4.407,216.786,0.0,733.867,99.871,0.0,344.617,141.595,0.0,461.144,24,146.032
TAM,Tamaulipas urbano,Reynosa,032,alta,2024-04-27,29.355,23.886,37.019,64.439,31.335,91.074,19.39,14.637,22.97,4.023,3.232,5.115,992.273,989.623,994.092,2.915,2.514,3.408,257.676,0.0,841.331,185.343,0.0,560.951,124.095,0.0,394.25,24,142.127
TAM,Tamaulipas urbano,Reynosa,032,alta,2024-04-28,29.869,23.917,37.802,60.319,27.302,88.918,18.694,13.527,22.747,3.362,2.032,4.155,992.682,990.803,994.737,2.717,2.309,3.056,283.576,0.0,949.487,252.767,0.0,754.299,96.538,0.0,293.905,24,115.487
TAM,Tamaulipas urbano,Reynosa,032,alta,2024-04-29,29.658,24.139,36.936,64.944,35.63,89.541,20.759,17.907,23.169,2.545,0.997,4.824,994.795,992.298,997.281,3.448,3.149,3.855,279.033,0.0,915.889,223.809,0.0,621.493,114.47,0.0,311.771,24,111.257
TAM,Tamaulipas urbano,Reynosa,032,alta,2024-04-30,29.223,24.251,36.005,68.585,40.521,93.429,21.736,19.857,23.376,3.012,1.355,5.076,995.941,993.158,997.865,3.972,3.787,4.28,270.429,0.0,836.985,184.131,0.0,492.756,134.6,0.0,396.571,24,121.032
TAM,Tamaulipas urbano,Reynosa,032,alta,2024-05-01,29.59,24.931,35.935,69.156,43.062,91.68,22.284,20.441,23.949,3.912,1.938,5.279,992.973,989.446,996.377,4.605,4.322,4.849,229.318,0.0,747.342,115.725,0.0,323.43,143.436,0.0,438.008,24,140.905
TAM,Tamaulipas urbano,Reynosa,032,alta,2024-05-02,30.85,25.651,38.332,66.108,35.52,92.666,21.793,17.98,24.316,3.296,2.424,4.057,991.021,988.615,992.97,4.111,3.745,4.662,234.925,0.0,812.627,147.427,0.0,481.131,123.233,0.0,357.045,24,123.116
TAM,Tamaulipas urbano,Reynosa,032,alta,2024-05-03,30.546,25.849,37.644,67.436,39.405,88.553,22.602,20.344,23.941,2.899,1.347,4.869,992.696,990.894,995.093,4.052,3.762,4.35,241.501,0.0,729.262,152.605,0.0,388.842,130.839,0.0,385.973,24,111.371
TAM,Tamaulipas urbano,Reynosa,032,alta,2024-05-04,29.837,25.269,36.583,69.591,41.49,93.667,22.605,20.574,24.189,3.518,2.037,5.015,994.059,991.629,995.156,4.48,4.366,4.556,216.515,0.0,661.269,118.652,0.0,350.983,131.84,0.0,384.27,24,124.048
TAM,Tamaulipas urbano,Reynosa,032,alta,2024-05-05,29.751,25.193,36.315,69.838,42.379,92.16,22.597,20.592,24.088,3.541,2.453,4.568,994.24,992.644,995.908,4.283,4.012,4.473,233.364,0.0,764.884,161.281,0.0,450.291,112.975,0.0,342.248,24,124.04
TAM,Tamaulipas urbano,Reynosa,032,alta,2024-05-06,30.627,25.371,37.289,68.75,41.734,94.013,22.987,21.037,24.332,3.074,1.804,3.969,992.954,990.076,995.426,4.19,3.963,4.373,232.439,0.0,724.597,149.134,0.0,446.077,126.852,0.0,414.232,24,140.519
TAM,Tamaulipas urbano,Reynosa,032,alta,2024-05-07,31.739,25.857,39.456,64.661,35.562,92.086,22.601,19.815,24.613,2.688,1.686,3.674,991.029,988.609,992.863,3.927,3.675,4.127,245.134,0.0,788.0,153.164,0.0,417.125,132.443,0.0,403.066,24,129.806
TAM,Tamaulipas urbano,Reynosa,032,alta,2024-05-08,33.05,26.579,42.123,57.856,24.737,87.428,20.524,14.702,24.338,2.783,2.135,3.46,988.845,986.047,991.235,3.312,3.055,3.757,268.373,0.0,883.244,188.856,0.0,577.303,121.708,0.0,321.306,24,159.991
TAM,Tamaulipas urbano,Reynosa,032,alta,2024-05-09,34.091,26.556,43.685,54.688,20.743,87.474,20.139,14.178,24.028,2.664,1.705,3.802,989.842,987.585,992.246,3.271,3.04,3.522,309.941,0.0,960.819,288.254,0.0,754.579,94.706,0.0,246.361,24,127.376
TAM,Tamaulipas urbano,Reynosa,032,alta,2024-05-10,31.95,27.027,38.694,63.927,37.578,88.084,22.869,20.771,24.64,3.237,1.798,4.687,993.927,992.412,997.039,3.972,3.536,4.335,245.941,0.0,759.867,148.228,0.0,377.455,137.57,0.0,402.785,24,70.893
TAM,Tamaulipas urbano,Reynosa,032,alta,2024-05-11,30.522,25.966,36.991,64.546,39.337,90.235,21.939,19.54,24.203,3.128,1.709,4.672,995.586,992.265,997.739,4.218,3.934,4.4,244.825,0.0,824.874,158.744,0.0,489.643,125.193,0.0,401.27,24,87.214
TAM,Tamaulipas urbano,Reynosa,032,alta,2024-05-12,30.683,25.26,37.671,61.305,34.624,86.039,20.917,18.293,22.96,2.929,1.852,3.843,992.325,988.8,995.531,4.173,4.025,4.505,274.238,0.0,909.473,166.239,0.0,545.866,145.376,0.0,388.985,24,140.584
TAM,Tamaulipas urbano,Reynosa,032,alta,2024-05-13,31.412,26.414,38.283,63.137,37.364,83.925,22.198,19.883,24.332,2.661,1.705,4.013,991.004,988.552,993.749,4.555,4.294,4.689,266.12,0.0,856.01,161.63,0.0,468.655,142.928,0.0,425.019,24,109.816
TAM,Tamaulipas urbano,Reynosa,032,alta,2024-05-14,30.083,25.024,37.095,63.978,33.015,93.971,20.659,16.566,24.355,3.254,1.564,5.307,994.77,992.876,996.747,3.836,3.469,4.264,300.437,0.0,955.003,268.502,0.0,698.799,99.34,0.0,263.034,24,63.978
TAM,Tamaulipas urbano,Reynosa,032,alta,2024-05-15,30.43,24.341,37.78,66.034,39.346,90.668,22.147,20.657,24.337,3.334,1.231,5.344,993.689,989.976,996.389,4.237,3.526,4.782,290.128,0.0,915.509,209.567,0.0,569.1,131.792,0.0,366.568,24,135.272
TAM,Tamaulipas urbano,Reynosa,032,alta,2024-05-16,32.72,26.777,40.679,60.977,30.519,88.359,22.17,17.786,24.762,3.198,2.54,4.134,989.78,986.459,993.123,4.152,3.564,4.884,264.241,0.0,874.505,192.416,0.0,573.946,120.326,0.0,359.453,24,145.537
TAM,Tamaulipas urbano,Reynosa,032,alta,2024-05-17,30.408,26.691,35.874,69.022,46.429,86.964,23.123,21.469,24.578,3.007,1.62,4.275,991.599,989.819,995.272,4.475,3.936,4.683,215.759,0.0,720.184,114.785,0.0,325.219,131.222,0.0,424.597,24,42.404
TAM,Tamaulipas urbano,Reynosa,032,alta,2024-05-18,30.999,25.532,38.055,65.902,37.882,90.818,22.628,20.055,24.751,2.748,1.719,4.217,995.998,994.129,998.389,4.152,3.495,4.831,302.986,0.0,937.198,256.424,0.0,661.752,110.761,0.0,303.798,24,43.825
TAM,Tamaulipas urbano,Reynosa,032,alta,2024-05-19,31.551,25.934,38.835,64.668,32.197,95.214,22.371,18.476,25.394,2.583,0.991,4.519,997.233,994.427,999.577,3.271,3.074,3.496,317.829,0.0,981.932,306.354,0.0,754.714,91.86,0.0,232.489,24,90.832
TAM,Tamaulipas urbano,Reynosa,032,alta,2024-05-20,32.408,26.586,40.055,62.566,32.701,91.098,22.712,19.581,25.048,3.015,1.378,4.868,994.638,991.978,997.022,3.513,3.339,3.728,317.102,0.0,977.081,294.101,0.0,745.421,95.115,0.0,234.7,24,133.537
TAM,Tamaulipas urbano,Reynosa,032,alta,2024-05-21,32.563,27.287,39.954,63.028,34.537,88.907,23.165,20.285,25.353,4.354,2.97,5.666,993.617,991.083,995.832,3.449,3.285,3.584,305.024,0.0,966.686,270.655,0.0,737.609,100.213,0.0,256.189,24,143.977
TAM,Tamaulipas urbano,Reynosa,032,alta,2024-05-22,32.437,27.332,39.574,64.49,37.366,89.904,23.486,21.118,25.47,4.654,2.963,6.265,993.919,990.88,995.813,3.667,3.544,3.794,295.538,0.0,934.184,222.575,0.0,638.058,124.51,0.0,362.122,24,148.3
TAM,Tamaulipas urbano,Reynosa,032,alta,2024-05-23,32.632,27.263,39.729,63.814,36.066,89.547,23.457,20.943,25.429,4.736,3.372,5.953,993.207,990.381,995.352,4.062,3.679,4.341,295.13,0.0,937.211,228.89,0.0,617.481,119.426,0.0,321.888,24,139.621
TAM,Tamaulipas urbano,Reynosa,032,alta,2024-05-24,33.312,27.668,40.689,62.946,35.042,89.6,23.659,21.056,25.735,3.972,2.749,5.032,992.629,989.962,993.99,4.267,4.161,4.419,283.847,0.0,924.896,208.567,0.0,601.558,124.34,0.0,326.024,24,142.024
TAM,Tamaulipas urbano,Reynosa,032,alta,2024-05-25,33.28,27.912,40.326,64.277,37.805,90.699,24.241,22.286,26.175,4.239,2.65,5.634,992.838,990.259,994.282,4.39,4.174,4.551,296.325,0.0,919.813,226.671,0.0,589.225,124.624,0.0,352.046,24,141.308
TAM,Tamaulipas urbano,Reynosa,032,alta,2024-05-26,33.922,27.905,41.474,62.036,35.941,87.764,24.172,22.295,25.958,3.567,2.787,4.219,992.433,990.009,995.216,4.701,4.357,4.966,283.52,0.0,880.42,196.923,0.0,541.168,134.893,0.0,389.234,24,134.614
TAM,Tamaulipas urbano,Reynosa,032,alta,2024-05-27,33.501,28.633,40.534,64.198,36.85,88.894,24.318,21.553,26.534,3.155,1.813,5.073,995.849,994.318,999.777,4.187,3.689,4.831,267.283,0.0,933.239,171.731,0.0,614.71,131.157,0.0,353.591,24,115.489
TAM,Tamaulipas urbano,Reynosa,032,alta,2024-05-28,32.362,27.547,38.984,63.779,33.746,90.029,22.915,18.884,25.828,3.71,1.847,5.622,998.545,996.273,1000.03,3.755,3.36,4.266,304.454,0.0,945.899,233.5,0.0,645.637,120.674,0.0,305.863,24,136.008
TAM,Tamaulipas urbano,Reynosa,032,alta,2024-05-29,30.514,25.557,37.183,68.763,38.121,94.068,22.718,19.749,25.033,2.943,1.407,4.529,1000.056,997.2,1002.264,3.818,3.446,4.035,282.353,0.0,935.192,221.287,0.0,725.713,106.26,0.0,312.419,24,109.997
TAM,Tamaulipas urbano,Reynosa,032,alta,2024-05-30,31.335,26.458,37.589,66.512,38.903,90.487,23.156,20.505,25.042,4.001,2.562,5.341,997.23,994.138,999.6,4.196,4.049,4.291,308.854,0.0,955.557,267.299,0.0,692.851,104.957,0.0,269.458,24,142.798
TAM,Tamaulipas urbano,Reynosa,032,alta,2024-05-31,31.74,26.856,38.274,67.235,40.041,92.689,23.778,21.44,25.577,4.258,2.719,5.525,995.753,994.037,997.801,4.103,3.95,4.212,270.612,0.0,869.729,190.603,0.0,619.67,125.662,0.0,339.209,24,136.769
TAM,Tamaulipas urbano,Reynosa,032,alta,2024-06-01,31.832,26.857,38.314,65.563,36.009,94.033,23.177,19.839,25.806,3.72,2.078,5.341,996.994,994.86,998.548,4.1,3.906,4.281,312.608,0.0,956.537,283.935,0.0,721.515,96.422,0.0,236.218,24,129.706
TAM,Tamaulipas urbano,Reynosa,032,alta,2024-06-02,32.214,27.042,38.956,64.873,35.577,92.99,23.327,20.223,25.776,4.496,2.877,5.853,995.673,992.517,998.001,4.081,4.004,4.184,305.167,0.0,964.593,262.582,0.0,764.525,101.432,0.0,266.23,24,141.256
TAM,Tamaulipas urbano,Reynosa,032,alta,2024-06-03,33.054,27.804,40.463,62.613,33.373,89.125,23.387,20.318,25.894,4.298,3.46,5.486,992.322,988.813,995.442,4.035,3.808,4.347,290.125,0.0,937.642,222.82,0.0,649.351,115.237,0.0,290.363,24,142.3
TAM,Tamaulipas urbano,Reynosa,032,alta,2024-06-04,34.008,28.241,41.135,57.267,32.657,81.785,22.655,20.171,25.215,4.338,2.754,5.614,991.154,988.317,992.964,3.936,3.616,4.32,287.235,0.0,932.011,212.279,0.0,622.507,121.921,0.0,335.175,24,146.565
TAM,Tamaulipas urbano,Reynosa,032,alta,2024-06-05,33.367,27.931,40.918,60.69,33.508,85.085,23.223,20.635,25.23,3.778,2.234,5.081,992.238,990.648,994.959,3.958,3.631,4.295,306.875,0.0,951.198,241.416,0.0,659.984,120.463,0.0,295.129,24,130.974
TAM,Tamaulipas urbano,Reynosa,032,alta,2024-06-06,32.131,26.927,38.175,63.815,35.918,91.832,22.923,19.609,25.483,2.608,1.342,3.805,995.235,993.594,997.651,3.808,3.613,3.996,279.103,0.0,855.15,159.106,0.0,454.724,161.815,0.0,528.011,24,116.453
TAM,Tamaulipas urbano,Reynosa,032,alta,2024-06-07,32.229,26.646,39.152,60.425,32.31,91.525,22.003,18.987,25.234,2.694,0.975,4.61,997.422,995.209,998.973,4.012,3.631,4.246,305.281,0.0,931.958,250.972,0.0,645.737,115.831,0.0,309.06,24,108.072
TAM,Tamaulipas urbano,Reynosa,032,alta,2024-06-08,32.065,26.25,39.106,56.806,31.231,83.32,20.963,18.317,23.217,2.874,1.023,4.748,997.105,994.523,998.755,3.797,3.616,4.044,315.542,0.0,961.455,289.483,0.0,733.41,97.647,0.0,243.386,24,139.618
TAM,Tamaulipas urbano,Reynosa,032,alta,2024-06-09,32.587,27.226,39.579,58.567,34.534,79.757,22.288,20.461,24.283,3.507,2.205,4.865,995.328,992.973,997.522,4.733,4.099,4.95,310.746,0.0,955.305,281.027,0.0,709.652,98.146,0.0,246.526,24,137.938
TAM,Tamaulipas urbano,Reynosa,032,alta,2024-06-10,32.218,27.633,37.771,62.89,40.92,84.063,23.43,21.806,24.693,2.662,1.762,3.421,994.922,992.827,996.638,5.035,4.737,5.185,273.133,0.0,837.408,204.092,0.0,510.025,122.749,0.0,345.842,24,114.526
TAM,Tamaulipas urbano,Reynosa,032,alta,2024-06-11,32.708,27.065,39.482,58.258,31.397,88.345,21.991,18.742,25.038,2.568,0.915,4.504,995.932,993.338,998.129,4.042,3.797,4.626,320.16,0.0,954.667,319.295,0.0,734.417,86.706,0.0,229.652,24,119.015
TAM,Tamaulipas urbano,Reynosa,032,alta,2024-06-12,32.491,26.91,39.087,56.365,33.524,80.487,21.607,19.643,23.375,3.015,1.381,4.401,997.555,995.529,998.925,4.474,4.141,4.681,318.901,0.0,937.297,326.328,0.0,755.056,80.722,0.0,216.98,24,127.329
TAM,Tamaulipas urbano,Reynosa,032,alta,2024-06-13,32.632,27.652,39.19,56.41,33.393,77.994,21.807,19.739,23.467,3.05,1.452,4.925,997.456,995.387,999.005,4.556,4.475,4.639,312.304,0.0,931.254,312.249,0.0,783.902,83.921,0.0,248.123,24,118.324
TAM,Tamaulipas urbano,Reynosa,032,alta,2024-06-14,32.48,27.595,38.747,56.302,34.252,78.521,21.658,19.71,23.522,3.118,1.063,5.106,997.638,995.34,999.105,4.308,4.082,4.626,314.481,0.0,961.137,335.388,0.0,774.726,74.789,0.0,199.906,24,110.53
TAM,Tamaulipas urbano,Reynosa,032,alta,2024-06-15,32.258,27.31,38.595,55.556,34.1,75.771,21.291,19.528,22.703,3.111,1.253,5.16,996.965,994.309,999.182,3.857,3.721,4.085,323.633,0.0,981.023,348.162,0.0,810.29,73.276,0.0,195.331,24,122.384
TAM,Tamaulipas urbano,Reynosa,032,alta,2024-06-16,32.465,27.2,39.161,56.689,31.609,80.468,21.481,18.637,23.943,3.319,1.47,5.23,994.975,992.314,997.149,3.773,3.539,4.219,336.482,0.0,1007.919,385.736,0.0,877.261,58.128,0.0,151.812,24,132.788
TAM,Tamaulipas urbano,Reynosa,032,alta,2024-06-17,32.186,27.806,38.248,60.872,37.156,80.281,22.735,20.489,24.365,3.652,1.71,5.524,993.259,990.774,995.227,4.44,4.211,4.808,320.276,0.0,962.267,335.785,0.0,770.652,76.479,0.0,197.066,24,113.251
TAM,Tamaulipas urbano,Reynosa,032,alta,2024-06-18,31.448,27.579,37.114,64.625,41.57,82.284,23.244,21.503,24.625,4.459,2.319,6.451,991.811,989.783,993.698,4.777,4.256,5.582,276.905,0.0,799.606,239.84,0.0,648.038,105.769,0.0,315.038,24,51.233
TAM,Tamaulipas urbano,Reynosa,032,alta,2024-06-19,28.243,26.44,30.298,84.881,73.832,95.387,25.28,24.099,26.793,5.269,3.762,5.986,991.166,989.48,992.87,6.743,5.485,7.334,106.605,0.0,340.847,23.965,0.0,134.832,92.512,0.0,305.014,24,22.421
TAM,Tamaulipas urbano,Reynosa,032,alta,2024-06-20,28.572,26.987,30.85,86.502,73.499,95.408,26.005,25.237,26.773,5.943,3.996,7.173,995.431,990.899,1000.226,6.371,5.47,7.176,211.119,0.0,681.779,133.641,0.0,430.791,110.574,0.0,326.866,24,86.937
TAM,Tamaulipas urbano,Reynosa,032,alta,2024-06-21,28.525,25.936,31.816,80.662,63.772,93.275,24.636,23.663,25.654,4.254,2.424,5.629,1000.594,999.626,1001.894,4.99,4.724,5.42,274.16,0.0,827.685,239.408,0.0,626.131,101.646,0.0,311.106,24,83.21
TAM,Tamaulipas urbano,Reynosa,032,alta,2024-06-22,27.142,25.18,29.601,85.523,71.381,94.715,24.313,23.638,25.007,3.373,2.145,4.765,999.815,998.078,1001.832,6.223,5.389,6.625,126.348,0.0,416.445,29.579,0.0,128.029,104.66,0.0,314.341,24,47.453
TAM,Tamaulipas urbano,Reynosa,032,alta,2024-06-23,28.275,25.537,31.645,85.716,70.039,96.738,25.457,24.969,26.046,2.309,1.442,3.477,998.125,996.335,999.374,6.429,6.079,6.579,196.389,0.0,625.749,133.748,0.0,353.833,106.371,0.0,328.215,24,58.748
TAM,Tamaulipas urbano,Reynosa,032,alta,2024-06-24,29.11,25.886,33.058,81.455,62.0,97.808,25.252,24.563,25.943,2.392,1.382,3.347,998.441,996.715,999.83,5.64,5.273,6.024,265.59,0.0,805.803,242.499,0.0,569.205,90.288,0.0,278.888,24,115.865
TAM,Tamaulipas urbano,Reynosa,032,alta,2024-06-25,29.517,25.826,33.731,78.257,58.647,96.053,24.898,23.997,25.832,2.65,1.244,3.694,998.868,997.085,1000.293,5.146,4.951,5.38,318.889,0.0,970.694,350.074,0.0,809.722,68.108,0.0,193.353,24,146.744
TAM,Tamaulipas urbano,Reynosa,032,alta,2024-06-26,29.796,26.027,34.288,77.331,58.032,95.256,24.989,24.484,25.489,2.961,2.1,3.654,997.327,995.346,999.547,4.902,4.693,5.057,329.432,0.0,977.876,375.141,0.0,850.222,59.623,0.0,159.118,24,144.95
TAM,Tamaulipas urbano,Reynosa,032,alta,2024-06-27,29.769,26.033,34.445,75.997,54.261,94.814,24.55,23.431,25.504,2.453,1.449,3.703,996.146,993.903,997.841,5.059,4.76,5.376,297.904,0.0,888.962,286.633,0.0,712.42,86.956,0.0,246.02,24,147.728
TAM,Tamaulipas urbano,Reynosa,032,alta,2024-06-28,29.555,26.216,33.332,77.284,59.323,93.837,24.727,23.766,25.534,3.443,1.79,4.926,995.291,993.448,996.893,5.142,5.04,5.263,294.392,0.0,895.548,300.028,0.0,704.56,80.958,0.0,263.732,24,153.281
TAM,Tamaulipas urbano,Reynosa,032,alta,2024-06-29,29.988,26.547,34.697,74.51,52.201,93.34,24.354,22.958,25.571,3.563,2.527,4.944,998.921,996.486,1002.635,4.816,4.416,5.078,330.218,0.0,993.957,369.487,0.0,863.078,60.728,0.0,146.594,24,127.507
TAM,Tamaulipas urbano,Reynosa,032,alta,2024-06-30,28.82,26.494,31.831,79.715,63.525,93.761,24.632,23.191,25.621,3.827,2.086,5.442,1002.388,1001.274,1003.581,5.61,5.0,6.112,206.204,0.0,634.308,138.215,0.0,374.23,104.649,0.0,346.459,24,80.617
TAM,Tamaulipas urbano,Reynosa,032,alta,2024-07-01,29.4,26.02,33.993,75.874,53.657,95.172,24.069,22.366,25.46,2.96,1.868,4.129,1001.92,999.717,1003.568,5.285,4.639,6.12,247.02,0.0,758.597,179.096,0.0,465.756,113.709,0.0,351.867,24,103.594
TAM,Tamaulipas urbano,Reynosa,032,alta,2024-07-02,29.445,25.174,34.512,73.408,51.179,95.49,23.407,22.05,24.694,2.857,1.136,4.417,1000.122,998.379,1001.573,4.844,4.654,5.094,321.904,0.0,984.61,340.266,0.0,833.739,69.312,0.0,158.977,24,147.87
TAM,Tamaulipas urbano,Reynosa,032,alta,2024-07-03,29.472,25.653,34.145,74.01,54.064,92.623,23.777,23.0,24.52,3.54,2.054,4.936,999.959,998.372,1001.365,4.932,4.772,5.133,318.421,0.0,952.677,352.988,0.0,776.153,67.238,0.0,181.318,24,154.109
TAM,Tamaulipas urbano,Reynosa,032,alta,2024-07-04,29.913,25.543,35.365,70.751,46.658,91.924,23.134,21.341,24.449,3.609,2.248,4.648,998.76,996.251,1000.543,4.433,4.148,4.798,325.39,0.0,993.271,346.014,0.0,860.278,68.568,0.0,169.05,24,154.262
TAM,Tamaulipas urbano,Reynosa,032,alta,2024-07-05,29.977,25.757,35.523,69.964,45.692,92.743,23.034,20.898,24.538,3.214,2.051,4.048,998.408,996.948,999.895,4.048,3.992,4.168,320.789,0.0,989.061,324.849,0.0,826.375,77.831,0.0,204.231,24,145.973
TAM,Tamaulipas urbano,Reynosa,032,alta,2024-07-06,29.929,24.946,35.337,68.876,46.274,92.555,22.648,21.017,23.953,2.173,0.877,3.486,998.982,997.21,1000.875,4.144,3.853,4.44,324.195,0.0,979.292,350.894,0.0,850.83,68.5,0.0,195.258,24,111.702
TAM,Tamaulipas urbano,Reynosa,032,alta,2024-07-07,30.099,25.816,34.725,71.075,50.783,90.711,23.713,22.641,24.652,2.481,1.097,3.888,995.663,993.008,998.78,5.202,4.461,5.679,260.341,0.0,840.68,201.908,0.0,560.181,106.396,0.0,298.382,24,345.645
TAM,Tamaulipas urbano,Reynosa,032,alta,2024-07-08,30.696,26.26,36.077,71.18,48.424,90.076,24.171,23.11,25.608,2.245,1.258,2.719,995.712,994.479,998.592,5.102,4.913,5.504,285.664,0.0,897.741,267.673,0.0,726.123,87.125,0.0,263.168,24,161.047
TAM,Tamaulipas urbano,Reynosa,032,alta,2024-07-09,29.961,26.436,34.519,73.994,50.41,93.276,24.176,22.264,25.667,2.223,1.28,3.609,998.964,997.91,1000.613,5.044,4.774,5.325,304.678,0.0,956.009,304.556,0.0,784.299,77.066,0.0,204.819,24,132.718
TAM,Tamaulipas urbano,Reynosa,032,alta,2024-07-10,28.542,26.164,31.803,80.692,63.986,93.371,24.569,23.693,25.39,1.786,0.651,3.077,1000.448,999.168,1002.021,5.518,5.245,5.89,180.212,0.0,583.48,108.467,0.0,354.208,112.222,0.0,335.302,24,105.569
TAM,Tamaulipas urbano,Reynosa,032,alta,2024-07-11,27.916,25.009,31.697,80.456,61.62,94.723,23.926,23.157,24.844,1.952,1.094,3.089,1001.767,1000.493,1002.953,5.634,5.382,5.901,204.87,0.0,656.799,128.135,0.0,392.669,114.959,0.0,374.384,24,118.818
TAM,Tamaulipas urbano,Reynosa,032,alta,2024-07-12,27.991,25.056,31.587,81.349,63.889,95.219,24.21,23.642,24.935,2.263,1.08,3.869,1002.75,1001.408,1004.997,5.303,4.926,5.443,194.804,0.0,608.063,94.402,0.0,316.201,124.37,0.0,356.724,24,128.286
TAM,Tamaulipas urbano,Reynosa,032,alta,2024-07-13,28.532,24.989,32.93,77.614,55.477,96.063,23.726,22.323,24.835,2.909,1.472,4.278,1005.15,1003.977,1006.818,4.577,4.359,4.889,285.26,0.0,877.784,196.13,0.0,582.829,130.564,0.0,350.708,24,140.746
TAM,Tamaulipas urbano,Reynosa,032,alta,2024-07-14,28.753,24.714,33.564,74.97,53.307,95.041,23.289,22.107,24.239,2.713,1.452,3.831,1004.765,1003.047,1006.547,4.535,4.303,4.809,300.035,0.0,930.686,270.189,0.0,742.543,93.736,0.0,257.406,24,144.864
TAM,Tamaulipas urbano,Reynosa,032,alta,2024-07-15,28.667,24.497,33.607,71.969,46.371,95.783,22.349,20.134,24.124,2.888,1.79,3.859,1002.226,999.862,1004.344,4.348,4.083,4.516,283.974,0.0,856.645,233.435,0.0,593.464,108.764,0.0,314.029,24,158.291
TAM,Tamaulipas urbano,Reynosa,032,alta,2024-07-16,29.122,24.513,34.455,73.345,51.48,92.956,23.332,22.695,24.903,2.863,1.422,4.096,1000.101,998.159,1001.352,4.743,4.507,4.891,289.054,0.0,847.57,253.293,0.0,637.322,101.604,0.0,262.038,24,151.043
TAM,Tamaulipas urbano,Reynosa,032,alta,2024-07-17,29.134,25.731,33.242,76.706,55.78,93.208,24.178,22.88,25.525,2.739,1.875,3.451,1000.598,998.981,1002.07,4.807,4.632,5.002,257.866,0.0,819.321,179.404,0.0,524.131,122.344,0.0,339.496,24,141.393
TAM,Tamaulipas urbano,Reynosa,032,alta,2024-07-18,29.394,25.465,34.152,75.531,51.304,96.942,23.967,22.22,25.625,2.341,1.295,3.477,1001.748,1000.329,1003.026,4.861,4.622,5.064,265.713,0.0,798.321,185.99,0.0,521.492,123.967,0.0,363.589,24,143.645
TAM,Tamaulipas urbano,Reynosa,032,alta,2024-07-19,29.504,25.408,34.355,71.746,47.794,94.433,23.147,21.296,24.854,2.046,1.043,3.141,1001.594,999.643,1003.093,4.922,4.749,5.065,299.463,0.0,919.404,272.381,0.0,728.676,91.532,0.0,242.504,24,153.28
TAM,Tamaulipas urbano,Reynosa,032,alta,2024-07-20,29.915,25.473,35.637,69.46,44.622,89.736,22.906,21.161,24.908,2.535,1.476,3.921,1001.415,999.69,1002.633,4.793,4.665,4.945,295.651,0.0,917.647,267.79,0.0,715.049,91.552,0.0,247.779,24,150.379
TAM,Tamaulipas urbano,Reynosa,032,alta,2024-07-21,28.964,25.779,32.878,76.094,57.041,93.769,23.85,22.721,25.03,3.098,1.759,4.547,1000.696,999.024,1002.184,5.053,4.771,5.219,290.298,0.0,908.122,279.288,0.0,739.15,85.646,0.0,228.167,24,148.637
TAM,Tamaulipas urbano,Reynosa,032,alta,2024-07-22,28.506,24.837,32.621,75.15,54.913,93.314,23.092,21.717,24.269,2.929,1.916,4.097,999.695,997.762,1001.508,5.208,4.885,5.469,276.447,0.0,891.066,240.149,0.0,632.011,103.605,0.0,297.056,24,124.413
TAM,Tamaulipas urbano,Reynosa,032,alta,2024-07-23,28.468,25.188,32.395,79.945,61.546,94.927,24.262,23.583,25.333,2.561,1.54,3.688,1000.657,999.452,1002.564,5.676,5.305,5.86,278.34,0.0,815.594,258.719,0.0,671.235,93.795,0.0,286.02,24,128.867
TAM,Tamaulipas urbano,Reynosa,032,alta,2024-07-24,27.89,25.543,31.125,86.646,69.392,96.964,25.285,24.711,25.895,2.043,1.008,3.37,1002.71,1001.542,1004.074,6.115,5.748,6.538,195.756,0.0,652.072,76.942,0.0,253.577,135.374,0.0,425.973,24,129.784
TAM,Tamaulipas urbano,Reynosa,032,alta,2024-07-25,27.838,25.252,31.443,82.803,62.786,97.459,24.337,23.327,25.522,2.034,1.037,2.556,1002.893,1001.612,1004.241,5.515,5.246,6.002,174.739,0.0,625.709,67.203,0.0,285.578,121.199,0.0,381.29,24,129.007
TAM,Tamaulipas urbano,Reynosa,032,alta,2024-07-26,27.54,24.616,31.234,82.686,64.385,96.286,24.027,23.185,24.893,1.763,0.758,3.073,1000.805,998.462,1003.174,5.551,5.234,5.787,177.721,0.0,535.064,75.619,0.0,224.378,120.609,0.0,354.706,24,137.431
TAM,Tamaulipas urbano,Reynosa,032,alta,2024-07-27,27.349,25.016,30.284,86.568,70.681,96.905,24.713,24.045,25.682,2.639,1.363,3.702,999.069,997.408,1000.658,5.857,5.652,6.172,242.691,0.0,773.496,164.281,0.0,454.736,119.583,0.0,370.415,24,139.906
TAM,Tamaulipas urbano,Reynosa,032,alta,2024-07-28,28.285,25.83,31.555,84.432,65.755,97.161,25.153,24.153,25.807,3.384,2.177,4.49,1000.237,999.049,1001.883,5.571,5.192,5.808,265.778,0.0,807.955,226.407,0.0,549.869,103.3,0.0,309.81,24,144.633
TAM,Tamaulipas urbano,Reynosa,032,alta,2024-07-29,29.286,26.027,33.933,78.112,55.505,95.491,24.563,23.361,25.654,3.632,2.609,4.692,1000.9,999.287,1002.572,4.681,4.413,5.178,314.986,0.0,985.811,337.191,0.0,853.631,68.099,0.0,174.916,24,146.285
TAM,Tamaulipas urbano,Reynosa,032,alta,2024-07-30,29.164,25.984,33.424,78.121,57.395,95.554,24.498,23.345,25.552,4.045,2.767,5.104,1000.392,998.361,1001.874,4.589,3.915,4.905,304.769,0.0,944.93,286.859,0.0,758.442,89.975,0.0,227.291,24,150.675
TAM,Tamaulipas urbano,Reynosa,032,alta,2024-07-31,28.791,24.96,33.882,74.763,49.78,95.454,23.032,21.004,24.893,3.868,2.798,5.067,1001.249,1000.112,1003.254,3.725,3.567,3.95,311.906,0.0,976.876,288.604,0.0,785.558,90.825,0.0,248.3,24,156.013
TAM,Tamaulipas urbano,Reynosa,032,alta,2024-08-01,28.604,24.45,33.235,75.321,53.626,93.725,23.217,21.725,24.78,2.663,1.67,3.601,1003.49,1001.89,1005.115,4.267,3.657,4.858,293.635,0.0,925.579,292.275,0.0,750.509,79.652,0.0,212.508,24,144.987
TAM,Tamaulipas urbano,Reynosa,032,alta,2024-08-02,29.107,25.423,33.679,75.519,53.358,95.268,23.804,22.605,24.911,1.921,0.895,2.898,1003.892,1002.107,1005.474,4.519,4.109,4.737,301.731,0.0,915.424,306.172,0.0,777.18,80.262,0.0,224.163,24,139.076
TAM,Tamaulipas urbano,Reynosa,032,alta,2024-08-03,29.469,24.682,34.959,70.607,46.649,94.456,22.799,21.411,24.392,1.878,0.895,2.969,1000.716,998.215,1002.941,4.034,3.908,4.148,323.683,0.0,997.861,368.654,0.0,873.845,58.611,0.0,143.844,24,147.284
TAM,Tamaulipas urbano,Reynosa,032,alta,2024-08-04,29.545,24.2,35.528,66.942,43.172,90.51,21.864,20.546,23.209,2.057,1.034,3.293,999.128,997.733,1000.543,3.936,3.593,4.165,321.301,0.0,995.633,362.431,0.0,872.487,59.934,0.0,141.815,24,145.805
TAM,Tamaulipas urbano,Reynosa,032,alta,2024-08-05,29.656,24.914,34.832,69.383,46.501,90.82,22.674,21.177,24.757,2.196,1.029,3.452,1000.869,999.369,1002.629,4.264,4.085,4.494,311.76,0.0,940.826,348.507,0.0,783.19,66.338,0.0,188.84,24,146.525
TAM,Tamaulipas urbano,Reynosa,032,alta,2024-08-06,30.51,25.753,36.076,70.419,45.534,95.257,23.626,21.717,25.027,2.282,1.225,3.162,1001.675,999.673,1003.639,4.334,4.208,4.472,315.249,0.0,984.851,356.772,0.0,857.434,60.432,0.0,158.075,24,148.89
TAM,Tamaulipas urbano,Reynosa,032,alta,2024-08-07,30.997,25.769,37.09,68.443,42.995,93.169,23.443,21.615,24.73,2.442,1.453,3.489,998.297,994.569,1001.488,4.288,4.204,4.393,313.93,0.0,977.196,339.326,0.0,830.617,66.806,0.0,173.325,24,157.371
TAM,Tamaulipas urbano,Reynosa,032,alta,2024-08-08,31.178,26.451,36.942,69.274,45.087,92.061,23.955,22.306,25.16,2.8,1.552,4.167,995.806,994.164,998.025,4.316,4.086,4.545,294.985,0.0,920.17,294.843,0.0,796.756,80.427,0.0,234.032,24,146.347
TAM,Tamaulipas urbano,Reynosa,032,alta,2024-08-09,30.528,26.745,35.183,71.531,51.876,90.491,24.192,22.986,25.181,2.813,1.502,4.182,999.502,997.501,1002.96,4.605,4.404,4.915,261.344,0.0,794.081,223.305,0.0,619.009,102.945,0.0,321.433,24,124.762
TAM,Tamaulipas urbano,Reynosa,032,alta,2024-08-10,30.651,26.099,36.087,67.865,44.115,91.465,23.18,21.29,24.733,2.273,0.827,3.799,1002.82,1000.905,1004.645,4.399,4.135,4.693,306.244,0.0,934.069,321.742,0.0,807.328,76.403,0.0,216.165,24,120.052
TAM,Tamaulipas urbano,Reynosa,032,alta,2024-08-11,30.634,26.389,35.907,68.566,45.347,89.246,23.423,21.677,25.092,2.265,0.942,4.017,1001.95,999.619,1003.95,4.626,4.474,4.761,246.337,0.0,830.966,184.728,0.0,535.177,109.181,0.0,305.026,24,115.291
TAM,Tamaulipas urbano,Reynosa,032,alta,2024-08-12,30.106,26.823,34.4,71.698,50.433,90.713,23.814,21.935,25.325,3.07,1.57,4.636,1000.712,999.019,1002.102,4.872,4.749,5.048,283.392,0.0,854.612,276.848,0.0,694.216,86.008,0.0,277.019,24,141.913
TAM,Tamaulipas urbano,Reynosa,032,alta,2024-08-13,30.013,26.473,34.632,71.673,51.487,89.092,23.775,22.589,24.86,3.269,2.148,4.351,1001.494,1000.1,1002.901,4.872,4.783,4.977,279.431,0.0,901.879,274.756,0.0,686.158,79.717,0.0,228.85,24,136.912
TAM,Tamaulipas urbano,Reynosa,032,alta,2024-08-14,29.931,26.485,34.348,72.783,50.178,92.28,23.933,22.129,25.166,2.868,1.631,4.251,1001.01,999.13,1002.378,4.885,4.642,5.036,302.891,0.0,940.088,330.107,0.0,832.564,65.279,0.0,180.051,24,145.042
TAM,Tamaulipas urbano,Reynosa,032,alta,2024-08-15,30.175,26.026,35.561,71.083,46.179,92.617,23.573,21.74,25.068,3.059,1.599,4.638,1000.293,998.438,1001.595,4.895,4.748,5.15,283.052,0.0,878.037,279.587,0.0,697.473,84.192,0.0,228.964,24,149.918
TAM,Tamaulipas urbano,Reynosa,032,alta,2024-08-16,30.36,26.198,35.658,69.906,45.07,92.44,23.408,21.291,25.011,2.784,1.71,3.87,1000.699,999.201,1002.156,4.853,4.688,5.051,251.128,0.0,758.442,206.424,0.0,599.485,105.833,0.0,320.491,24,146.65
TAM,Tamaulipas urbano,Reynosa,032,alta,2024-08-17,30.478,26.105,36.005,69.208,44.74,90.869,23.374,21.526,24.665,2.502,1.358,3.853,1000.534,998.569,1002.058,4.874,4.68,5.119,236.131,0.0,749.688,171.516,0.0,495.955,112.273,0.0,324.872,24,140.726
TAM,Tamaulipas urbano,Reynosa,032,alta,2024-08-18,30.358,26.513,35.486,69.269,45.497,89.203,23.359,21.428,24.811,2.067,0.903,3.568,1000.492,998.963,1001.774,4.841,4.733,4.922,237.646,0.0,756.75,159.689,0.0,540.674,120.045,0.0,368.267,24,127.483
TAM,Tamaulipas urbano,Reynosa,032,alta,2024-08-19,30.447,26.613,35.551,69.986,45.94,90.544,23.585,21.494,25.001,1.991,0.807,3.752,1001.446,999.879,1003.011,4.892,4.311,5.236,262.59,0.0,801.506,229.047,0.0,598.285,100.288,0.0,304.122,24,122.372
TAM,Tamaulipas urbano,Reynosa,032,alta,2024-08-20,30.231,26.264,34.801,69.79,46.403,92.209,23.102,20.644,25.09,1.877,0.773,3.126,1002.209,1000.526,1003.644,4.743,4.324,4.978,292.032,0.0,924.079,302.399,0.0,765.329,76.807,0.0,240.05,24,134.531
TAM,Tamaulipas urbano,Reynosa,032,alta,2024-08-21,30.818,26.297,36.241,66.156,42.047,90.119,22.51,20.022,24.597,2.277,1.155,3.443,1001.788,999.762,1003.305,4.674,4.514,4.84,286.074,0.0,891.595,296.088,0.0,758.074,77.392,0.0,224.085,24,146.964
TAM,Tamaulipas urbano,Reynosa,032,alta,2024-08-22,30.931,26.693,36.035,64.126,43.073,83.323,22.492,20.843,23.819,2.704,1.515,4.16,1001.041,999.664,1002.237,4.565,4.47,4.647,290.956,0.0,926.059,310.477,0.0,804.401,72.656,0.0,202.64,24,148.654
TAM,Tamaulipas urbano,Reynosa,032,alta,2024-08-23,30.895,26.09,36.865,64.317,39.764,86.347,22.377,20.289,23.981,2.876,1.587,4.549,1001.744,1000.399,1003.28,4.143,3.982,4.504,296.994,0.0,923.328,323.041,0.0,802.175,71.532,0.0,210.736,24,141.59
TAM,Tamaulipas urbano,Reynosa,032,alta,2024-08-24,30.51,26.001,36.137,66.123,41.614,89.162,22.573,20.505,24.177,2.488,0.975,4.47,1002.095,999.87,1003.779,4.368,4.145,4.515,268.325,0.0,833.564,256.162,0.0,750.913,88.268,0.0,305.439,24,137.295
TAM,Tamaulipas urbano,Reynosa,032,alta,2024-08-25,30.169,26.008,35.542,67.412,44.022,89.231,22.696,21.004,24.185,2.247,0.849,4.246,1002.685,1000.857,1004.106,4.373,4.216,4.566,273.449,0.0,866.734,276.336,0.0,717.374,82.416,0.0,258.941,24,131.426
TAM,Tamaulipas urbano,Reynosa,032,alta,2024-08-26,29.752,25.804,34.947,68.813,45.068,88.797,22.71,20.734,24.214,2.015,0.668,3.929,1002.794,1000.603,1004.639,4.564,4.238,4.924,269.9,0.0,895.783,274.236,0.0,768.553,76.893,0.0,246.797,24,133.644
TAM,Tamaulipas urbano,Reynosa,032,alta,2024-08-27,29.749,25.91,34.673,70.889,47.456,90.598,23.341,21.718,24.684,2.266,0.911,4.068,1001.989,1000.212,1003.31,4.987,4.815,5.173,257.525,0.0,766.58,255.385,0.0,707.084,84.661,0.0,292.791,24,131.356
TAM,Tamaulipas urbano,Reynosa,032,alta,2024-08-28,29.121,26.069,33.315,74.92,53.482,92.308,23.771,22.353,24.884,2.032,0.781,3.83,1001.348,999.457,1003.138,5.331,5.171,5.473,249.023,0.0,804.926,245.488,0.0,690.719,81.545,0.0,254.602,24,123.601
TAM,Tamaulipas urbano,Reynosa,032,alta,2024-08-29,29.83,25.664,35.228,73.094,47.525,94.655,23.863,22.286,25.123,1.878,0.776,3.526,1000.049,997.704,1001.849,5.507,5.353,5.72,275.582,0.0,876.74,294.045,0.0,776.698,70.833,0.0,227.576,24,131.032
TAM,Tamaulipas urbano,Reynosa,032,alta,2024-08-30,29.925,26.229,34.564,73.763,49.596,93.587,24.153,22.27,25.605,2.101,0.938,3.451,999.675,997.903,1001.054,5.567,5.41,5.787,257.766,0.0,897.592,257.408,0.0,801.543,73.586,0.0,236.906,24,134.477
TAM,Tamaulipas urbano,Reynosa,032,alta,2024-08-31,29.568,26.606,33.461,76.183,53.933,93.773,24.515,22.757,25.669,1.532,0.61,2.557,999.289,997.038,1000.919,5.833,5.738,5.985,242.255,0.0,794.368,213.611,0.0,600.704,90.53,0.0,285.784,24,132.037
TAM,Tamaulipas urbano,Reynosa,032,alta,2024-09-01,29.634,26.331,33.9,75.965,52.743,93.459,24.501,22.779,25.686,1.56,0.65,2.457,998.25,996.299,999.781,5.94,5.745,6.216,239.795,0.0,757.506,198.813,0.0,678.397,94.013,0.0,275.828,24,75.851
TAM,Tamaulipas urbano,Reynosa,032,alta,2024-09-02,28.917,26.099,32.711,80.343,59.757,93.476,24.919,23.845,25.963,1.661,1.096,2.208,997.967,996.158,999.553,6.281,6.126,6.537,199.391,0.0,652.077,144.548,0.0,513.678,95.851,0.0,307.054,24,32.322
TAM,Tamaulipas urbano,Reynosa,032,alta,2024-09-03,28.387,26.09,31.81,84.837,65.234,96.012,25.378,24.433,26.189,1.804,1.093,2.465,997.933,996.319,999.477,6.478,6.314,6.682,218.445,0.0,713.613,168.54,0.0,473.811,97.617,0.0,319.442,24,139.69
TAM,Tamaulipas urbano,Reynosa,032,alta,2024-09-04,28.06,26.114,30.674,86.287,70.352,96.16,25.354,24.413,26.04,1.718,1.179,2.214,999.134,997.988,1000.695,6.656,6.552,6.806,195.474,0.0,695.929,115.573,0.0,395.241,114.184,0.0,384.615,24,107.464
TAM,Tamaulipas urbano,Reynosa,032,alta,2024-09-05,27.966,25.425,31.296,85.536,68.035,96.601,25.087,24.512,25.913,2.309,1.133,3.475,999.546,997.878,1000.783,6.596,6.521,6.709,147.654,0.0,598.314,61.119,0.0,260.868,102.723,0.0,350.732,24,347.43
TAM,Tamaulipas urbano,Reynosa,032,alta,2024-09-06,28.026,25.059,31.848,81.802,61.947,96.075,24.26,23.275,25.531,3.323,1.917,4.801,998.838,997.04,1000.342,5.904,5.525,6.537,169.184,0.0,584.301,95.796,0.0,283.762,105.884,0.0,367.339,24,359.66
TAM,Tamaulipas urbano,Reynosa,032,alta,2024-09-07,27.38,24.066,31.574,74.933,55.401,92.275,22.08,20.711,24.457,4.34,2.221,6.076,998.274,996.693,999.859,4.777,3.973,5.415,214.8,0.0,674.19,188.93,0.0,495.424,88.546,0.0,288.803,24,358.457
TAM,Tamaulipas urbano,Reynosa,032,alta,2024-09-08,25.846,21.765,30.281,69.039,48.676,84.439,19.162,17.807,20.544,4.678,3.53,6.489,999.198,997.482,1000.61,4.533,3.95,5.461,230.878,0.0,772.074,195.187,0.0,591.946,96.625,0.0,310.305,24,356.093
TAM,Tamaulipas urbano,Reynosa,032,alta,2024-09-09,24.974,22.409,28.586,75.248,60.343,83.58,19.923,19.015,21.297,4.964,3.53,6.435,999.136,997.555,1000.509,5.897,5.482,6.136,116.419,0.0,399.023,42.488,0.0,131.002,87.025,0.0,289.555,24,343.496
TAM,Tamaulipas urbano,Reynosa,032,alta,2024-09-10,27.308,23.132,32.601,72.522,53.936,86.476,21.432,20.051,23.233,4.06,1.874,5.607,995.834,993.32,998.496,5.7,5.389,6.137,199.238,0.0,634.788,153.383,0.0,510.656,91.453,0.0,288.612,24,344.957
TAM,Tamaulipas urbano,Reynosa,032,alta,2024-09-11,28.409,24.029,33.436,75.835,55.181,92.038,23.263,22.54,24.688,1.881,1.413,2.362,995.262,993.101,996.874,5.503,5.326,5.703,222.715,0.0,774.093,170.469,0.0,508.549,101.662,0.0,326.491,24,349.473
TAM,Tamaulipas urbano,Reynosa,032,alta,2024-09-12,29.418,25.181,34.735,76.163,52.567,95.225,24.181,23.279,25.421,1.877,1.105,2.699,994.848,993.19,996.411,5.216,5.009,5.391,264.886,0.0,870.795,260.365,0.0,740.909,83.015,0.0,246.198,24,149.81
TAM,Tamaulipas urbano,Reynosa,032,alta,2024-09-13,29.7,26.163,34.515,78.592,56.355,95.2,25.076,24.185,25.951,2.573,1.467,3.285,996.834,995.172,998.552,5.193,5.129,5.304,262.095,0.0,870.671,260.839,0.0,772.705,76.751,0.0,213.641,24,147.689
TAM,Tamaulipas urbano,Reynosa,032,alta,2024-09-14,29.161,26.354,33.173,82.157,61.103,96.632,25.495,24.457,26.344,2.58,1.564,3.537,997.277,995.462,998.734,5.765,5.298,6.287,225.875,0.0,789.515,150.478,0.0,467.465,118.621,0.0,370.81,24,135.26
TAM,Tamaulipas urbano,Reynosa,032,alta,2024-09-15,28.142,26.369,30.711,87.742,72.8,96.815,25.757,25.008,26.402,2.116,1.195,3.148,997.384,995.785,998.752,6.382,6.296,6.443,118.38,0.0,479.396,32.255,0.0,166.805,93.342,0.0,349.857,24,123.919
TAM,Tamaulipas urbano,Reynosa,032,alta,2024-09-16,28.046,25.911,31.25,86.237,68.333,97.882,25.33,24.497,26.073,2.089,1.12,2.772,998.168,996.881,999.961,5.967,5.479,6.412,175.404,0.0,611.435,106.666,0.0,314.291,101.126,0.0,330.618,24,102.931
TAM,Tamaulipas urbano,Reynosa,032,alta,2024-09-17,28.536,24.713,33.319,80.608,58.707,95.995,24.482,23.895,25.386,1.66,0.837,2.754,997.831,995.855,999.451,5.245,5.081,5.428,255.862,0.0,852.11,286.751,0.0,771.944,66.189,0.0,232.807,24,120.281
TAM,Tamaulipas urbano,Reynosa,032,alta,2024-09-18,29.242,25.394,34.185,80.361,58.43,95.992,25.128,24.632,26.233,2.368,1.242,3.481,996.516,994.192,997.739,5.124,4.925,5.278,264.141,0.0,868.68,298.232,0.0,810.245,63.72,0.0,190.229,24,147.592
TAM,Tamaulipas urbano,Reynosa,032,alta,2024-09-19,29.678,26.274,34.358,80.725,58.249,96.895,25.618,24.802,26.373,2.577,1.471,3.636,996.375,994.112,998.013,4.929,4.826,5.047,263.508,0.0,877.639,302.686,0.0,775.228,62.464,0.0,205.684,24,140.495
TAM,Tamaulipas urbano,Reynosa,032,alta,2024-09-20,29.693,26.382,34.336,79.862,56.823,96.924,25.434,24.294,26.392,2.569,1.447,3.678,996.249,994.276,997.552,4.837,4.695,4.946,251.665,0.0,808.592,281.343,0.0,736.681,65.725,0.0,220.314,24,133.696
TAM,Tamaulipas urbano,Reynosa,032,alta,2024-09-21,29.455,26.215,33.972,78.796,56.173,95.804,24.979,23.729,26.017,2.633,1.417,3.718,996.287,994.325,997.826,4.679,4.422,4.771,253.2,0.0,868.421,283.466,0.0,753.914,65.18,0.0,210.13,24,134.595
TAM,Tamaulipas urbano,Reynosa,032,alta,2024-09-22,29.18,25.697,33.958,75.908,52.993,93.988,24.04,22.66,25.306,2.583,1.623,3.57,996.392,994.393,997.683,4.092,3.702,4.385,255.037,0.0,854.716,294.909,0.0,730.483,63.354,0.0,195.493,24,128.344
TAM,Tamaulipas urbano,Reynosa,032,alta,2024-09-23,28.842,24.88,34.021,75.19,50.188,94.972,23.434,21.598,24.487,2.03,0.986,3.24,996.98,994.852,998.822,3.822,3.555,4.254,247.664,0.0,819.849,284.716,0.0,722.824,68.038,0.0,270.181,24,117.388
TAM,Tamaulipas urbano,Reynosa,032,alta,2024-09-24,29.026,25.068,34.286,75.659,50.308,95.332,23.716,22.282,24.704,1.537,0.682,2.744,996.671,994.489,998.311,4.473,4.262,4.778,246.569,0.0,789.574,283.859,0.0,834.133,64.899,0.0,240.456,24,130.805
TAM,Tamaulipas urbano,Reynosa,032,alta,2024-09-25,29.135,25.494,34.051,75.526,53.264,93.757,23.861,22.491,24.721,1.475,0.504,3.132,995.788,993.907,997.522,4.782,4.54,5.01,244.451,0.0,834.729,271.765,0.0,763.981,67.709,0.0,209.049,24,92.19
TAM,Tamaulipas urbano,Reynosa,032,alta,2024-09-26,27.921,24.091,32.912,71.036,46.153,91.649,21.518,18.917,24.008,2.485,1.01,4.225,996.294,994.781,998.135,3.815,3.37,4.597,246.01,0.0,833.989,258.117,0.0,721.648,73.239,0.0,208.287,24,18.938
TAM,Tamaulipas urbano,Reynosa,032,alta,2024-09-27,27.398,22.725,32.743,68.17,45.506,88.86,20.219,18.387,21.339,1.265,0.796,1.624,996.704,994.944,998.488,3.357,3.258,3.485,228.561,0.0,773.722,199.673,0.0,610.312,92.446,0.0,281.925,24,143.931
TAM,Tamaulipas urbano,Reynosa,032,alta,2024-09-28,28.081,23.291,34.035,64.334,40.245,83.85,19.8,17.785,21.279,1.572,1.148,2.057,998.285,996.468,1000.053,3.652,3.437,3.807,204.579,0.0,734.673,170.261,0.0,554.58,87.29,0.0,267.721,24,147.554
TAM,Tamaulipas urbano,Reynosa,032,alta,2024-09-29,27.928,22.773,33.959,65.819,40.236,88.619,20.024,17.872,21.395,1.486,1.009,2.279,998.987,996.844,1000.784,3.814,3.665,4.028,212.53,0.0,726.732,183.931,0.0,540.948,90.739,0.0,291.778,24,117.216
TAM,Tamaulipas urbano,Reynosa,032,alta,2024-09-30,27.898,22.886,34.228,64.569,37.248,87.151,19.568,16.997,21.434,1.605,0.828,2.786,999.17,996.908,1001.158,3.586,3.491,3.708,257.666,0.0,849.881,309.179,0.0,818.547,58.731,0.0,170.894,24,125.544
TAM,Tamaulipas urbano,Reynosa,032,alta,2024-10-01,27.474,22.607,33.547,67.93,43.132,90.854,20.233,18.554,21.387,2.396,0.948,4.268,1001.381,999.792,1003.348,3.305,2.832,3.58,234.362,0.0,795.344,272.839,0.0,718.362,64.154,0.0,227.427,24,47.681
TAM,Tamaulipas urbano,Reynosa,032,alta,2024-10-02,27.103,22.124,32.847,68.486,42.396,92.786,19.889,17.824,21.525,2.449,1.476,3.58,1000.227,997.352,1002.275,3.41,2.933,3.706,237.663,0.0,780.251,253.758,0.0,766.622,75.518,0.0,290.954,24,25.383
TAM,Tamaulipas urbano,Reynosa,032,alta,2024-10-03,27.43,22.461,33.369,69.432,43.466,92.684,20.543,18.936,21.985,2.0,1.244,3.198,998.226,996.054,999.459,3.499,3.215,3.713,251.268,0.0,830.681,294.995,0.0,784.525,63.769,0.0,202.539,24,30.281
TAM,Tamaulipas urbano,Reynosa,032,alta,2024-10-04,27.278,23.055,32.545,75.325,52.073,90.966,21.923,20.953,23.705,2.625,1.225,4.256,999.802,997.966,1001.559,4.618,3.74,5.502,176.899,0.0,618.798,139.837,0.0,580.283,90.217,0.0,331.129,24,359.361
TAM,Tamaulipas urbano,Reynosa,032,alta,2024-10-05,26.682,23.926,30.398,84.091,66.799,95.104,23.475,22.815,24.512,2.805,1.199,4.428,999.589,997.912,1001.136,5.771,5.38,5.985,126.953,0.0,450.754,58.093,0.0,209.904,92.546,0.0,324.241,24,5.881
TAM,Tamaulipas urbano,Reynosa,032,alta,2024-10-06,27.267,24.129,31.947,79.891,55.714,97.117,22.938,21.176,24.262,3.315,1.951,5.254,1000.089,998.31,1001.64,4.813,4.072,5.334,195.623,0.0,634.801,202.306,0.0,565.853,74.862,0.0,240.917,24,16.002
TAM,Tamaulipas urbano,Reynosa,032,alta,2024-10-07,26.687,23.116,31.892,73.903,46.416,95.975,20.914,18.161,23.134,2.821,1.492,4.268,1000.2,997.952,1002.391,3.43,2.946,3.996,228.586,0.0,778.602,251.104,0.0,672.349,70.863,0.0,220.625,24,16.276
TAM,Tamaulipas urbano,Reynosa,032,alta,2024-10-08,26.343,20.908,32.335,66.54,40.102,90.704,18.631,16.506,20.377,2.062,0.987,3.203,999.876,998.021,1001.544,2.826,2.691,2.989,249.297,0.0,849.96,305.12,0.0,821.001,57.328,0.0,163.799,24,8.553
TAM,Tamaulipas urbano,Reynosa,032,alta,2024-10-09,26.165,21.034,32.882,62.343,37.082,83.253,17.484,14.913,19.049,1.886,1.002,2.954,1001.237,999.653,1003.026,2.359,2.006,2.665,258.309,0.0,886.647,330.802,0.0,882.591,51.041,0.0,137.069,24,12.93
TAM,Tamaulipas urbano,Reynosa,032,alta,2024-10-10,25.435,19.384,32.441,62.672,36.191,85.401,16.563,14.54,19.062,1.77,1.063,2.947,1003.741,1002.544,1005.153,2.369,1.989,2.702,252.401,0.0,871.05,316.163,0.0,852.869,55.564,0.0,168.174,24,67.035
TAM,Tamaulipas urbano,Reynosa,032,alta,2024-10-11,25.492,20.686,31.654,67.159,40.327,87.784,17.993,15.762,19.726,1.885,0.886,3.318,1005.257,1003.541,1007.186,2.476,2.336,2.576,254.689,0.0,877.059,329.378,0.0,879.847,49.81,0.0,135.317,24,80.543
TAM,Tamaulipas urbano,Reynosa,032,alta,2024-10-12,25.397,20.535,31.481,69.051,42.655,91.586,18.463,16.609,19.787,1.633,0.908,2.645,1005.574,1003.646,1007.538,2.681,2.413,2.812,221.861,0.0,742.235,271.384,0.0,700.197,57.66,0.0,164.605,24,146.26
TAM,Tamaulipas urbano,Reynosa,032,alta,2024-10-13,25.324,19.675,32.261,65.657,35.436,91.785,17.185,14.066,19.148,1.855,1.182,3.05,1005.297,1003.473,1006.954,2.262,2.172,2.381,255.736,0.0,877.771,348.328,0.0,905.708,43.809,0.0,120.481,24,161.147
TAM,Tamaulipas urbano,Reynosa,032,alta,2024-10-14,25.411,19.67,32.821,63.378,31.209,89.344,16.446,12.48,18.531,1.878,1.224,2.807,1005.453,1003.121,1007.229,2.165,2.091,2.209,254.579,0.0,878.278,348.548,0.0,913.17,43.522,0.0,118.013,24,158.121
TAM,Tamaulipas urbano,Reynosa,032,alta,2024-10-15,25.346,18.774,33.286,64.889,31.708,91.498,16.67,13.428,19.777,2.043,1.354,2.853,1002.349,999.034,1005.068,2.157,1.937,2.613,255.452,0.0,882.426,356.443,0.0,938.378,40.382,0.0,104.66,24,166.687
TAM,Tamaulipas urbano,Reynosa,032,alta,2024-10-16,25.006,21.041,30.743,74.716,48.848,91.31,19.617,18.484,20.651,2.756,0.768,4.914,1004.321,1002.306,1006.53,3.268,2.661,3.915,194.605,0.0,703.575,195.455,0.0,769.812,79.71,0.0,319.914,24,80.02
TAM,Tamaulipas urbano,Reynosa,032,alta,2024-10-17,24.219,21.222,28.456,73.935,56.556,87.093,18.948,18.253,20.092,3.241,2.221,4.52,1004.928,1002.599,1006.803,3.98,3.793,4.197,138.013,0.0,500.239,60.012,0.0,265.518,99.328,0.0,348.182,24,77.914
TAM,Tamaulipas urbano,Reynosa,032,alta,2024-10-18,24.699,21.268,29.197,73.689,54.219,86.761,19.356,18.854,20.897,2.692,1.543,4.073,1004.901,1003.22,1006.612,4.17,3.92,4.33,145.765,0.0,536.426,88.984,0.0,315.262,91.522,0.0,310.656,24,114.087
TAM,Tamaulipas urbano,Reynosa,032,alta,2024-10-19,25.64,21.925,30.682,75.254,51.714,91.706,20.493,19.516,21.713,2.47,1.431,3.803,1006.86,1005.297,1008.474,3.862,3.698,4.017,167.778,0.0,614.427,157.589,0.0,494.667,75.43,0.0,252.81,24,91.708
TAM,Tamaulipas urbano,Reynosa,032,alta,2024-10-20,25.7,22.618,29.957,83.403,64.993,95.863,22.389,21.765,23.1,3.08,1.742,4.731,1007.214,1005.232,1008.842,4.837,3.96,5.327,112.388,0.0,386.587,58.388,0.0,222.515,82.251,0.0,290.809,24,62.735
TAM,Tamaulipas urbano,Reynosa,032,alta,2024-10-21,25.904,23.005,30.228,80.964,61.122,95.591,22.004,21.213,22.975,2.435,1.517,3.369,1005.118,1002.952,1006.73,4.508,3.78,5.015,165.915,0.0,624.375,126.705,0.0,488.142,88.126,0.0,307.606,24,77.728
TAM,Tamaulipas urbano,Reynosa,032,alta,2024-10-22,25.742,22.163,30.467,75.845,53.567,93.305,20.726,19.489,21.602,1.829,1.026,2.899,1004.587,1003.018,1005.816,3.382,3.25,3.723,190.382,0.0,651.515,194.426,0.0,648.989,74.403,0.0,262.177,24,123.078
TAM,Tamaulipas urbano,Reynosa,032,alta,2024-10-23,25.504,21.295,30.841,74.646,50.06,95.506,20.057,18.718,20.885,1.552,0.929,2.384,1004.78,1003.1,1006.637,3.169,3.074,3.279,201.097,0.0,695.993,210.723,0.0,578.63,77.87,0.0,258.767,24,147.116
TAM,Tamaulipas urbano,Reynosa,032,alta,2024-10-24,25.31,21.112,30.828,74.132,48.336,94.014,19.696,18.003,21.001,2.003,0.989,3.116,1002.522,1000.075,1004.143,3.019,2.86,3.133,217.324,0.0,736.945,288.566,0.0,752.223,54.743,0.0,199.817,24,149.348
TAM,Tamaulipas urbano,Reynosa,032,alta,2024-10-25,25.203,20.474,31.089,74.166,47.843,95.465,19.572,18.204,20.718,2.082,1.231,2.99,1004.109,1002.027,1007.214,2.947,2.805,3.182,218.934,0.0,761.478,286.516,0.0,771.887,53.979,0.0,178.68,24,144.334
TAM,Tamaulipas urbano,Reynosa,032,alta,2024-10-26,25.53,21.516,30.787,74.877,51.366,93.928,20.187,18.968,20.913,1.682,0.76,3.212,1007.723,1005.968,1009.542,3.253,3.158,3.343,190.291,0.0,657.421,222.236,0.0,723.321,68.025,0.0,274.552,24,111.121
TAM,Tamaulipas urbano,Reynosa,032,alta,2024-10-27,25.309,20.607,31.447,72.354,43.68,96.47,19.104,16.624,20.946,1.924,1.182,3.222,1006.837,1003.899,1008.994,2.731,2.46,3.146,228.187,0.0,793.404,327.088,0.0,895.833,41.793,0.0,123.637,24,96.288
TAM,Tamaulipas urbano,Reynosa,032,alta,2024-10-28,25.016,19.839,31.134,72.622,45.78,94.342,18.97,17.559,20.722,2.089,0.967,3.627,1003.596,1000.893,1005.734,2.764,2.445,3.256,229.365,0.0,808.457,339.9,0.0,892.827,38.262,0.0,119.167,24,161.126
TAM,Tamaulipas urbano,Reynosa,032,alta,2024-10-29,25.925,22.021,31.111,75.358,52.606,92.25,20.722,19.906,22.145,3.782,2.503,5.09,1000.595,998.351,1002.572,3.722,3.254,4.072,198.794,0.0,707.065,237.081,0.0,633.904,64.362,0.0,218.401,24,159.365
TAM,Tamaulipas urbano,Reynosa,032,alta,2024-10-30,27.049,23.0,32.882,74.782,49.103,92.274,21.531,20.209,23.299,3.687,2.837,4.776,999.668,997.663,1001.165,4.122,4.021,4.319,207.438,0.0,726.204,249.943,0.0,771.833,59.802,0.0,186.825,24,160.323
TAM,Tamaulipas urbano,Reynosa,032,alta,2024-10-31,27.591,23.598,33.119,77.917,52.517,96.908,22.848,21.697,23.783,2.485,1.477,3.318,999.692,997.731,1001.034,4.397,4.213,4.565,196.772,0.0,667.872,223.026,0.0,699.527,67.766,0.0,233.756,24,142.574
TAM,Tamaulipas urbano,Reynosa,032,alta,2024-11-01,27.176,23.71,32.084,80.128,55.675,97.405,23.021,21.899,23.811,2.554,1.2,4.059,1000.216,998.075,1001.993,4.521,4.386,4.654,177.497,0.0,665.595,182.776,0.0,596.418,70.608,0.0,245.841,24,128.861
TAM,Tamaulipas urbano,Reynosa,032,alta,2024-11-02,27.218,24.036,32.066,77.727,53.674,95.163,22.52,21.158,23.7,3.701,2.24,5.259,999.408,996.796,1001.56,4.574,4.202,4.737,192.511,0.0,667.392,230.125,0.0,657.171,63.536,0.0,222.3,24,142.889
TAM,Tamaulipas urbano,Reynosa,032,alta,2024-11-03,27.47,23.966,33.196,74.457,47.315,92.23,21.867,19.67,22.989,4.617,3.614,5.531,994.299,990.892,998.214,4.035,3.813,4.204,189.366,0.0,718.243,217.587,0.0,652.96,65.501,0.0,239.805,25,159.659
TAM,Tamaulipas urbano,Reynosa,032,alta,2024-11-04,28.194,24.346,34.238,73.008,43.902,90.823,21.836,18.618,24.166,4.538,3.617,5.576,991.904,989.577,993.782,3.869,3.519,4.357,202.348,0.0,743.496,245.072,0.0,742.432,63.216,0.0,203.147,24,164.595
TAM,Tamaulipas urbano,Reynosa,032,alta,2024-11-05,24.724,19.969,28.55,65.152,37.924,91.267,16.483,11.362,24.071,3.444,1.228,5.853,996.205,992.536,998.339,3.327,2.293,4.281,187.502,0.0,696.36,221.009,0.0,720.14,63.821,0.0,230.624,24,25.806
TAM,Tamaulipas urbano,Reynosa,032,alta,2024-11-06,24.18,17.758,31.246,66.56,39.198,94.162,16.626,13.824,22.16,1.738,1.078,2.738,997.678,995.129,999.687,2.811,2.325,3.507,208.814,0.0,762.934,278.449,0.0,814.432,54.148,0.0,160.124,24,143.887
TAM,Tamaulipas urbano,Reynosa,032,alta,2024-11-07,26.741,22.88,32.478,78.933,53.624,96.104,22.236,21.27,23.174,2.86,1.407,4.291,998.411,996.59,1000.162,4.05,3.598,4.233,168.16,0.0,582.769,159.609,0.0,461.004,81.704,0.0,287.512,24,143.934
TAM,Tamaulipas urbano,Reynosa,032,alta,2024-11-08,27.033,23.23,33.09,77.508,51.199,97.126,22.209,21.273,23.148,2.463,1.402,3.356,997.089,994.636,999.158,4.313,4.162,4.494,166.781,0.0,599.784,186.053,0.0,586.767,64.182,0.0,223.434,24,127.984
TAM,Tamaulipas urbano,Reynosa,032,alta,2024-11-09,25.364,22.547,30.135,74.149,51.135,91.719,19.953,18.611,21.751,2.097,0.863,3.362,999.221,997.278,1001.233,4.17,3.994,4.329,180.448,0.0,635.985,234.471,0.0,679.662,53.163,0.0,188.869,24,26.399
TAM,Tamaulipas urbano,Reynosa,032,alta,2024-11-10,25.928,21.129,32.46,69.655,45.25,91.837,19.257,17.451,21.907,1.7,0.85,2.499,1000.38,998.5,1002.33,3.69,3.552,3.923,183.167,0.0,664.483,243.61,0.0,694.254,51.888,0.0,175.505,24,10.847
TAM,Tamaulipas urbano,Reynosa,032,alta,2024-11-11,26.285,22.256,32.315,74.248,45.204,97.207,20.553,18.352,22.108,1.687,0.751,2.822,1001.274,998.924,1003.307,3.567,3.456,3.824,195.463,0.0,712.526,263.949,0.0,808.515,51.205,0.0,175.468,24,98.249
TAM,Tamaulipas urbano,Reynosa,032,alta,2024-11-12,25.616,21.604,31.358,73.625,47.509,94.994,19.898,18.542,21.308,2.186,1.019,3.44,999.307,996.669,1001.378,3.435,3.36,3.506,187.255,0.0,676.018,248.034,0.0,714.876,54.268,0.0,177.501,24,134.071
TAM,Tamaulipas urbano,Reynosa,032,alta,2024-11-13,25.965,21.337,32.299,72.002,48.759,92.63,19.826,19.036,20.337,1.899,1.257,2.965,999.784,997.357,1003.919,3.44,3.192,3.608,168.917,0.0,576.225,200.165,0.0,636.683,63.365,0.0,224.043,24,123.306
TAM,Tamaulipas urbano,Reynosa,032,alta,2024-11-14,23.869,19.945,29.339,67.317,42.866,87.655,16.401,14.025,19.021,2.302,0.897,3.393,1004.007,1002.203,1005.949,2.613,2.17,3.202,180.332,0.0,683.426,238.389,0.0,722.366,55.514,0.0,211.692,24,44.859
TAM,Tamaulipas urbano,Reynosa,032,alta,2024-11-15,22.864,18.774,29.288,67.654,40.429,88.729,15.739,13.648,17.133,1.979,0.893,3.32,1001.013,998.365,1003.43,2.136,2.055,2.21,186.159,0.0,659.83,261.038,0.0,764.152,52.163,0.0,202.15,24,108.334
TAM,Tamaulipas urbano,Reynosa,032,alta,2024-11-16,24.038,18.504,30.971,71.785,46.628,91.149,17.973,16.766,20.043,2.666,1.345,4.045,996.996,994.117,999.525,2.891,2.289,3.206,167.558,0.0,574.373,198.833,0.0,693.692,66.28,0.0,258.747,24,152.739
TAM,Tamaulipas urbano,Reynosa,032,alta,2024-11-17,25.946,21.053,31.949,75.734,48.238,94.903,20.656,19.224,23.394,4.444,2.442,5.899,994.308,991.699,996.66,3.717,3.259,4.056,177.857,0.0,640.113,228.927,0.0,689.22,55.886,0.0,222.914,24,156.212
TAM,Tamaulipas urbano,Reynosa,032,alta,2024-11-18,26.486,20.906,32.776,64.399,34.342,92.933,17.422,10.888,23.377,3.535,1.38,5.32,991.499,989.56,993.566,3.555,2.445,4.481,182.272,0.0,702.879,233.897,0.0,757.705,57.433,0.0,218.374,24,231.544
TAM,Tamaulipas urbano,Reynosa,032,alta,2024-11-19,23.732,18.142,31.511,50.228,24.62,71.849,10.985,7.568,14.804,2.328,1.425,3.592,996.798,993.675,1002.009,2.427,2.096,2.644,178.513,0.0,672.498,234.801,0.0,721.985,58.143,0.0,214.276,24,2.75
TAM,Tamaulipas urbano,Reynosa,032,alta,2024-11-20,20.983,16.063,27.572,52.797,27.832,77.405,9.575,6.007,14.672,3.369,1.619,5.531,1007.693,1002.423,1011.315,1.8,1.565,2.04,173.756,0.0,650.974,258.172,0.0,733.553,43.084,0.0,138.6,24,8.993
TAM,Tamaulipas urbano,Reynosa,032,alta,2024-11-21,19.071,13.578,26.318,53.843,28.318,72.203,8.123,5.369,11.117,1.77,1.193,2.413,1009.44,1007.25,1011.689,1.566,1.533,1.629,205.933,0.0,756.61,335.431,0.0,937.746,34.025,0.0,96.32,24,45.955
TAM,Tamaulipas urbano,Reynosa,032,alta,2024-11-22,20.339,15.321,27.366,61.723,36.615,81.796,11.921,10.782,14.412,1.573,0.8,2.532,1006.563,1003.913,1008.961,1.872,1.66,2.088,191.391,0.0,704.329,294.306,0.0,862.422,43.324,0.0,148.884,24,143.25
TAM,Tamaulipas urbano,Reynosa,032,alta,2024-11-23,21.376,15.854,28.17,71.986,45.105,94.569,15.423,14.571,16.977,2.577,1.301,3.747,1003.299,1001.072,1005.403,2.145,2.049,2.219,186.792,0.0,647.354,281.719,0.0,791.117,47.079,0.0,189.574,24,157.0
TAM,Tamaulipas urbano,Reynosa,032,alta,2024-11-24,22.877,17.472,29.981,69.829,40.147,94.693,16.115,14.245,17.479,3.431,2.276,4.579,1000.94,998.526,1002.71,2.041,1.95,2.214,199.122,0.0,731.639,324.898,0.0,911.074,34.726,0.0,110.31,24,168.525
TAM,Tamaulipas urbano,Reynosa,032,alta,2024-11-25,23.756,18.513,30.966,70.891,41.259,92.414,17.191,15.586,18.955,2.9,1.719,4.374,1002.967,1000.687,1006.897,2.361,2.156,2.645,195.694,0.0,718.016,314.0,0.0,895.115,35.854,0.0,112.225,24,156.545
TAM,Tamaulipas urbano,Reynosa,032,alta,2024-11-26,21.403,18.203,26.382,71.406,46.204,91.685,15.396,12.759,18.301,1.906,1.488,2.68,1006.499,1003.385,1009.532,2.686,2.656,2.732,165.115,0.0,617.316,204.458,0.0,682.181,59.127,0.0,204.417,24,75.861
TAM,Tamaulipas urbano,Reynosa,032,alta,2024-11-27,23.504,17.926,31.299,70.868,38.642,93.854,16.7,14.46,18.477,2.777,1.571,4.38,998.511,995.411,1002.625,2.377,2.267,2.636,189.305,0.0,716.635,283.716,0.0,868.048,42.643,0.0,132.023,24,168.922
TAM,Tamaulipas urbano,Reynosa,032,alta,2024-11-28,21.847,17.721,27.044,68.931,51.017,89.416,15.131,11.287,18.225,2.824,1.719,4.427,1001.136,997.022,1005.957,2.563,2.184,2.838,135.757,0.0,488.918,166.559,0.0,562.416,52.471,0.0,187.288,24,26.729
TAM,Tamaulipas urbano,Reynosa,032,alta,2024-11-29,16.435,13.154,21.18,52.582,35.453,66.287,5.888,3.76,10.211,3.866,2.41,5.347,1008.774,1006.003,1011.083,2.329,2.107,2.578,75.894,0.0,312.858,42.585,0.0,207.444,56.949,0.0,237.474,24,2.903
TAM,Tamaulipas urbano,Reynosa,032,alta,2024-11-30,17.248,11.523,23.889,59.234,41.455,82.404,8.515,4.814,13.088,2.053,1.299,2.851,1007.626,1005.436,1009.201,2.292,2.032,2.66,116.534,0.0,452.174,130.368,0.0,429.19,53.713,0.0,224.41,24,0.387
TAM,Tamaulipas urbano,Reynosa,032,alta,2024-12-01,20.597,14.71,27.313,73.805,48.542,93.548,15.153,12.387,19.526,2.033,1.663,2.576,1006.817,1004.608,1008.679,2.997,2.642,3.562,126.612,0.0,469.664,149.665,0.0,466.061,56.5,0.0,240.598,24,25.769
TAM,Tamaulipas urbano,Reynosa,032,alta,2024-12-02,22.438,19.745,26.993,78.533,57.259,95.143,18.034,17.036,19.539,3.316,1.985,4.239,1008.341,1006.515,1010.431,3.695,3.587,3.867,92.585,0.0,366.542,64.186,0.0,206.276,60.959,0.0,255.615,24,42.983
TAM,Tamaulipas urbano,Reynosa,032,alta,2024-12-03,20.027,17.055,23.398,80.17,64.959,90.762,16.248,15.512,16.989,3.124,2.255,4.086,1010.245,1008.634,1012.486,3.664,3.492,3.865,125.045,0.0,468.39,155.131,0.0,484.45,46.956,0.0,181.881,24,10.056
TAM,Tamaulipas urbano,Reynosa,032,alta,2024-12-04,19.66,15.609,24.884,80.742,59.96,93.509,15.918,14.401,17.489,1.934,1.104,2.56,1006.26,1003.438,1008.963,3.181,2.983,3.478,153.099,0.0,570.188,207.255,0.0,618.945,49.729,0.0,178.413,24,234.943
TAM,Tamaulipas urbano,Reynosa,032,alta,2024-12-05,20.723,17.436,25.634,81.629,58.937,96.051,17.15,16.244,18.058,2.315,1.078,3.134,1006.387,1004.653,1008.565,3.475,3.273,3.661,111.256,0.0,395.079,121.54,0.0,415.633,53.449,0.0,213.488,24,4.331
TAM,Tamaulipas urbano,Reynosa,032,alta,2024-12-06,19.579,17.519,22.997,83.229,66.333,94.381,16.473,15.756,17.555,3.115,2.178,4.206,1008.272,1006.785,1010.064,3.821,3.725,3.851,63.074,0.0,243.571,38.67,0.0,228.417,44.146,0.0,164.681,24,44.224
TAM,Tamaulipas urbano,Reynosa,032,alta,2024-12-07,16.555,14.311,19.24,80.917,65.168,91.366,13.091,12.079,15.465,2.386,1.453,3.15,1008.058,1006.243,1010.555,3.681,3.46,4.001,87.04,0.0,301.001,72.009,0.0,301.836,54.046,0.0,218.347,24,8.941
TAM,Tamaulipas urbano,Reynosa,032,alta,2024-12-08,18.576,14.635,23.258,82.183,63.568,96.16,15.235,13.21,18.254,1.747,1.373,2.268,1004.042,1001.653,1006.943,4.051,3.909,4.226,98.829,0.0,445.965,78.94,0.0,338.636,58.894,0.0,246.326,24,230.885
TAM,Tamaulipas urbano,Reynosa,032,alta,2024-12-09,23.246,18.285,30.71,74.181,41.022,96.599,17.262,14.58,18.347,2.223,1.301,3.505,998.952,996.354,1001.34,3.553,3.222,4.168,163.996,0.0,638.02,221.093,0.0,813.111,51.021,0.0,183.228,24,185.85
TAM,Tamaulipas urbano,Reynosa,032,alta,2024-12-10,21.221,14.255,28.03,67.127,49.88,89.792,14.164,4.365,17.986,3.681,1.117,6.852,1001.935,998.052,1012.223,3.061,1.856,3.536,145.199,0.0,604.099,190.976,0.0,722.223,47.195,0.0,152.823,24,300.534
TAM,Tamaulipas urbano,Reynosa,032,alta,2024-12-11,13.215,8.828,19.092,46.476,23.23,62.386,0.925,-3.006,3.475,3.293,1.208,6.568,1015.652,1012.872,1019.173,1.286,1.102,1.722,146.498,0.0,540.08,237.144,0.0,648.079,37.07,0.0,127.488,24,28.207
TAM,Tamaulipas urbano,Reynosa,032,alta,2024-12-12,16.038,8.93,23.709,62.848,39.976,88.609,8.15,3.562,14.442,2.481,1.141,4.384,1010.193,1006.359,1014.287,2.539,1.625,3.256,162.23,0.0,609.357,230.382,0.0,717.915,49.385,0.0,179.014,24,140.814
TAM,Tamaulipas urbano,Reynosa,032,alta,2024-12-13,20.163,15.571,25.823,79.629,56.49,96.291,15.958,13.728,18.61,2.434,1.382,3.701,1006.416,1004.189,1008.567,3.56,3.272,3.771,137.222,0.0,548.218,164.12,0.0,530.399,57.587,0.0,207.292,24,158.204
TAM,Tamaulipas urbano,Reynosa,032,alta,2024-12-14,22.762,18.584,28.827,82.695,56.944,97.74,19.174,17.974,20.373,2.55,1.625,3.772,1005.788,1003.771,1007.496,3.661,3.45,3.769,147.721,0.0,572.274,211.115,0.0,607.475,46.409,0.0,171.01,24,154.043
TAM,Tamaulipas urbano,Reynosa,032,alta,2024-12-15,23.338,20.075,28.816,82.366,56.418,98.632,19.672,18.664,20.337,3.097,1.751,4.674,1004.645,1002.243,1006.753,3.287,2.802,3.544,160.321,0.0,599.493,237.593,0.0,734.2,45.166,0.0,156.441,24,149.801
TAM,Tamaulipas urbano,Reynosa,032,alta,2024-12-16,23.341,19.954,29.221,79.422,51.061,97.716,18.985,17.437,20.035,2.996,1.724,4.012,1003.796,1002.149,1006.117,2.846,2.799,2.906,162.766,0.0,587.303,235.228,0.0,752.398,49.723,0.0,191.802,24,148.289
TAM,Tamaulipas urbano,Reynosa,032,alta,2024-12-17,22.446,19.493,27.055,82.325,58.693,96.381,18.908,17.828,19.682,2.084,1.159,3.123,1005.9,1004.214,1007.983,3.229,2.867,3.501,139.733,0.0,499.188,160.233,0.0,615.99,64.309,0.0,247.572,24,141.326
TAM,Tamaulipas urbano,Reynosa,032,alta,2024-12-18,22.87,18.625,28.762,79.286,52.831,96.854,18.546,17.845,19.339,1.84,1.025,2.933,1007.404,1005.445,1010.309,3.29,3.145,3.457,139.211,0.0,569.597,164.314,0.0,663.689,58.682,0.0,251.945,24,117.097
TAM,Tamaulipas urbano,Reynosa,032,alta,2024-12-19,19.865,16.587,24.628,70.217,47.398,87.087,13.711,11.755,17.016,2.206,1.018,2.95,1009.963,1008.143,1012.3,2.987,2.867,3.175,129.198,0.0,532.521,132.053,0.0,525.653,64.982,0.0,256.607,24,43.607
TAM,Tamaulipas urbano,Reynosa,032,alta,2024-12-20,20.08,17.236,24.745,77.552,55.623,93.225,15.614,14.829,16.392,2.142,0.917,3.38,1010.396,1009.157,1012.208,3.457,3.231,3.626,94.514,0.0,322.294,75.997,0.0,283.48,60.247,0.0,221.259,24,46.801
TAM,Tamaulipas urbano,Reynosa,032,alta,2024-12-21,18.99,15.339,23.879,75.107,51.45,93.653,13.92,12.723,15.377,2.136,1.416,3.056,1009.689,1007.467,1011.906,3.07,2.946,3.282,99.98,0.0,374.321,92.307,0.0,301.727,56.288,0.0,217.515,24,60.753
TAM,Tamaulipas urbano,Reynosa,032,alta,2024-12-22,20.175,16.088,25.326,76.318,53.697,92.019,15.456,14.717,16.966,2.23,1.183,3.211,1007.508,1005.052,1009.746,2.956,2.871,3.029,90.104,0.0,329.171,59.277,0.0,221.204,64.472,0.0,247.264,24,122.334
TAM,Tamaulipas urbano,Reynosa,032,alta,2024-12-23,22.092,17.591,28.221,77.416,50.052,96.509,17.369,16.282,18.97,3.132,1.932,4.263,1004.834,1002.359,1006.461,2.806,2.722,3.008,169.353,0.0,636.632,252.823,0.0,786.623,46.24,0.0,171.155,24,160.5
TAM,Tamaulipas urbano,Reynosa,032,alta,2024-12-24,22.965,18.953,28.879,78.169,50.578,95.401,18.353,16.935,19.496,3.265,2.047,4.789,1002.351,999.353,1004.867,2.761,2.667,2.988,177.987,0.0,681.759,277.88,0.0,857.79,40.532,0.0,116.898,24,164.49
TAM,Tamaulipas urbano,Reynosa,032,alta,2024-12-25,22.069,18.344,27.488,77.745,50.276,97.398,17.397,15.866,19.174,2.172,1.531,3.152,1000.016,997.63,1002.627,2.977,2.771,3.139,170.738,0.0,651.493,244.246,0.0,744.318,49.255,0.0,163.138,24,194.314
TAM,Tamaulipas urbano,Reynosa,032,alta,2024-12-26,23.002,19.014,29.951,72.699,37.649,97.708,16.505,12.078,19.035,2.432,1.276,4.121,997.781,995.42,1000.265,2.612,2.118,3.148,175.907,0.0,667.289,267.979,0.0,856.806,42.982,0.0,138.781,24,182.088
TAM,Tamaulipas urbano,Reynosa,032,alta,2024-12-27,22.757,17.251,29.888,70.531,43.2,93.201,15.936,13.584,19.338,1.926,1.013,2.716,997.622,995.494,1000.419,2.397,2.246,2.652,174.825,0.0,653.985,260.781,0.0,793.013,46.425,0.0,157.071,24,184.713
TAM,Tamaulipas urbano,Reynosa,032,alta,2024-12-28,23.227,18.034,30.996,62.041,28.221,93.982,13.4,7.668,19.34,2.779,1.408,4.527,996.763,994.663,1000.303,1.847,1.116,2.654,183.526,0.0,703.922,287.918,0.0,901.481,40.283,0.0,144.69,24,251.2
TAM,Tamaulipas urbano,Reynosa,032,alta,2024-12-29,20.825,14.517,29.952,45.806,19.939,71.59,6.64,2.978,11.059,1.884,1.344,2.913,1001.956,1000.528,1004.472,1.089,1.012,1.172,195.628,0.0,730.557,345.609,0.0,965.011,29.942,0.0,87.265,24,315.216
TAM,Tamaulipas urbano,Reynosa,032,alta,2024-12-30,21.94,15.006,31.96,54.513,22.145,75.5,9.741,5.294,13.278,2.503,1.768,3.815,997.249,994.141,1000.518,1.022,0.959,1.113,195.853,0.0,733.297,343.191,0.0,965.67,30.857,0.0,89.989,24,199.486
TAM,Tamaulipas urbano,Reynosa,032,alta,2024-12-31,22.087,16.185,29.174,51.193,33.743,71.969,9.585,7.791,12.807,2.255,1.428,3.385,998.797,996.354,1000.968,1.186,0.976,1.595,245.877,0.0,690.313,397.136,0.0,910.646,52.245,0.0,127.075,18,295.349
