nodo_id,n,RMSE_modelo,RMSE_persistence,R2_modelo,skill
796,4125,74.25574081244808,89.71896979188193,0.9333933641534711,0.17235183390205422
797,4124,77.70282047981269,94.56152217101693,0.9263422434756046,0.1782828924931522
798,4125,81.42192056943401,98.40471416166902,0.9184980385868041,0.172581097734139
850,4124,72.89022214740174,88.99353356892554,0.9361655708834306,0.18094923053091017
851,4126,74.65082572318859,90.24270790314424,0.9329983683651686,0.17277719765113997
852,4125,77.37936107865457,93.93360685472526,0.9276660736304458,0.17623347309204207
853,4124,80.52361578506192,99.4047108742753,0.920688585786463,0.18994165289705167
854,4125,81.95433236683935,100.51255495196388,0.9176711409235301,0.18463586557911815
857,4124,85.73842520204633,103.26060732375174,0.9090658498819915,0.1696889314893174
897,4125,96.01869240642598,106.09784021544561,0.8803267856955226,0.09499861437850754
898,4126,87.1717541587881,96.89191034454933,0.908082886886733,0.10031958448539391
899,4128,78.22913790094778,94.33637049220913,0.9274787064498092,0.1707425514382238
900,4126,76.90548825343755,95.69872311579446,0.9309689202313193,0.19637916003975608
904,4126,72.09405063810856,91.00357010974098,0.9391540928266615,0.20778876530700363
905,4126,72.1458571373545,90.91459971422044,0.939191979918314,0.20644365850879098
906,4126,72.2820864627694,89.9369518357335,0.9387847129530442,0.196302687745189
907,4126,71.73078476733217,86.3797663271528,0.9383731047934772,0.16958811284970832
908,4124,74.41152851586357,88.24123363172214,0.9335283443117124,0.1567261080412512
909,4126,74.79211811410347,87.7166373627094,0.9327230068709836,0.14734398897626322
910,4125,78.0551019182268,91.61220101378449,0.9260798877012608,0.14798355399754903
911,4124,83.44132025420713,99.36876076491211,0.9142797086262677,0.16028619445487824
912,4124,86.5641096268239,104.82204258969084,0.9091211261386797,0.17418028223638704
913,4124,84.26666676937694,104.41963289541108,0.9141105484704861,0.1929997795167484
914,4126,83.99123402376463,102.80411094663637,0.913486661514047,0.1829973213098175
915,4124,84.97037161233023,103.11046297776227,0.9110591800105066,0.1759287160735986
917,4124,88.92304292612359,106.98768627361596,0.8994422025246652,0.1688478737757998
918,4124,85.37642903230352,103.71447599761991,0.9086663267250327,0.17681280061365034
957,4125,96.79772669356878,107.87775650226088,0.8839906800141468,0.10270912343695149
958,4127,88.69605438457032,100.6121868914339,0.905057829701839,0.11843627372618126
959,4125,81.85878969340412,97.98578409445714,0.9201662320586524,0.1645850421067896
960,4125,77.29175122244582,94.68414364933574,0.9301637170032587,0.18368854336691176
961,4125,76.1557945773917,93.47658853479564,0.9326034193196768,0.18529552938227367
963,4124,73.49080407400986,92.33959595296973,0.9369883866216431,0.20412469520182774
964,4124,72.59922961562636,91.48433848762272,0.9384578218688943,0.20642996587390094
965,4126,72.22113209714594,91.97075700287621,0.9390993504361493,0.21473809229506113
966,4126,71.46804991128624,90.14553263418179,0.9403529476876257,0.20719254939332776
967,4124,72.23684153971043,88.05373442627942,0.9380602590945031,0.1796277351508726
968,4125,74.6818266524244,89.9520021692496,0.9335948177960575,0.16975915097580063
969,4125,77.56498849008375,91.77649984250758,0.9279084772312266,0.15484913215051122
970,4125,77.99948487845526,89.1799013675273,0.9258839968253377,0.1253692403515385
971,4125,81.51180752745674,92.54075307482233,0.9182477079688296,0.11917933646431766
972,4123,82.99333745398752,99.05643723896353,0.9161860272765957,0.1621610895032033
973,4124,84.4347342958502,104.03771250383404,0.9131617529010138,0.18842184950251983
974,4123,85.41409639465604,102.48874188129331,0.9101225602830226,0.1666002057710283
975,4124,87.21571855700593,104.21324695568326,0.9061079005045218,0.16310333758150286
976,4125,89.51750108201678,106.87751234196891,0.8986099815080921,0.1624290356273118
978,4124,86.64222275286906,103.98555045069638,0.9069352683235067,0.16678593922576268
979,4123,85.24640072821559,103.14889084985856,0.9096560372796614,0.1735596958352318
1016,4125,95.70995754703719,102.67889755326415,0.8854341274919102,0.06787120014228687
1017,4125,86.99715254315483,100.13513861646773,0.907879846562492,0.13120255541497094
1018,4124,80.79173764645033,97.17389419475654,0.9217369900375296,0.16858598375684097
1019,4123,78.75364513380404,96.98714151175754,0.9272727110476305,0.18799911095166255
1020,4125,76.89527194972568,94.71735776185149,0.9310349905797527,0.18816071555686764
1021,4126,74.41028142461556,91.57102085780703,0.9357244142337363,0.18740360511912324
1022,4124,73.03720869523208,92.08112126450004,0.9379926038433061,0.20681668845631163
1023,4124,73.09918919915151,92.56341807162391,0.9376921169748317,0.210279927837273
1024,4127,71.96189102158529,91.0908273075881,0.939468103964979,0.209998491081981
1025,4124,73.2113353578935,91.42782080738941,0.9377957020334995,0.1992444453846548
1026,4124,72.35493383510985,88.24151363270106,0.9379596261173693,0.18003521407982592
1027,4124,75.06975027545849,91.41273145796893,0.9330019777252508,0.1787823306650108
1028,4124,77.7544775267741,94.26984226345495,0.9279374093735893,0.1751924511608446
1029,4125,79.91038481183743,93.65998380570657,0.922692129613661,0.14680334583862487
1030,4125,81.71965737918592,95.20464619084457,0.9181698325199272,0.141642129362332
1031,4123,81.7079584846837,97.09270064995373,0.9189116344079644,0.15845415836908594
1032,4124,83.13861057992806,98.97812289439779,0.9151791405330069,0.16003043754799529
1033,4123,88.25139099558369,103.73496740926808,0.9039791627441223,0.14926091751296033
1034,4125,90.14975322094912,106.86076826352557,0.8985541752880377,0.1563811987704038
1035,4125,91.81980604569839,108.59122655332429,0.8941194338622787,0.15444544683718264
1036,4123,90.20496286139989,105.64622665734933,0.8963452187687267,0.14616010703374482
1037,4123,86.44943684838067,102.33829917663408,0.9070929993487652,0.15525822156599967
1038,4124,83.26340289977445,100.6362730680955,0.91460627062538,0.1726303015669679
1074,4125,92.80335376585444,100.49313832825652,0.8901217628947403,0.0765204937404157
1075,4127,89.08480797181542,101.29342423976406,0.9000558533392223,0.1205272342166116
1076,4124,81.6151350612246,98.53153473570777,0.9209754177980396,0.1716851332911662
1077,4123,78.75227145849915,96.79647562019697,0.9277731973486345,0.18641385490622997
1078,4126,77.93454221899503,97.0832020180851,0.9296389739358366,0.19723968102662048
1079,4126,74.99111041476198,93.56848039341183,0.9349161178460925,0.1985430339419928
1080,4124,73.65899724538224,92.52150382390344,0.9371601660584254,0.20387159523933263
1081,4124,74.45711711742752,94.2317631839815,0.9357809009915178,0.2098511733028411
1082,4128,74.19929611612986,94.09318170625056,0.9361804259776177,0.21142749378193426
1083,4124,72.5053522856589,91.15103241113223,0.9391297519274815,0.20455807940137105
1084,4124,74.0713844889253,90.26714113047082,0.9349068086724539,0.17942029002709192
1085,4124,77.31344537792822,94.68974014768595,0.9290538096780285,0.1835076824865738
1086,4124,76.45878811724332,93.46291856065216,0.9304641283946821,0.18193451162531504
1087,4125,78.78684026485205,95.37742313247003,0.9251946976452546,0.17394664610067379
1088,4125,80.15476563537644,97.29523136532889,0.9206188795732836,0.1761696384234146
1089,4124,81.58119969070502,96.4351460950537,0.9184516773436626,0.15403042361451413
1090,4124,85.86488116695443,99.66534698766071,0.9085591003979225,0.13846804569310212
1091,4123,87.76554745081565,102.2980741139937,0.9048907563394637,0.14206060856027503
1092,4125,89.51145244825983,102.59280505983938,0.8984500708528055,0.12750750507259823
1093,4125,92.73389922847724,104.35564679463462,0.8883993567109117,0.11136673407839881
1094,4123,88.24805224178135,103.03832862181524,0.9010998868121766,0.14354150128268384
1095,4122,83.6282605962554,97.95123108963591,0.9119366626520237,0.14622552809237743
1096,4123,82.87092843833292,97.23687688911342,0.9141254396522447,0.1477417715417071
1097,4125,81.76937111270209,93.06913072569495,0.9181725284515047,0.12141254060164086
1098,4125,78.87214426696328,92.33937297214555,0.9238262850791584,0.14584492261220694
1133,4126,87.9109668860049,100.52860377988618,0.9045138171554583,0.12551290298936613
1134,4124,82.96225879726244,98.95434896200193,0.9184403369570413,0.16161078651409644
1135,4125,79.01972181663062,95.59546129032931,0.9269864537722267,0.17339462825915075
1136,4126,76.14933340752648,94.26018549173952,0.9326023065619419,0.19213681778506764
1137,4124,76.09142017186178,95.73500652233064,0.9331861560317436,0.20518707904288802
1138,4124,74.85575971372394,94.46084880617336,0.9353690773864033,0.20754724671887714
1139,4124,73.96106186634015,93.57936574387199,0.9368033251044817,0.20964347985887632
1140,4127,73.8761747760808,92.29095919794855,0.9370482028523233,0.19952966771502656
1141,4124,74.24097651001364,92.19078751479286,0.9362061011066191,0.1947028709555063
1142,4124,74.6156490260207,92.27859667524436,0.9352163252339052,0.19140893214257237
1143,4124,76.05240431424912,91.82793181478205,0.9316023617534249,0.1717944332270528
1144,4124,77.21490357884963,93.93112708486056,0.9288078408050772,0.17796255644743764
1145,4125,78.44508395130573,96.64644702707248,0.9252847731542315,0.18832935545647334
1146,4125,79.50363613626024,98.03360199410936,0.9222939715997734,0.18901647476915673
1147,4124,80.30676997744266,96.0627735644415,0.9214672004647582,0.1640177875608525
1148,4123,82.15268219263277,97.26380429587836,0.9169607397192151,0.1553622358557688
1149,4122,85.15572019696418,98.20984523816153,0.9088494063639564,0.13292073732058884
1150,4125,86.19326098306634,96.82521952116139,0.9045548825046555,0.10980567449962153
1151,4125,89.55391781188746,98.51523474749135,0.895340101522069,0.09096376777229453
1152,4122,85.65730191335888,98.369457566461,0.9074189467480074,0.1292286850775145
1153,4122,79.62868111273087,92.41479875748287,0.9215992248169984,0.13835573757300101
1154,4123,79.7219872167514,91.70232352795584,0.9209250509019403,0.1306437596158857
1155,4125,78.89075458438319,90.01996112193416,0.9240284606875586,0.12363043039394561
1156,4124,75.94315073865775,88.20479153316728,0.9300627092513863,0.13901331868007238
1167,4123,71.15507608020974,79.5074790204363,0.9392159291471919,0.10505178938046444
1192,4125,91.3170679605587,103.15698488834788,0.897123330199605,0.11477571722946467
1193,4125,81.59866023921548,93.59261294018415,0.9192151912209615,0.12815063415992156
1194,4125,79.72381041558302,92.94447431921425,0.9257117065754032,0.14224260237596664
1195,4125,77.51191330420096,92.8511609451549,0.9292776059276123,0.16520254011702118
1196,4123,76.86330304844837,93.9812661638901,0.9309924695612732,0.1821422908432666
1197,4125,74.62612849688617,92.58904112641616,0.9352975898973955,0.19400689769542367
1198,4125,75.00918060996874,93.92312529251666,0.9352286415018274,0.20137686670499766
1199,4124,74.95298182331443,94.61419091158204,0.935449371920337,0.20780401860267683
1200,4124,75.19496407391696,95.27723363549056,0.9355305048911221,0.2107772108330085
1201,4124,73.38519125346107,92.2044430902846,0.9381325063175117,0.20410352479864902
1202,4125,74.29217370657028,90.58408641772603,0.9349698030351862,0.17985402685440832
1203,4124,76.03366254216805,92.72606169418788,0.9316377255271217,0.18001842035599058
1204,4123,76.88397553990484,93.65230570950192,0.929562660067865,0.17904877026317323
1205,4126,77.97229863838389,96.8373716865636,0.9263562129434715,0.19481190701086826
1206,4125,82.04095242987574,98.75333198850831,0.9178225225618917,0.1692335764486138
1207,4125,79.88695552013841,93.7326293611106,0.9210506613502831,0.14771455719684223
1208,4122,83.96463223341308,98.88025398499853,0.9131024725943919,0.150845301771255
1209,4122,84.84846221555108,98.23680196757499,0.9101720822855819,0.13628639658325803
1210,4125,85.81624259971511,96.15017311811441,0.9056414807632844,0.10747698296606001
1211,4125,87.63201634694265,97.72282832719989,0.9030623387797957,0.10325951625622976
1212,4122,85.96824036015042,98.48547407091753,0.9073744576144755,0.12709725803577587
1213,4122,80.30754403948856,93.08296396548293,0.9202990751078926,0.13724767005412242
1214,4125,79.37823263309606,90.33625662562747,0.9224015120693516,0.12130261316830715
1215,4125,76.54517493723597,87.16507785455185,0.9292375711427832,0.12183667104659512
1216,4125,74.63858040470181,87.27297985534769,0.9327828940944872,0.14476874138578755
1222,4123,74.39119849058979,88.63303050390704,0.930603592626909,0.1606831215445066
1223,4124,75.25660358952489,89.7199937311398,0.9286431758483944,0.16120587552599208
1224,4125,77.11520158362437,92.73542283013603,0.9252273886707121,0.16843856176860594
1225,4123,77.40956907067701,93.10174608004063,0.9253236420070202,0.16854868646472942
1227,4123,70.23951479260849,78.44789385318182,0.9407376845131773,0.10463479205618476
1250,4124,82.26910268330604,94.22994046215013,0.917547479666491,0.12693245607693515
1251,4124,77.50620683805757,88.62954608278694,0.9274890217410555,0.12550373703075623
1252,4125,76.2638439791184,88.19700562223724,0.9312613154878597,0.1353012107262529
1253,4125,77.09126837231382,91.92375783269249,0.9307562086625937,0.16135643069961103
1254,4124,76.11318019653869,93.40138979666735,0.9325812558113091,0.18509584962027525
1255,4124,74.81547555832563,92.87901681264998,0.9347423604241814,0.19448463037416786
1256,4125,74.24379667335465,92.45055241110094,0.9360674509890063,0.19693506704844876
1257,4124,74.95456173907348,93.65133511211673,0.9350658385867596,0.1996423580150779
1258,4124,75.01694857583743,94.23219712316833,0.9353446350646216,0.20391383342378377
1259,4124,73.17122341596558,92.12519913140919,0.9388227410598475,0.20574148977857065
1260,4125,73.59076736876695,91.16269476567206,0.937059259687474,0.19275348805860382
1261,4124,76.50717061534743,92.70323717868352,0.9309688831280712,0.17470874865047603
1262,4123,77.58672651881584,94.82883376812364,0.9284621920729598,0.18182346617768563
1263,4124,79.61672748024515,97.64173772220849,0.9239226206533776,0.1846035380202331
1264,4124,81.14659716615836,97.05525978273322,0.919704245422234,0.16391345149338432
1265,4124,86.34696543469583,100.84679247210059,0.9074601951012368,0.14378074584192801
1266,4122,86.62669018648198,100.24132456962066,0.906600697785401,0.13581858022718862
1267,4124,81.60812501621803,95.08399801459595,0.9166630841046997,0.141725982076493
1268,4122,84.87081113772263,96.1280883569966,0.9079317981168604,0.11710705384535636
1269,4125,82.8650080052097,93.79357172356242,0.9137491884656231,0.11651719320981235
1270,4123,81.41063362570739,94.3342322166883,0.9186161280933265,0.1369979729234988
1271,4122,80.5999464879254,92.12538760814408,0.9208910078778987,0.12510602581388552
1272,4123,77.17108305712172,89.48796990904555,0.9271858532393484,0.13763734795238458
1273,4124,74.58936274848432,87.11790816035327,0.9333222302706022,0.14381136641628633
1274,4125,71.99465289661305,82.99115310530428,0.9379725138380401,0.13250207759781574
1275,4124,71.46031919386323,82.8841485558145,0.9382073256872756,0.13782887996078563
1276,4124,70.57981038909683,81.43635519797257,0.9389932725862353,0.1333132454477287
1277,4124,70.67996739310769,84.05164004490311,0.938760934383845,0.15908877738318772
1278,4123,72.5130695423611,85.3368358320049,0.9354514337754651,0.15027234329251227
1279,4123,71.93974639955896,85.17338949076864,0.9359334255693889,0.15537297705692443
1280,4123,73.29595357759288,87.00708013255499,0.9331932075978547,0.15758633129709965
1281,4125,76.6634016460194,93.38204854010587,0.9265566515175447,0.17903491254966553
1282,4124,74.67920359833658,89.27459444422084,0.930427731343941,0.16348873872514225
1283,4123,76.52626428421607,91.53115999662754,0.9281716551596614,0.16393210479321274
1284,4123,72.5950184773365,84.21975022756362,0.9366770110457708,0.1380285707190635
1285,4124,69.91150619489596,78.15138852865294,0.9415726529719728,0.10543488079851537
1305,4124,80.09912131822065,91.31350538237683,0.9244584757968148,0.12281188874740656
1306,4125,75.89384075642567,87.41303882101666,0.9323090034198822,0.13177894533763113
1307,4124,77.25522404396676,91.01444048159011,0.9306784112629354,0.15117619099582869
1308,4124,75.03885619570059,90.72396226802404,0.9343701598543787,0.17288823900774142
1309,4124,74.96649966527957,92.72654085943229,0.9344977705169139,0.19153136771354218
1310,4125,75.88189548874489,94.27464771540299,0.9335269545084992,0.19509754395669854
1311,4124,74.02876611164874,91.56212027139387,0.9366089830900725,0.19149135153025676
1312,4124,72.77008110396659,90.22161448768891,0.9387295167626165,0.19342962861857949
1313,4124,72.23182174071474,90.35494294452167,0.9398695030483589,0.20057697579350597
1314,4124,72.69276541359214,90.06009682195491,0.938385177052645,0.19284158046928668
1315,4124,73.98389175306913,91.79504197741171,0.9356883849474509,0.19403172372561717
1316,4124,75.70490688608365,93.60811236205399,0.9322666651889877,0.19125698643216926
1317,4124,78.05330449151711,95.17408245275762,0.926320971103008,0.17988907820297506
1318,4123,81.31356225276477,95.27314604397756,0.9182837450859971,0.14652170491744998
1319,4124,86.84976763403829,100.6946885685847,0.9056925012514856,0.13749405387074032
1320,4122,86.69663410898853,99.98205315512887,0.9049076296858256,0.13287803787672892
1321,4124,85.09875828548373,99.92024150923545,0.9095664879396095,0.1483331405116931
1322,4122,80.53076895382715,93.75348419037638,0.9180225798334396,0.1410370542570888
1323,4124,82.12759056756191,94.99615831568572,0.914971028061696,0.13546408587765968
1324,4124,82.15799528030418,94.48497751094811,0.9174875092744541,0.13046499618646346
1325,4122,77.10161304434008,88.88333258493692,0.9280709724141508,0.1325526304871414
1326,4123,75.20295429390292,85.85631952110096,0.9320835909506384,0.12408364680225725
1327,4123,74.19152413376665,85.0938779613415,0.9340301016063733,0.12812148287010539
1328,4124,72.93691177998564,83.50867338446751,0.936512128906977,0.12659477364477223
1329,4124,70.76706378598853,82.56509786836827,0.9395795697223853,0.14289372128146804
1330,4123,71.52267748216595,83.23752753188353,0.9377104260714872,0.14074000510443196
1331,4124,71.23827571889939,83.43878959533588,0.9381951251199548,0.14622112731508852
1332,4123,71.31823552949832,84.34226297583335,0.9375400414904308,0.15441875741544675
1333,4123,71.7174329943313,85.36130095771097,0.9366110410044092,0.15983669192365058
1334,4123,74.22423069707469,88.40172026711696,0.9318348232401287,0.1603757203728977
1335,4123,73.32732465704956,88.45073448304645,0.9334076563344439,0.1709811672496131
1336,4124,74.15032862731286,89.06877158154376,0.9317823331977065,0.16749352987958122
1337,4123,74.83684316526927,89.19974892336751,0.9312873803312033,0.16101957608017003
1338,4123,71.00255664465074,81.57006933865584,0.9397159672719574,0.12955135112282157
1339,4123,69.61764876615246,77.59646085690196,0.9420781952394124,0.1028244330042768
1357,4124,80.56781554370632,91.6728249799701,0.9229381604213557,0.12113741928090638
1358,4124,83.11282222975433,92.49067723829783,0.9174296799462462,0.10139243530871667
1359,4125,80.3755044398142,90.16404754636962,0.9243504538369554,0.10856370552266259
1360,4124,78.58127261537228,90.93205999923639,0.9278356580393807,0.13582434384493014
1361,4124,75.31541483016504,87.38046201717668,0.9338975137090295,0.13807488434474036
1362,4124,73.55714111300229,86.87109943934108,0.9369054802958139,0.15326107776079712
1363,4124,73.1105313091677,87.54009313033654,0.937384644462737,0.1648337499445538
1364,4125,73.39552622695129,88.39569983393874,0.9368146301511542,0.16969347643795973
1365,4123,72.7511975675651,87.83309138079684,0.9386183507035053,0.17171083900309048
1366,4124,71.20168699557874,86.7015811926613,0.9407766339545303,0.17877291260282713
1367,4124,69.84595698148944,86.13119421825088,0.9429680325866967,0.18907478741669026
1368,4123,71.36221545405446,87.60347457871848,0.9403489280431706,0.1853951478838889
1369,4124,74.15013653116067,90.75393156939899,0.9355418362684783,0.18295400266534456
1370,4124,74.54349278886986,92.19941844477012,0.9345473063169164,0.19149714774477267
1371,4124,76.94023987963581,93.25991065827371,0.9287737725294996,0.17499127613832932
1372,4123,83.59976860957148,96.34602791024945,0.9132838534559442,0.1322966766471334
1373,4123,86.61371741545386,100.73145275673721,0.9058236466574314,0.14015220623668723
1374,4123,88.13820269349324,101.60139027820269,0.9020058481276954,0.1325098755818679
1375,4124,86.16533824095438,99.98298265989618,0.9061658609963401,0.13819996214699992
1376,4123,82.47179420828377,97.1854331806748,0.9147707975209701,0.15139757565351708
1377,4124,82.13439617205847,96.50372717151984,0.9163183571670028,0.14889923343501743
1378,4124,79.68985439261466,92.97098964332267,0.9222761684979115,0.1428524672229503
1379,4123,78.29752820201728,91.92632120100319,0.9256721050888912,0.14825778755124586
1380,4123,75.94871744631719,88.50316403528092,0.9303327469601412,0.14185308204302194
1381,4123,72.02295523107705,83.2992875933139,0.9375635117590935,0.13537129413747784
1382,4124,70.34220349006851,81.91663623841396,0.9405547945732416,0.14129526406160875
1383,4124,70.42436561990124,82.91959619017516,0.9398289923440372,0.15069092403219442
1384,4124,70.56804070963626,83.21465232708407,0.939202870954188,0.15197577907000015
1385,4122,71.0365384808158,83.5018927321894,0.9381430498840967,0.14928229580798813
1386,4123,71.67018317682928,85.37054412049332,0.9370377928818205,0.16048112478148358
1387,4123,72.35633944948981,86.56816773032956,0.9354286704584908,0.16416921662372874
1388,4123,73.19918911179732,87.86159618439629,0.9340857017212654,0.1668807272955385
1389,4123,73.54174389319522,88.1009114726005,0.9336122422022036,0.1652555840348281
1390,4124,74.05791043009195,89.8017333160375,0.9323500301319284,0.17531758357646188
1391,4124,74.35756502691025,89.37990105911435,0.9324449268335191,0.16807286486330497
1392,4123,71.23105100335876,82.91326065988326,0.9390485881584609,0.14089675841414384
1393,4125,70.28303138202027,79.52665829893316,0.9414678126858549,0.11623306089596985
1410,4123,75.22301413448491,85.67296443411018,0.9330751148070664,0.12197488867870532
1411,4124,79.3558602582507,89.99185997945784,0.9244603150817786,0.11818846419703943
1412,4123,81.13558103143437,91.42184750767693,0.9206844815785789,0.11251431421114955
1413,4125,78.41411497872153,88.80284508612522,0.927184789928332,0.11698645575294575
1414,4123,77.92934396653537,89.3815364590951,0.928831038600009,0.12812704889897208
1415,4124,76.89029087848088,88.53454056884435,0.9313943740598991,0.13152211120708213
1416,4124,75.67179933869122,88.59230434890873,0.9337491960434948,0.14584229527806236
1417,4124,72.42347910039047,87.28839386383561,0.9383169751515447,0.1702965778776211
1418,4124,73.99669193553422,89.44824809028033,0.9356580248252401,0.17274297132293548
1419,4124,71.9419898238778,86.88882987006792,0.9392925702090027,0.17202257261999465
1420,4125,71.75426438957577,86.54292351301497,0.9395689990136031,0.17088236129687917
1421,4124,71.77902495505089,87.55061179533251,0.9398593198527685,0.18014250862290881
1422,4123,71.86629235243144,88.59896133940434,0.939363577874945,0.18885852310247175
1423,4124,72.50689978448806,88.829665479753,0.9379294367536208,0.18375354232292374
1424,4124,73.77567681736036,89.59996518880226,0.9356432080377477,0.17661042990471532
1425,4124,78.79624628604903,93.31440041692288,0.9247665413023801,0.1555832118730619
1426,4124,84.6512542657805,97.5851368386819,0.9112753314690073,0.13253947262770582
1427,4122,84.67133407495996,97.28549467957696,0.9109814265454902,0.12966126806635925
1428,4124,85.22963579654638,97.1755000519427,0.9089619247213788,0.12293082360276997
1429,4123,85.6680611573256,99.5836665682418,0.9086169960131393,0.13973782940980828
1430,4124,82.72895863153931,96.16859549973049,0.9147260766533206,0.13975078660921936
1431,4122,81.49364981376088,94.35087351080544,0.9176187304947615,0.13627031969738046
1432,4124,79.08029021404411,93.77260476711962,0.9236609780670163,0.15668024354835042
1433,4125,77.06563814618373,91.21064647652346,0.9280434312026089,0.15508067179395002
1434,4123,74.3367186457364,86.46851181728421,0.9329958723719033,0.14030301801866774
1435,4123,71.33562716963907,82.508398600621,0.9386511993028221,0.1354137472121274
1436,4122,68.21778055727818,79.69206747937619,0.9439086109585916,0.1439827988534429
1437,4124,68.41265433585124,79.52118516413174,0.9429919500710773,0.1396927222016684
1438,4123,68.38013947690538,80.19802152529313,0.943058625025207,0.14735877299243072
1439,4122,70.0313578912117,83.20281420326855,0.9400074578954788,0.15830541837056544
1440,4122,70.54926659353167,83.71703781271142,0.9388844764936526,0.15728902459064775
1441,4123,71.06701313889967,84.50744133672087,0.9376822000840792,0.15904431592322932
1442,4124,73.4622015954053,88.1664612258306,0.9337915614757463,0.16677838064478545
1443,4123,74.07925289465567,88.22882283575962,0.9325680649016471,0.1603735546539452
1444,4123,73.94865906701588,88.75366207258287,0.9323273206058393,0.16681005222589507
1445,4123,74.47631654939265,89.68762154812906,0.9325494080375587,0.16960317082969545
1446,4123,72.21344616283166,83.16210439314158,0.9382160321260202,0.13165441531579203
1447,4124,71.08999858598216,79.42965215012497,0.9405008688223799,0.10499420982456975
1465,4122,79.46724792324785,91.2807784594224,0.9248874315529084,0.12941969531324804
1466,4123,79.76227710316913,91.25114906193372,0.9222991803203742,0.12590386068417503
1467,4123,78.28963920880041,89.72893496700543,0.9243916293998027,0.12748725661807314
1468,4124,75.82260707656857,86.94036205525443,0.9317364756214973,0.12787794662759777
1469,4122,76.95802885425037,88.87511627611919,0.9310879281800564,0.1340880093461092
1470,4124,75.17385192237188,86.31618106498605,0.9346977043373157,0.1290873739446987
1471,4124,74.01279862058013,87.75396111465794,0.9366823083073619,0.15658737588066052
1472,4122,72.79569142360755,88.30447244216083,0.9381614806157479,0.17562848845183332
1473,4123,71.70496091025892,86.99004529957624,0.9397265120663085,0.17571073031033102
1474,4124,72.02985559332377,86.6620492435352,0.9396099952715348,0.16884199921343257
1475,4125,71.4123589310022,86.43390492106077,0.940584180293403,0.17379228676267255
1476,4124,70.37402846495503,86.37633753123606,0.9421552495046693,0.1852626485869947
1477,4122,72.62103392978692,89.43525282601495,0.9386304045484293,0.18800437595830333
1478,4124,73.28958936749453,89.65027948309648,0.9371186190372521,0.18249458016120024
1479,4125,72.60976192161463,87.87455865670918,0.9380073565827779,0.17371121936131728
1480,4124,77.099015630355,90.81453576653581,0.9280689287733214,0.15102780651150827
1481,4124,82.43931682948336,94.0058107646586,0.9162333163452523,0.12304020188849496
1482,4123,81.29053431660047,93.43743434215546,0.9186121905663883,0.13000035918232355
1483,4124,81.41466090269336,93.79038070399011,0.9181102842148313,0.13195084302254312
1484,4123,82.28209390706547,93.36723281338936,0.9163629727645997,0.11872622302601032
1485,4123,79.78712747018643,93.39643870226723,0.9226300791647273,0.14571552642885122
1486,4123,77.97281184057853,90.19649110188952,0.925702695987422,0.135522780453872
1487,4124,77.293868083125,90.11018275812152,0.9273683488131433,0.1422293716726637
1488,4125,75.37390063971525,88.79613117877297,0.9314471681358469,0.15115783042433217
1489,4123,72.02961712199152,84.56654487929995,0.9378154708492157,0.14824926068816136
1490,4123,67.97951560868314,79.29483208395513,0.9442194685040249,0.1426992929790386
1491,4122,68.16180057946136,79.89861357550099,0.9438611083544941,0.1468963286196301
1492,4125,69.47830169501488,80.88771749360095,0.9414728288042845,0.14105251269438612
1493,4124,68.31938932484634,79.4945073741341,0.9433498775247011,0.140577235062204
1494,4122,69.5982948752156,81.30386468583137,0.9408728456319876,0.14397310454856738
1495,4122,70.44474060495365,83.42918476186773,0.9390474493046959,0.15563431662404026
1496,4123,70.4152270434258,83.06929768319951,0.9390814260071368,0.15233149903388377
1497,4124,72.16034893396188,86.87402385957247,0.9360339467845187,0.16936794535262356
1498,4123,74.57672862494798,89.08109545241771,0.9313640500743761,0.16282205280263062
1499,4122,74.00648843952321,89.75718564619049,0.9324868906398236,0.17548118396619738
1500,4122,74.40481223220608,89.4033984440309,0.9326317606628414,0.16776304338379666
1501,4123,70.84577968765028,83.28905894478599,0.9402109685827453,0.14939872553230094
1502,4124,70.80204027687634,79.44623124803044,0.9411496127850395,0.10880555106719936
1520,4122,77.35584103098061,87.64157847269922,0.9280996536050824,0.1173613896619019
1521,4123,80.52732093093039,88.34771384778401,0.9216378428904746,0.088518339369002
1522,4124,79.0741139235811,90.1218994885983,0.9264155342172512,0.12258713617565187
1523,4124,77.20727656494756,87.63529771912792,0.9301418191089545,0.118993389942056
1524,4124,75.99353846584675,86.42101575933438,0.9321613353898993,0.12065904574098174
1525,4124,71.88085173556816,82.12235292672925,0.9405703781398986,0.12471027468366269
1526,4123,72.5898549816347,85.91715609475341,0.9391925849043605,0.15511804299505383
1527,4124,71.6650675744108,86.1365431747587,0.940330130600264,0.1680062267066761
1528,4124,71.29050482948615,85.56118096823046,0.9407973408413253,0.16678914406339385
1529,4124,70.81097358205984,84.27192417949577,0.9411141151014425,0.1597323275633845
1530,4123,71.06566051191649,85.50915526181184,0.9402082538259829,0.16891167624884462
1531,4124,70.89295863768879,85.29424664497812,0.9410385257529211,0.16884243162650914
1532,4123,71.61151825199057,87.20842471141253,0.9400155878083287,0.17884632718725013
1533,4124,73.06919801264958,89.59208085775427,0.9377963280686143,0.18442347456287056
1534,4123,73.94688878779117,88.52503807901923,0.9345987867342073,0.16467826060933533
1535,4124,76.65381065952639,92.19974790833929,0.9295610926542046,0.168611494082044
1536,4123,79.96128860430242,94.32346177291434,0.9223546652239201,0.15226511939509968
1537,4125,77.63564473991781,91.63566024447898,0.9260788138361397,0.15277911969215796
1538,4123,78.15761334508717,90.7692731166691,0.9249686820422172,0.13894194961076411
1539,4124,80.27509903633155,92.97141897101478,0.9213097129219001,0.13656153767687995
1540,4123,79.07898476953682,90.6314306592732,0.9238023670793818,0.12746622011482467
1541,4123,75.18903060137234,88.27181854253236,0.9313804232347611,0.1482102460011775
1542,4124,75.48754030052464,89.78331242114578,0.9311119575522233,0.1592252695418953
1543,4124,74.30372668993415,88.28429845650257,0.9336926552728794,0.1583585304634505
1544,4123,71.5714946073234,82.9244049505731,0.9384108953075136,0.13690674476369868
1545,4123,68.87976907483856,81.14248757427318,0.9425538026157235,0.15112574023824477
1546,4122,67.7379365381966,79.96995685841576,0.9443010050385195,0.1529576956240648
1547,4123,66.27965146951887,76.98171618114765,0.9465032904527928,0.13902086420683946
1548,4124,67.14485708435527,77.8298236474844,0.9453023861312564,0.1372862748799829
1549,4122,68.72440445284496,79.98314837499017,0.9423983851134242,0.1407639502931305
1550,4122,69.32130477698844,79.97297294799087,0.940839652573275,0.13319084908759826
1551,4123,69.88283521367367,81.42935124449528,0.940072011976074,0.14179796172209058
1552,4124,72.64203417551607,87.26880966755566,0.9350925511841606,0.16760599288290112
1553,4123,72.75030283913478,86.54764115240866,0.9348096909106061,0.15941899894160083
1554,4123,73.57147734270445,90.02502944222657,0.9337317244026869,0.18276641731154508
1555,4122,74.48167656631496,90.2650136531489,0.9329550663384274,0.17485553314690416
1556,4124,72.02855157868174,84.97668310215927,0.9382810023380086,0.15237275745290313
1557,4124,71.03182684614909,80.14077130730479,0.9410442961794104,0.11366180175914309
1574,4122,75.23378418631292,85.88521973480123,0.9334054294929773,0.12401942477853711
1575,4123,78.46323731507502,90.07658143632864,0.9268812879929178,0.12892745190893595
1576,4124,74.24545389638023,83.7827928651213,0.9360581567692616,0.11383410175995046
1577,4124,75.07619639988985,84.39098292718786,0.9345389475113601,0.11037656162074527
1578,4125,74.10545911466475,84.12230156532321,0.9363914066808732,0.11907475502058285
1579,4124,71.53297931162588,80.59198714648267,0.9408949016982155,0.11240581297978525
1580,4123,69.91511484412614,80.47023869393246,0.9435155038524623,0.1311680444984462
1581,4124,69.8670123676057,82.23806502074821,0.9434296012417358,0.150429763273508
1582,4124,69.96063325093485,82.62939616930969,0.9425258412986487,0.15332028921542917
1583,4124,69.34860618613232,82.43816153259439,0.9432835254190174,0.15878029183470732
1584,4123,70.44049813293933,85.46755707957081,0.9419540108603803,0.1758217908655234
1585,4124,70.88495211815062,85.20590928835107,0.9414239073809156,0.1680746944643936
1586,4123,70.92106376331577,85.60026168509762,0.9410748480582958,0.17148543278737882
1587,4123,72.80110320128396,87.99531513967881,0.9379223022957055,0.1726706917780385
1588,4123,73.88860639159584,89.81395093225264,0.9354057434028571,0.17731481997345167
1589,4124,76.4065338383035,91.60050971174189,0.9297581145229267,0.16587217605286686
1590,4123,79.4350630949601,94.22763404063724,0.9234103270637114,0.1569876087443477
1591,4124,78.8420478299176,93.15790583127671,0.9232405692152922,0.15367303369063834
1592,4123,76.69852586986794,89.49517957309513,0.9275410865033626,0.14298707220063778
1593,4124,79.13313370048118,90.52133662637996,0.923672761474121,0.12580683571766882
1594,4123,78.92757747156159,93.38692741834872,0.9247036422221013,0.15483269817854772
1595,4121,76.13839412381182,90.37814068818066,0.9300532746008243,0.1575574188176574
1596,4124,73.56449561010142,87.64221457275796,0.9345816410571774,0.16062714790222055
1597,4124,70.92509895472158,84.07103830413986,0.9395916971832031,0.15636703928718987
1598,4123,71.34324730397735,84.12773422673769,0.9386038336265577,0.15196518770259637
1599,4123,69.80791982891614,81.85175273834793,0.9410031733904853,0.14714202819738997
1600,4123,67.43128328920322,78.00933846331976,0.9450365754609855,0.13559985743361191
1601,4123,66.07828697513968,76.72803419156838,0.9471413953908194,0.13879864548385634
1602,4124,66.53504826776646,78.17196454667915,0.9464770701049757,0.14886303991968752
1603,4122,66.79683536445228,78.175294365575,0.9452247967735381,0.14555057442973052
1604,4122,70.1837331132544,81.07285293559613,0.9393026476108844,0.13431277459782975
1605,4122,69.25808561228385,79.7138849448253,0.9408845850858027,0.1311666008974286
1606,4123,70.82006597367527,85.01769165919664,0.9378512899362735,0.16699613231601507
1607,4122,71.74749042849437,84.17209070986702,0.9365329067254289,0.1476095006859106
1608,4123,71.03228157852065,84.66257386489747,0.9383037712419926,0.1609954867203508
1609,4121,72.46733540059185,86.71070149590622,0.9363990009093156,0.16426307075819047
1610,4124,69.65771873186334,81.6391898409818,0.9425669565872637,0.146761269097062
1611,4124,69.73319130484663,78.79285393340263,0.9428653732190706,0.11498076508579591
1628,4124,79.12918180718687,90.0995948126145,0.9249606703479604,0.12175873851867425
1629,4123,78.47438975557625,89.43032878476544,0.9275212551593697,0.12250809292625053
1630,4123,73.9722126649705,84.76818011885736,0.9360071889967453,0.12735872633751644
1631,4123,72.13271227250856,82.74294744933202,0.9394158733201701,0.12823129346849393
1632,4125,70.70031388441822,80.51282661188131,0.9423741795031562,0.1218751488475881
1633,4124,68.93700064075242,78.22008063598543,0.9452520623600273,0.11867898779641883
1634,4124,69.32172832833986,79.78442581519894,0.9444562530067517,0.13113709072862612
1635,4124,68.96445039227338,80.72428854578772,0.9450630644882844,0.14567905602344244
1636,4124,69.54448944076283,81.9843669652602,0.9440156887127985,0.1517347512089542
1637,4124,70.80606298721455,84.47405711733349,0.9417474363763292,0.16180108540464977
1638,4123,71.06653113935482,85.33582667877145,0.9414106124291042,0.16721342131166494
1639,4124,70.2508389875278,83.92077771633161,0.942938943145105,0.16289099196638568
1640,4124,72.67759490405142,87.33271888216181,0.9386129513432716,0.16780794375455754
1641,4123,72.35052088754436,87.71879249189571,0.9385944960970851,0.175199306417393
1642,4124,72.90475131011783,88.3337585356166,0.9367643799952245,0.17466716554665473
1643,4123,76.2091119497411,92.47135488877217,0.9303426556887456,0.17586249232091244
1644,4123,78.42732012628713,92.2249838365441,0.9245279955289618,0.14960874088860132
1645,4122,77.61352860822949,92.01853112800703,0.9252798915115035,0.15654458230526125
1646,4123,76.12953110988816,89.46845863237067,0.9289251308321119,0.14909083856348382
1647,4124,77.1494408970897,89.5595831867806,0.9279001741894197,0.1385685579153375
1648,4123,76.58910710801895,90.16475113371271,0.9292037046792669,0.15056486991863738
1649,4122,74.49631748196408,87.5377512388004,0.9337598828342923,0.1489806805895626
1650,4124,72.12217321995114,85.1175256883877,0.9377522019199017,0.15267540219639486
1651,4124,70.54642015895128,84.94685428465957,0.9404449140559583,0.16952286517228743
1652,4123,68.61212421782918,81.3387331997613,0.9433870849434213,0.15646431265011962
1653,4123,68.43129939609274,81.39194715410277,0.9436703752572811,0.15923747018204504
1654,4122,67.9869730078973,79.91171517473532,0.9442634920614752,0.14922395472007222
1655,4122,67.43818818248731,79.09863458769622,0.9451393277144112,0.14741653210563377
1656,4124,67.14471440559895,79.41518693934292,0.945205157352112,0.15451040294240093
1657,4122,68.89948090526318,81.2638083644288,0.9413602189432542,0.15215048012169952
1658,4122,69.55290075774103,80.07440118000085,0.9402061045467923,0.1313965545444209
1659,4122,69.94108150748863,80.63520271428487,0.939672223281512,0.13262348015281578
1660,4123,71.13293495479111,85.65873535657387,0.9375551162673307,0.16957757246024974
1661,4124,69.90623469552764,82.64024094441517,0.9398855197588912,0.15408965539503416
1662,4123,70.88921534465932,84.34565906868407,0.9389154994668607,0.1595392563482958
1663,4121,71.63764723390325,85.34544344239228,0.9380182528097253,0.16061544302293906
1664,4123,69.96824031777588,83.24234964470344,0.941715745246642,0.15946341475924652
1665,4124,67.47056853876707,77.08877974470111,0.9463057023849331,0.12476797839824638
1680,4125,77.55901812606568,90.1652739680553,0.9280199658024622,0.13981276035889267
1681,4125,77.580776341049,88.55267398550323,0.929596634274424,0.12390249950273002
1682,4123,73.72100231959374,83.31799048025204,0.9377892768683918,0.11518506513827853
1683,4123,72.42870238518,83.22298123402615,0.9393380278507674,0.1297031023016615
1684,4122,70.03441099468111,81.59067752928469,0.9430982055363857,0.14163709488079423
1685,4124,70.37905325131176,81.40590849042486,0.9424717321048613,0.13545521994156118
1686,4124,68.87045004954784,79.8439265827871,0.9448713871194703,0.1374365841321855
1687,4124,68.03944336869841,79.9587272901275,0.9463580329293092,0.14906795449832977
1688,4122,69.14932485477497,81.62743753609789,0.9448812869209289,0.15286664702422825
1689,4124,69.84378934885397,83.14175765512,0.9434247004919335,0.15994331466297929
1690,4124,70.23238550366821,84.34367401702704,0.9426295925878801,0.16730701712745033
1691,4123,69.6255948030656,84.02173437059717,0.9431276706365908,0.17133828140269147
1692,4123,69.3276897921876,83.88737631090483,0.9439497903289569,0.1735623064995604
1693,4122,71.20544913920637,86.523651231969,0.9408526868281885,0.1770406342618932
1694,4124,70.9314034599933,85.46770485316506,0.9408950800701569,0.1700794635604801
1695,4124,74.09303727664978,88.91905274535989,0.9346122469730458,0.1667360932326597
1696,4122,75.25495050240757,89.73265923952472,0.9317046694305987,0.16134269127666878
1697,4122,78.88874325683132,93.88704346073912,0.9236034702014528,0.1597483491977214
1698,4123,78.72395894641471,93.95617868100696,0.9231445333604048,0.16212046880181818
1699,4123,77.35984151596206,91.10845155914765,0.9268895889642393,0.1509037834350635
1700,4123,76.7080307603209,90.23072667171718,0.9289987880539529,0.14986797081436976
1701,4121,76.7094628689362,90.4852594220882,0.9290794712322565,0.1522435437676296
1702,4124,74.74131276838344,87.35581652869665,0.9334199521327943,0.14440370729256835
1703,4123,71.85725595593561,85.04239701711309,0.9384834303198634,0.15504197345853532
1704,4124,69.16429408933837,82.15551098488777,0.9430220293092626,0.1581295854630993
1705,4121,69.03202907847925,82.28860173846883,0.9427541328049213,0.1610985285923543
1706,4122,68.3779221321208,82.0335874391331,0.9437480078626485,0.1664643194733434
1707,4123,68.74360113216927,80.53732047833006,0.942852776279056,0.14643794052391013
1708,4122,68.91443584348426,81.45799000752938,0.9419740914166236,0.15398801471636714
1709,4123,69.51732960838707,82.86799186190522,0.9403912146706278,0.16110758754437138
1710,4123,69.80691074566846,82.2056500910015,0.9396821949442655,0.15082587792454238
1711,4121,70.06080565376763,80.49234072497215,0.9392308096364995,0.12959661723401983
1712,4123,72.55792890192187,84.8138849895885,0.9346832989239541,0.1445041232242944
1713,4122,71.3258730445241,85.31165829036502,0.9369994219090512,0.16393756171330276
1714,4124,69.83906504422684,83.06570559946705,0.9398236897175394,0.15923106244371765
1715,4123,71.89058310797132,85.81882376473928,0.9371561214258679,0.16229820039191334
1716,4122,71.3578935738283,84.10179396437917,0.9386182672324034,0.15152947148723683
1717,4123,70.33003727843533,82.62474247125874,0.9411894434467969,0.14880173692644383
1718,4122,69.28293706971637,79.55047867899597,0.9436454375630126,0.1290695138455601
1733,4125,84.45581179509095,95.52861192031315,0.9144428301224368,0.11591082402054342
1734,4124,78.181829207521,88.68994082776288,0.928052229956329,0.1184814368142243
1735,4123,76.30166919424036,87.32059791772613,0.9329915778136268,0.1261893411892101
1736,4123,72.51122763395036,84.87255923267035,0.9388525787174875,0.14564579777584574
1737,4125,70.27668561955743,81.29890117986501,0.9422512469012638,0.13557643953787435
1738,4124,69.7365336891986,80.51027807682604,0.943197758405484,0.13381824836509348
1739,4124,68.58054994065489,80.87549437218394,0.9453779852283707,0.15202311314411865
1740,4123,67.87377583439006,80.3488548745749,0.9464869508527635,0.1552614416180358
1741,4122,68.25017064599412,80.75429178547586,0.9459900881665344,0.15484156771133595
1742,4124,69.28620122189717,82.06407214238695,0.9444339309625159,0.15570603050649579
1743,4124,69.83748048441959,82.53611028959789,0.9434296228610546,0.15385544291610165
1744,4123,70.06541674779677,84.265679911809,0.9425972416246645,0.16851775454578866
1745,4122,69.47364124187818,84.73328459989179,0.9437807335515547,0.18009030843155927
1746,4124,70.52905955790354,85.53446152176474,0.9420192459530984,0.17543106833078026
1747,4124,70.76059545690092,85.59471986377814,0.9415238821619154,0.17330653608640068
1748,4124,73.01647720715779,87.59626612841532,0.936736573394404,0.1664430410753318
1749,4122,75.18530632652154,88.86132620650757,0.9319427131026589,0.15390294590251674
1750,4122,79.1601614461075,93.48355537245845,0.9227124234612157,0.15321832668091728
1751,4124,77.12114869931635,90.87742882944856,0.9262270260676359,0.151371801637884
1752,4123,79.09690283577173,92.73767705439725,0.9239702576619927,0.1470898846282751
1753,4122,76.83853075733111,89.91241664634146,0.9285672252763031,0.14540690125630518
1754,4122,75.34006026362559,89.05555689952241,0.9321460974782279,0.1540105650158523
1755,4124,72.961480935717,87.123130254059,0.9366505338693988,0.16254752643810355
1756,4123,71.83299405658775,85.61782230163584,0.9384157184483141,0.16100419135263044
1757,4124,68.89238175556466,82.0168484169565,0.9432108235661859,0.16002159208398015
1758,4121,67.27822628474823,80.34871796293136,0.9456385014237821,0.1626720625985988
1759,4120,68.87160381994724,81.57785368602808,0.9431536603740119,0.15575611874987405
1760,4123,67.87211944906579,79.38126329140987,0.944573459908724,0.14498564730689434
1761,4122,68.82965647370453,81.66526577811639,0.9417095702406115,0.15717342228807618
1762,4123,69.99679215624114,83.63606932892534,0.9392312710143566,0.1630788878784275
1763,4121,69.88919129519113,81.62505526329359,0.9398525436069187,0.14377771543610862
1764,4121,69.59772743334128,78.99067980901728,0.9398810000309401,0.11891216024961637
1765,4123,72.15403274205131,84.09020514524975,0.9351855809293825,0.14194486007711582
1766,4122,71.16471169317784,84.2587007357946,0.937261827172309,0.15540221874147897
1767,4122,72.64716913735715,86.59785636179423,0.9350764277657918,0.16109737365960852
1768,4123,72.23584037962758,85.84857582526443,0.9360085494760935,0.15856681738488154
1769,4124,70.99607867355601,83.45533912213979,0.938602356456426,0.14929255071804592
1770,4123,68.95595418086823,80.59490271143171,0.9428679232232693,0.14441296085729494
1771,4123,69.2218821692545,79.05234668731508,0.943583274902062,0.12435386082773936
1785,4125,86.75659714665676,95.40898451836313,0.9068979105451873,0.09068734370651499
1786,4124,78.40765415206651,89.55109112338276,0.9278321533484918,0.12443664093341877
1787,4123,75.31302017987288,86.12037758510232,0.935442930581914,0.12549129147221683
1788,4123,71.34565865204581,83.83404904210082,0.9409171845846698,0.14896561161901445
1789,4122,70.88049346754913,83.26512383712172,0.9416976377170824,0.14873730799702722
1790,4124,69.96262656074357,81.40586287325316,0.9433853242045731,0.14057017404663363
1791,4124,67.31487227761502,79.25217793339411,0.9474746408976262,0.1506243231045531
1792,4123,68.10656200572758,80.40990338984173,0.9460059492781687,0.15300778716851993
1793,4122,68.32996205049233,80.99857668940807,0.9457063701236249,0.15640539817747656
1794,4123,69.42767171208939,81.98402043388477,0.9440283298484337,0.15315604986609943
1795,4124,70.95390588108548,83.01039364635393,0.9411642372876948,0.1452407010215162
1796,4123,71.28505330670643,85.00601599150482,0.94068421159889,0.16141166627747394
1797,4122,71.5151015820394,86.6761666779692,0.9405521097298571,0.17491619296291905
1798,4123,69.55474563880423,85.28358343482452,0.9433083086935501,0.18442984174135446
1799,4123,72.05274930437272,87.91375550083987,0.9388254150809512,0.1804155232148582
1800,4124,74.28878346480393,88.75805683743194,0.9341680595766233,0.16301926707487224
1801,4122,75.37017068851077,89.39496551832916,0.9313944353754247,0.15688573454332622
1802,4122,77.88686996783655,92.02688423688032,0.9254553588360077,0.15365090740926202
1803,4123,77.93750816335167,91.19962013186284,0.9248557556079696,0.14541850009173152
1804,4124,78.13642195054837,90.23822901694159,0.9260615707148565,0.13410953648171875
1805,4122,76.102530483969,88.75530800157658,0.930011550357918,0.14255798106613315
1806,4122,75.53444973873545,88.64749042592771,0.9319437414516245,0.14792342822326476
1807,4123,72.69264133842842,87.83444282333846,0.9371256019433539,0.17239024918009416
1808,4123,69.81520709721441,83.0488500060026,0.9419100856670666,0.15934769605878574
1809,4123,67.66716271698932,79.87221533212572,0.945175164460301,0.1528072379661085
1810,4121,67.73812870962256,79.43263878704389,0.944777695849512,0.14722550145632074
1811,4120,68.19774151527822,80.44812627165501,0.9442223254748693,0.15227681891570755
1812,4123,67.3511457907637,79.7612692235842,0.9449848929379807,0.15559084695647007
1813,4123,67.88791347070782,80.39297551062995,0.943391059326927,0.15554918773057047
1814,4122,69.64103632631607,82.71928806794101,0.9401492091890659,0.15810401717774936
1815,4121,69.96984083178165,82.43676487344362,0.9392052105642895,0.1512301466560595
1816,4122,71.9227299864661,84.60247660595373,0.9355647161632157,0.1498744141799192
1817,4123,70.77758950671604,82.79962742409782,0.9376763382202744,0.1451943479866784
1818,4122,71.64016884128743,84.42314748834642,0.9363878949356474,0.1514155658413887
1819,4122,72.42368937040612,86.09054201965398,0.9352195749154277,0.1587497572744726
1820,4122,72.71280071059287,87.3605266307613,0.9349655215764937,0.16766984455208955
1821,4124,70.0404615804683,81.62853255175719,0.9397710476768861,0.1419610350577034
1822,4123,68.68108411483837,80.06001583994374,0.9427670054280946,0.14213002090649307
1823,4122,69.36408107050786,80.44738980156093,0.9428124056173011,0.13777089298226075
1824,4122,69.03252590041465,79.40839493791404,0.942847765065538,0.1306646362215459
1832,4124,79.40664502294452,89.90181580452358,0.925869821171643,0.11674036489317474
1833,4123,74.64338801016277,86.43466387843964,0.9357719044680854,0.13641836896433057
1834,4122,72.31621596760417,85.7461563527994,0.939548456061432,0.15662440109779663
1835,4122,71.55036407661474,84.54890925845928,0.9412224141362178,0.1537399511814992
1836,4124,69.56104225925625,81.69285988520978,0.9443751092295193,0.14850523831581464
1837,4125,68.80875797133636,81.45607500509726,0.94557530807251,0.15526548551436425
1838,4123,69.72816090656673,82.15895073145474,0.9438871217381195,0.15130171106395174
1839,4121,69.91172404831183,83.24212611017562,0.9436008575551086,0.1601400959439726
1840,4122,71.2653160526419,83.7407572670497,0.9411487906938995,0.14897693335425144
1841,4124,72.16123370904056,84.49574750439501,0.9390879431554281,0.1459779238560246
1842,4122,71.70658050082912,84.5415300903325,0.9397316576704121,0.15181827884815025
1843,4122,70.18321983184941,84.3617457500621,0.9428796411297166,0.16806819005641838
1844,4123,69.5926484287786,84.04234933547306,0.9436507315763338,0.1719335670759914
1845,4123,70.8131367907419,85.70491375543224,0.9414583184648357,0.17375639636235518
1846,4123,72.8563495841824,86.79108623310258,0.9362708564932289,0.1605549285498561
1847,4122,76.02197409815365,90.46399540779589,0.9293798089427522,0.15964385880305343
1848,4122,76.2081801140282,89.3109891241258,0.9288378763931828,0.14670993053147263
1849,4123,77.49897192790228,90.22754802940483,0.9261537609090363,0.1410719495264834
1850,4124,76.11102876072046,87.37753936713887,0.9293929358705822,0.12894058001655673
1851,4122,75.87569766237236,88.99208995857792,0.9313527625466984,0.14738829374959828
1852,4122,72.76072922946568,86.89988249384264,0.9370246796673978,0.16270624146561763
1853,4123,72.98892185923552,87.6843970838625,0.9365336696357724,0.16759509916652615
1854,4124,69.93756035715744,83.23647069601465,0.9416215540161548,0.15977263605308
1855,4122,68.93081660671913,80.98211510613686,0.943037599197413,0.14881432133037076
1856,4121,68.49150177037882,80.57646087130134,0.9437320277488961,0.1499812596662058
1857,4121,69.50512551821623,80.58943334497901,0.9419902233480882,0.1375404611584029
1858,4122,67.72780420726126,79.23132126791569,0.9442726029810395,0.1451890095554007
1859,4123,67.13452505901219,80.0269786473659,0.9447474879455384,0.16110134115100772
1860,4122,69.5989134835407,83.95911777770942,0.9402479483447626,0.171038056071395
1861,4122,70.61016488990415,84.8820502336062,0.9380998243227238,0.16813784898484418
1862,4122,71.53288949739938,84.89738548837974,0.9362409801747021,0.15741940595814474
1863,4123,71.27157040193062,85.09836720112285,0.9370418814958787,0.1624801656477587
1864,4122,71.2088730084406,84.55020602853548,0.9373951408047295,0.15779184518595035
1865,4122,71.65028688731265,84.2510805638109,0.9364142700502589,0.14956239839505137
1866,4122,70.95438173719347,83.6637926760507,0.93747889260823,0.15191052822657158
1867,4123,69.10482717389004,81.4774975481925,0.9413352489604573,0.15185383383902096
1868,4122,67.29315252246948,79.56855358976547,0.9450093595040906,0.15427452823366283
1869,4122,68.20148848432127,79.78156367097355,0.9444206068937334,0.14514725776007054
1871,4122,89.36981017652714,101.50192864772963,0.9062511553115543,0.11952598963225569
1872,4123,84.06645269824907,97.85450890424336,0.9189544474020623,0.1409036370463701
1873,4123,82.27385325133552,95.13409910921263,0.9177802215260762,0.13518019278359616
1874,4122,92.69416162943796,101.80497469710421,0.8934113839191745,0.08949280813411375
1875,4124,80.57066524926182,90.57937255023303,0.9226838760270851,0.11049654042834789
1876,4124,75.9011229081824,86.49228117552997,0.9341694449843422,0.1224520630442566
1877,4124,74.49863376030223,87.78010852077787,0.9361258305366156,0.15130392277120364
1878,4122,73.68713329555824,87.8135356402201,0.9375557031777404,0.16086816504620638
1879,4123,72.34331896393586,86.6345098727025,0.939995401054801,0.16495956322446537
1880,4124,71.52227501694466,85.6153203195407,0.9412722511581255,0.16460891870750227
1881,4125,69.18640461839885,83.05352246008287,0.9450023413952855,0.16696604106525192
1882,4122,69.1143781044287,81.99548870097061,0.9449041022442324,0.1570953573253041
1883,4124,70.06357693434805,83.49813063153451,0.9434646526807907,0.1608964607419926
1884,4122,71.02694623693908,83.85122192066773,0.941420541373797,0.15294083246469314
1885,4122,71.40315562586159,84.5044934509895,0.940129541125473,0.1550371736471785
1886,4123,69.75947531084873,83.18351231629515,0.943543864097522,0.16137857889918328
1887,4123,70.15011220971316,83.8928203291226,0.9436338527492866,0.16381268463135445
1888,4124,71.72475911453897,86.9815885701394,0.9400513032795832,0.1754029755768115
1889,4121,72.06895933213112,86.2689561489523,0.9391972483679943,0.16460146790582952
1890,4121,73.58270585359773,88.27623002790261,0.936393016467446,0.1664493847286015
1891,4122,73.6528930199012,87.98250929482857,0.9344205302061503,0.16286892008170584
1892,4123,77.33022488988549,89.64203736860084,0.9265563589729078,0.1373441840471583
1893,4124,77.39638810125643,91.28142627090565,0.9270021291813153,0.15211241472543502
1894,4121,76.25660404533343,89.40741151037528,0.9297685931492501,0.1470885605889145
1895,4123,73.79616214660744,86.88682953437507,0.9350978157346992,0.15066342572194513
1896,4123,72.52697605987942,86.62615369044035,0.9374076421900643,0.1627589016700951
1897,4123,71.7396797834624,86.51217307926909,0.9388920012299589,0.17075623891993774
1898,4122,68.80843468759363,81.82394090662831,0.943268331265909,0.15906721278417835
1899,4121,70.29090027107503,83.8750644009254,0.9407804259182379,0.16195712309581833
1900,4123,68.69663382010992,81.18605906124735,0.9434072670263037,0.15383706741714498
1901,4123,67.59628543502951,79.87034353075217,0.9446755834910514,0.1536747878265582
1902,4122,67.47952679899714,80.3283476075584,0.9443617248285054,0.15995375469857498
1903,4122,66.95679647559862,80.67692210681567,0.944804339552624,0.17006258137924124
1904,4121,68.26530158761857,82.28282152571668,0.9422676706724489,0.17035779374334026
1905,4123,68.78748550997223,80.82899212212298,0.9414358053426668,0.14897509292157785
1906,4123,71.17899852281793,84.02210592887192,0.9372486819893996,0.15285390986184266
1907,4122,70.2522448551219,84.3535836839027,0.9384109462216973,0.1671694101536053
1908,4122,69.44326880290505,83.22732276831137,0.9400505977251874,0.16561933637801174
1909,4121,69.48450619471382,82.33699727734222,0.9404272147008065,0.15609618406821835
1910,4122,71.3942938434543,84.5113800439084,0.9376593500629186,0.15521088631660063
1911,4123,69.13306264598127,81.10894319794781,0.9417902578870606,0.14765178881370933
1912,4122,67.04142506986109,78.45459141459823,0.9455438986180045,0.14547480445629424
1913,4122,67.23488454798716,77.95833263295476,0.9459631364006802,0.1375535843673824
1915,4123,90.9486753832502,101.71650407978011,0.9011850132230048,0.10586117556777497
1916,4121,83.81257269646991,96.56109523712553,0.9140674106517261,0.13202545506913532
1917,4122,90.14217912687867,97.68828360094713,0.8965219766954033,0.07724677101395294
1918,4123,89.14190810781271,96.19493829344279,0.9016111237091221,0.07332017994662876
1919,4124,81.35008554889639,91.3161462813493,0.9231324859840125,0.10913799079679753
1920,4124,78.29213109791,89.41653095917705,0.9296187650112868,0.12441099807759126
1921,4123,75.23511269523934,89.27479845441538,0.9352280524862526,0.1572637071406534
1922,4123,73.24191801006727,88.39155008464527,0.9388183891979172,0.17139231136992683
1923,4122,72.23557749460501,87.68408667444459,0.9405419302473916,0.17618372689673034
1924,4124,70.19895252925869,85.99651885312973,0.9436534911178991,0.18370006756728274
1925,4123,70.05416227934145,83.43052627080728,0.9436041568710712,0.160329373304532
1926,4124,70.11193597035216,84.04176080053134,0.9434619242335118,0.16574884554407265
1927,4124,69.23020535824217,80.76022258578791,0.9442213127990219,0.14276851720285844
1928,4122,69.98463142551604,82.09594501958262,0.9428374793438576,0.14752633143059157
1929,4122,70.58457690226825,84.43697401991247,0.941933782888857,0.16405605812422241
1930,4123,68.08270663195309,81.76489836972499,0.9464991790218675,0.16733576400845862
1931,4124,69.76435052573413,83.28250774299467,0.9445344092896375,0.16231688482504447
1932,4124,71.36756975175659,86.7470767067765,0.9415000683908494,0.17729135711403743
1933,4120,73.10039362004366,86.65773401888322,0.9372743940970012,0.15644697559118426
1934,4120,72.3732908880608,85.96551720002445,0.9371319208626365,0.15811254040776934
1935,4124,76.10674286765922,89.09201200758332,0.9289512818940143,0.14575121660535428
1936,4123,77.73053721898738,91.53128606005106,0.9258840365632839,0.1507763021270061
1937,4122,75.84591909007261,89.41012749362001,0.9301093964233454,0.1517077403173963
1938,4121,73.86993102351579,87.32759788905607,0.9347298906257644,0.1541055427018312
1939,4123,73.23666086404093,85.94387363282206,0.936316803284013,0.1478547827977844
1940,4123,72.33434138571003,86.06359405573639,0.9376227090478476,0.15952450999356405
1941,4122,71.53344781359851,85.56332438790774,0.9389700659994374,0.16397068106778712
1942,4121,71.01145823008909,85.25350951524878,0.939635016728602,0.1670553079414555
1943,4120,69.86897780244425,83.02414596710626,0.94129782479826,0.15844990648713242
1944,4123,68.84372290007204,82.29115995888557,0.9430464218010772,0.16341289958158522
1945,4123,69.08511768024216,82.98015789910407,0.9421024582721306,0.16745015399653673
1946,4122,68.99236725569713,80.53030178409,0.9413984168180798,0.14327444791312538
1947,4121,66.96161037267379,81.04303918673067,0.9442217531989838,0.1737524771450385
1948,4121,67.34757959732892,80.33602940517834,0.9434207906220371,0.16167652178005454
1949,4123,69.03342370254805,80.99779692528048,0.9405266338379412,0.14771232893864294
1950,4124,68.22937697572898,81.14455362097259,0.9418462457843289,0.15916258170043784
1951,4121,68.50847320226968,82.81752348286307,0.9414133774472905,0.17277805081377817
1952,4122,68.5620224877617,83.0420730942916,0.9415234821403269,0.17437005203480738
1953,4121,69.70265129208329,83.14904935987373,0.9396837307524476,0.16171439326496295
1954,4123,71.3672595902874,82.73067994118067,0.937365762821463,0.13735436912850663
1955,4122,69.51888740616164,80.1359630666064,0.9411063622585716,0.13248827685043463
1956,4122,66.77270756654458,77.32424817166242,0.9460215485346478,0.13645836661344657
1957,4122,66.78517974069551,76.74474672397966,0.9466286123573024,0.1297752277312837
1958,4123,92.17863081469356,102.22804322769358,0.8938904477493939,0.09830387138113217
1959,4121,94.21878616628118,103.73340519829198,0.883084292295099,0.09172184229200897
1960,4122,88.83737962213505,98.4117095915443,0.9027839477523913,0.09728852398914012
1961,4123,85.08882393810325,95.10082462484264,0.9134592025909589,0.10527774839214188
1962,4124,78.49945021172293,90.23730549995956,0.9283384595879246,0.13007763500032576
1963,4124,75.46212742854298,88.75784893904746,0.9348531512996742,0.1497976986760352
1964,4122,75.46754897171647,90.73239814922778,0.93534378757862,0.16824033629536805
1965,4123,74.02852532302488,89.47531079060501,0.9378065167736063,0.1726374050125351
1966,4123,72.2414815561108,87.52975759340192,0.940690858151906,0.1746637538779563
1967,4123,71.42225309092298,86.38482428717869,0.9418292116517151,0.17320833051085416
1968,4122,71.02439645303502,84.81450129628422,0.9420847606395306,0.16259135681380643
1969,4124,70.31834854011535,84.01616461105492,0.9428197936645814,0.16303786461036807
1970,4124,70.9627818806189,83.55577353416619,0.9412791305684899,0.1507136026740029
1971,4122,70.8110504772852,83.68344244572769,0.9415293691606345,0.153822447932765
1972,4121,71.66683717285783,84.22765773771575,0.9399237728679272,0.1491294059722308
1973,4123,69.02196658515334,81.11372069268471,0.9443427716211785,0.14907162443384103
1974,4124,68.66953834244981,82.09347274537633,0.9458147336338754,0.16352011864040172
1975,4124,70.50809944490278,85.5966749287204,0.9426535399148915,0.17627525247192666
1976,4120,73.19085977746242,85.97390696176564,0.9375886004408681,0.14868519573023586
1977,4121,72.4030805945449,84.73195509600762,0.9374280229802587,0.1455044261340741
1978,4124,76.24144513643962,89.75618292704677,0.9307765651315262,0.15057166369911068
1979,4123,76.82541905345698,91.33242360060838,0.9275128731375921,0.15883739832186783
1980,4122,74.37409630927063,87.17785313981663,0.9328812822006398,0.14686937529892163
1981,4121,74.2442422411046,86.0218146439959,0.9340685422593368,0.13691378694617362
1982,4122,73.53545451007166,85.58231813039369,0.9356835703493004,0.1407634647377436
1983,4123,71.2366404771896,84.79793953492863,0.9396987360221358,0.15992486529879746
1984,4123,69.66515881301092,81.82191585683353,0.9417895033056257,0.1485758053513888
1985,4121,69.95483144957187,82.48197002446554,0.9411793140991047,0.15187729598575195
1986,4120,68.94872595294264,81.84274935866266,0.9425472042173076,0.15754631298142296
1987,4123,69.6007839587026,84.7765284684719,0.9411384235186199,0.179008798589967
1988,4123,67.58594872548454,80.77244137600309,0.9438528741104614,0.1632548481373024
1989,4122,69.93638641307332,83.03592355651988,0.9397425790554242,0.15775746908541488
1990,4121,68.39830878754542,82.58694615334419,0.9416470751811161,0.17180242189187944
1991,4121,70.41114941950202,82.75997437747395,0.93792878163822,0.14921252756372405
1992,4124,70.47224408340705,83.70608459500747,0.938055760989717,0.15809890733307252
1993,4124,69.50696932133421,83.22051302734556,0.9394527220620839,0.16478561843887207
1994,4121,67.45433990336406,80.9448737891307,0.9424860746049297,0.16666322713543047
1995,4121,68.80124938247486,81.84237147563837,0.9407116584103952,0.1593443818651491
1996,4121,69.57457275302285,83.18055630966042,0.9396131767869924,0.1635716826175806
1997,4122,71.63035590594478,84.92200908448758,0.9361958608751798,0.15651600005505217
1998,4121,70.22171742619778,81.59150558151633,0.9392867057608134,0.13935014526676714
1999,4121,67.6414408934877,78.64884899355957,0.9445125896920283,0.1399563787764173
2000,4122,67.95752026196455,76.72149962743661,0.9446350782809203,0.1142310748360027
2001,4123,90.68544253980481,99.33071308406082,0.8982335638079955,0.08703522078754988
2002,4123,91.71325311221855,103.34280466464939,0.8951125291008896,0.11253373265965727
2003,4124,85.92059502403451,97.8304814029745,0.9095803379357311,0.12174003652176524
2004,4122,86.52445534502132,95.52975984016462,0.906969323128967,0.09426700653503683
2005,4123,81.5596157305633,93.43849293027449,0.9216599340587258,0.12713044514293947
2006,4123,77.15621985530288,89.39333565263499,0.9315092381853054,0.13689069445717017
2007,4124,76.03194805533013,89.33568038320603,0.9337682607082786,0.14891846427776045
2008,4121,74.09322862411037,88.3979338844293,0.9376193321001438,0.16182171496248754
2009,4123,72.1887643763297,87.72205173132161,0.9408257015682819,0.1770739175431948
2010,4123,72.1511363086574,87.66858439764214,0.9407199627077095,0.1770012393333692
2011,4121,72.53483308562957,87.74655064475641,0.9398201943166756,0.17335972123521715
2012,4122,71.08552087964767,84.83866519202175,0.9420471136876355,0.16210939058559615
2013,4124,71.20989654134813,85.6000966165188,0.9417878854011358,0.16810962421733644
2014,4124,72.26867596781811,86.25846898334326,0.939522099670339,0.16218457364721617
2015,4121,71.74397223040205,85.0660379962172,0.940048558328495,0.1566085135692763
2016,4121,73.72030191834254,87.22575067333409,0.9363220438903924,0.1548332763058733
2017,4123,70.61144689404843,83.2946205189707,0.9419128876344264,0.1522688205540672
2018,4124,70.52222761005328,84.43229718281685,0.9429647719348501,0.1647482069881958
2019,4124,70.16140392891258,83.27724150600531,0.9429228570497529,0.1574960618279716
2020,4121,72.22529821683943,84.25004143868877,0.9393839497957158,0.14272685231377713
2021,4121,75.02785168943932,86.11228209917381,0.9326616212973313,0.12872066724429365
2022,4124,75.20935458810035,88.15203142932316,0.931697203134253,0.146822218743759
2023,4123,76.51635266928423,90.96212829727051,0.9286511076876546,0.15881087985074938
2024,4122,73.2254970166169,86.69362869160038,0.9356516712650764,0.15535318890496952
2025,4122,73.28662014993645,86.7867970999167,0.936115364296946,0.15555565363747248
2026,4121,73.25467368801692,87.60854098181304,0.936388269699536,0.16384095811818034
2027,4123,70.83968937443382,84.25777666877995,0.9404671910170214,0.1592504315310036
2028,4122,70.28940921491733,83.74559004715596,0.9413471384708078,0.16067927665996073
2029,4121,69.78425710607499,82.50981082374678,0.9417543202347721,0.15423079498819192
2030,4121,69.15135277304087,82.03142330079754,0.9425373883624855,0.15701386138976636
2031,4123,67.83683307492909,81.00745324848596,0.9441985126298087,0.1625852887037037
2032,4124,68.90864149111928,82.24409043359695,0.9415632783688369,0.16214476775379472
2033,4121,70.55734766635638,83.84631594135396,0.9384214797492031,0.15849197577497043
2034,4121,69.01091996104523,81.40237489464474,0.9401724118306747,0.15222473483896726
2035,4121,72.08867220079827,84.40327379246429,0.9349673604161873,0.14590194240505272
2036,4123,70.94391482666936,85.7896070995693,0.936707916140781,0.17304767762451345
2037,4124,70.62775004202172,86.07077052044993,0.9367706343544192,0.17942235656829675
2038,4121,70.13866364656937,84.70925652419686,0.9376848948255263,0.17200709196952357
2039,4121,69.58329630901848,83.29669856204175,0.9388308033308042,0.16463320263298487
2040,4122,70.73516184234308,83.7289913544342,0.9371526703537821,0.15518913224556585
2041,4122,71.52838054961718,84.53668933340339,0.936380812584481,0.15387766999583896
2042,4123,71.29037215196028,83.16830964167409,0.9372147740821655,0.14281807025884274
2043,4121,69.27568122591079,80.09574001482972,0.9412101859258346,0.13508906699551804
2044,4122,67.04373437378707,75.3188305284975,0.945518099284742,0.10986756029860922
2045,4122,84.93480896102832,97.94564263826764,0.9148203910071235,0.13283728940644013
2046,4123,91.8872697432109,101.26988055305048,0.8892990851259377,0.09264956923618062
2047,4122,98.12493330776645,107.9863754838688,0.8772055938503375,0.09132117021165753
2048,4122,82.58642739989759,94.71434511468465,0.9167838256446547,0.12804731638171596
2049,4122,80.81228507171015,92.03830180723958,0.9246336803192765,0.12197114152584687
2050,4124,78.96266831807199,90.453506585901,0.9272949519846514,0.12703585191488953
2051,4123,76.1993410200804,87.62653840273208,0.9332568275902631,0.1304079516428256
2052,4121,74.38084248486062,88.94986565028915,0.936950803843495,0.163789153124833
2053,4123,72.48154254585242,87.33546299325249,0.9405031480579328,0.17007891111251883
2054,4122,72.39684907751557,87.64231061708746,0.9405603315360698,0.17395093114534466
2055,4124,72.37121215504506,86.65353530175837,0.9402822215419984,0.16482100928689392
2056,4121,73.02547079232417,87.0595178185555,0.9392684053776639,0.16120060595189944
2057,4121,73.23038978333904,87.52487194654279,0.9386864294207945,0.16331908685264152
2058,4123,71.094045728619,84.56257577529135,0.9412006308121627,0.15927293986955127
2059,4123,70.78724288767995,83.26802719072914,0.9421967436423133,0.14988687403943646
2060,4121,70.67958874529475,83.78938140545206,0.9420421373970747,0.15646126561932439
2061,4121,71.50322330030899,84.43301927728544,0.940240281178835,0.153136724087929
2062,4124,70.21927657417112,83.64604784367283,0.9426678424354132,0.1605188961777988
2063,4122,70.77924398659431,84.57426268357803,0.9426923988161864,0.16311130903494508
2064,4122,73.23246446716166,83.70504560287826,0.9384698472638018,0.1251129016212672
2065,4123,75.06777513263165,85.61823921753371,0.934244913202938,0.12322682855105294
2066,4121,75.88414680803486,88.1920039929636,0.9316832668898345,0.13955751800254734
2067,4122,76.88816595783327,89.32810073282452,0.9281525065774142,0.13926115827983876
2068,4122,74.30335148819465,88.26560947338116,0.9333767783065913,0.15818457571968847
2069,4122,74.29794801652895,88.07040851444475,0.9340667178666003,0.15638011370932758
2070,4122,73.290343879416,87.90790390056597,0.9360240245889417,0.16628265915297136
2071,4122,71.9819844322699,86.05406612912108,0.938667046435011,0.16352605204891224
2072,4123,70.9388511620428,86.18705566381946,0.9401654377325989,0.1769198910942461
2073,4121,69.91425962629698,84.27677928259321,0.9414932714640636,0.1704208416429448
2074,4121,68.86261837806808,82.06960543683243,0.9430495794073991,0.16092421778400712
2075,4122,68.98916556264481,82.52789053061797,0.9425982570660137,0.16405029718953335
2076,4122,67.85110086289507,80.89337109421265,0.9439546819540962,0.1612279233131214
2077,4122,68.4343182014234,83.34720593219387,0.9424465949932344,0.17892486693438392
2078,4121,69.3694632687188,82.40307818672078,0.9403097847332638,0.1581690296625634
2079,4121,71.12217834262906,82.01083154414786,0.936189295466602,0.1327709157010224
2080,4121,72.26633080728114,83.16159939684307,0.9343855651204677,0.13101321605865524
2081,4122,72.03026104916883,86.13116843213068,0.934574860192842,0.16371433988002881
2082,4121,72.19074276229549,87.27430155020633,0.9341137339917758,0.17282932684638808
2083,4121,68.75324419876272,82.47262324603982,0.9400569207939886,0.16635070532858165
2084,4121,69.83598908082433,83.24585552816805,0.9382352270394269,0.16108749633555264
2085,4121,71.06894139301217,83.73104244638901,0.9361525080818778,0.15122349708573235
2086,4122,72.85847527600387,86.02681774797932,0.9333886279286125,0.15307252804064997
2087,4122,71.60941808378638,83.08719337319279,0.9361140079106035,0.13814132868651685
2088,4122,68.6056020907291,79.0759747183571,0.9428994301245202,0.1324090239155452
2089,4121,67.94802550104826,75.29626298467605,0.9441388107543437,0.09759099844202446
2090,4121,85.88059738143524,96.50475976821332,0.9128556162148808,0.11008951695538505
2091,4123,86.59759345012183,100.51797355592387,0.9108757171932702,0.1384864777248751
2092,4123,82.71005481216878,96.74214591838415,0.9165076042404026,0.1450463081318607
2093,4123,83.13159118503242,92.53229990119894,0.9123598092240911,0.1015938080670652
2094,4122,78.7752918890827,92.36545036961304,0.9264138345548789,0.14713465290481953
2095,4123,77.43582164212269,90.01030262201633,0.9305142226166054,0.13970046332027264
2096,4123,75.17775344668027,87.69792080867722,0.9348356603612689,0.1427647000812151
2097,4121,73.39384944873488,86.1026318648603,0.9380140518046097,0.1476003943302464
2098,4122,74.493159574883,89.37938521796701,0.9366190661932929,0.16655099614728153
2099,4123,73.6201643978732,90.27228634653336,0.9385585191331708,0.18446549458974282
2100,4122,71.87669759022577,87.31075603856273,0.9414154242718089,0.1767715588388693
2101,4122,71.99546617426284,87.16618085667031,0.9407272533550168,0.17404358586448887
2102,4121,72.72660272700986,87.51559485552558,0.9395609608209093,0.16898693487634986
2103,4122,73.30649044118302,88.28101116156472,0.9379676038949194,0.1696233484795111
2104,4123,73.37516011749511,87.41309666221406,0.9382107844640788,0.16059305848601868
2105,4122,72.59874566849312,86.18710264131443,0.9396588333995071,0.15766114135860998
2106,4122,70.79817221468845,83.7295448908318,0.9424957624133858,0.15444217083711043
2107,4121,70.23130186867016,84.02414677346385,0.9428384047360906,0.16415334679899052
2108,4123,69.72876652643414,83.77438824326218,0.9438965319484597,0.16766009291578088
2109,4122,70.3546078975983,83.33974476558062,0.9433756373462666,0.1558096548592406
2110,4122,74.20863886343064,84.82326363125661,0.9371173183671053,0.12513813208095637
2111,4123,75.87463500702906,86.88766917123291,0.9326616173477067,0.126750254313993
2112,4121,77.19037680087267,89.6090979042448,0.9278904565846682,0.13858772595437385
2113,4122,78.18829658074708,90.40261172049348,0.9253196546484427,0.1351102020980388
2114,4122,74.10087196351333,88.1182199235786,0.9338010531275609,0.15907434322007352
2115,4122,72.21566001829467,85.82223133538405,0.9376896448922893,0.1585436675948958
2116,4123,71.91332352419644,85.65523630273483,0.9384279769182776,0.16043283950522047
2117,4122,70.59624356163127,84.02058239344588,0.9406318767674237,0.1597744082390673
2118,4121,69.94269145528871,84.33509231987243,0.9417812339511403,0.17065732032396608
2119,4121,69.47670427593299,84.51949282881799,0.9423372704569268,0.1779801090779377
2120,4121,68.17837823610301,81.49551674279857,0.943969273057906,0.16340946151338243
2121,4122,69.41261868570965,81.10893781225539,0.9417233908120458,0.1442050585549458
2122,4121,69.47032458180865,81.79308377569609,0.9408488247579057,0.15065771609346035
2123,4120,70.05238878760065,85.15906472648254,0.9389579470845181,0.17739363375351935
2124,4121,71.34141039948108,84.91081580660835,0.9364474424629061,0.1598077380157642
2125,4121,71.41804555748011,81.87841891848882,0.9356057777715514,0.12775495056178554
2126,4121,71.29283460954761,82.68274434740415,0.9360538898025759,0.13775437460082485
2127,4121,71.21334220914255,84.67051691272759,0.936483261779597,0.1589357806502557
2128,4121,71.21846067955342,87.14455657215983,0.9359158788561718,0.18275491343419537
2129,4121,69.44356988263368,83.37977308450073,0.9387281030479874,0.16714129442093206
2130,4121,70.83968944872275,84.00944808454942,0.9361784517628664,0.1567652083914688
2131,4120,72.0304195777442,84.61640235789393,0.933924108532681,0.1487416438117518
2132,4121,73.47064187259596,87.08967714168351,0.9321357889463439,0.15637944376497293
2133,4123,73.57154577573979,87.16787149240461,0.9325663479473516,0.15597863620943797
2134,4122,69.85297239336575,80.6479020562663,0.9410743370201331,0.13385257877345857
2135,4121,69.99956603476974,79.09883218395902,0.9409542100596022,0.11503666865810669
2136,4123,83.57476942095603,94.46119071501674,0.9189802014754349,0.11524755523042618
2137,4122,84.48315560084006,96.68076799641776,0.9174126698469635,0.12616379294824842
2138,4123,83.2894445174325,96.02105832186508,0.9202843708363742,0.13259189210095856
2139,4123,84.7699569487514,94.10041706260087,0.9087816388142776,0.0991542907577373
2140,4123,84.4650495110203,93.89775545944296,0.9134397941118186,0.10045720371342537
2141,4122,78.38373548822398,91.95459090360534,0.9277453796493358,0.14758214116364776
2142,4123,73.38144968563151,87.87372607750382,0.937417797754516,0.16492161011916406
2143,4123,74.30507711885404,90.36322287823126,0.9366863323837302,0.1777066515325192
2144,4121,74.6811111528485,91.85899760050245,0.9364709228039457,0.187002763979214
2145,4122,74.09270610461273,90.60745838493781,0.9379423045355793,0.18226702938916584
2146,4124,73.2782361844429,89.47436023682758,0.9391140206346033,0.18101413644663722
2147,4122,71.82788712595215,86.9484541728812,0.9411784313966878,0.17390265520839
2148,4121,70.49531130934942,85.50278288833361,0.9427730030881409,0.1755202704756863
2149,4121,70.87492038506635,85.24936120544378,0.9423245312160078,0.16861640506298037
2150,4122,72.72692855113105,87.4254272056773,0.9396670149387849,0.1681261290261301
2151,4122,72.46934735952692,86.60757164596185,0.9401938476010809,0.16324466807855753
2152,4122,72.99591057840715,86.84366822073024,0.9394028363174779,0.159456157553436
2153,4122,72.97569739721352,85.80684598604428,0.9388745374275224,0.14953525492496988
2154,4121,70.28053134908737,82.81914925644796,0.9433601116196698,0.15139756952265948
2155,4123,70.52864217335662,83.80923766930819,0.9426013630469617,0.15846219182130883
2156,4121,72.95508766687398,85.81988733004434,0.9385581547750992,0.14990464405639659
2157,4123,74.49973840762625,86.20627119914582,0.9364917245427679,0.1357967654635729
2158,4123,74.33561350579365,86.10468043235711,0.9357849882359659,0.13668324262360065
2159,4121,78.93192491675312,92.48366135449068,0.9258710252732669,0.146531141168748
2160,4122,76.62302340404541,89.93317310760364,0.928511659626375,0.14800044570464377
2161,4122,74.01360346759101,87.7848087110987,0.9341322939288721,0.15687458280884292
2162,4121,72.97130850366244,86.37148229748499,0.9362849452238582,0.155145812453108
2163,4123,69.66635421260781,81.57178058983274,0.942178023565791,0.14595030648023932
2164,4122,68.91183048939176,80.89914009507257,0.9435305982805491,0.14817598297822865
2165,4120,69.17532144168568,82.31338111956542,0.9429353396537364,0.1596102541189004
2166,4121,69.74947243102233,83.07741184119276,0.9419075283069258,0.16042795646604335
2167,4122,70.34244763568807,83.38408757064953,0.940305322029102,0.15640442097434426
2168,4122,71.97186757398038,86.00861097149918,0.936766873000913,0.1632016055016885
2169,4121,71.95263935596486,85.2225419537577,0.9363359762281157,0.15570883352661757
2170,4121,72.52180528901553,86.31101807554016,0.9346777993627865,0.1597619063473007
2171,4121,73.35213186030073,85.84566087824511,0.9320572941539476,0.14553477590048436
2172,4121,72.75541794153054,83.11839256366795,0.9339532231280386,0.1246772742170088
2173,4122,73.1339368383113,84.32397278157966,0.9332782533929691,0.1327029025571811
2174,4120,71.16987407468814,84.1685514164838,0.9362789223980481,0.15443627249179392
2175,4121,71.15427331394754,85.26278721242704,0.9358653394598088,0.16547094412160135
2176,4121,71.31293395882518,85.69582266958017,0.9355202734105785,0.16783652064595378
2177,4121,70.63734396151331,83.71703203293077,0.9364775452840968,0.15623688219468246
2178,4122,72.22520910068329,85.22005697599334,0.9337847450262949,0.152485791918336
2179,4121,72.33181878376728,85.37315027364275,0.9343686017000875,0.15275682633327547
2180,4122,70.91565866575907,83.1183781182102,0.9379788954257363,0.146811327755897
2181,4122,71.13127965092559,83.47609916456487,0.93942689537411,0.14788447995518683
2182,4121,70.07899708525268,81.35728141919137,0.9407637494658323,0.13862661260554676
2183,4122,80.95344003563648,90.276460419856,0.9226195433774593,0.10327188661208242
2184,4122,84.74874530859425,96.8535479559067,0.9150364024888119,0.12498047725441364
2185,4122,80.82236279556815,92.39568330768773,0.9228604642264505,0.1252582382401909
2186,4123,75.78233929040208,89.5168923862155,0.9319587617652818,0.15342973521194725
2187,4123,80.84212497751862,92.48099439272956,0.9210304944187018,0.12585147350152115
2188,4123,83.53726280933624,92.95709292634251,0.9148192116188612,0.10133524855892784
2189,4122,77.3079308484731,91.22696364093716,0.9303467687188458,0.1525758639435636
2190,4123,75.0181459065517,89.90990592732129,0.9355001638655884,0.1656298031588127
2191,4123,73.81573174777346,90.10274462338491,0.9377935774818358,0.1807604523445825
2192,4122,75.05218863475801,92.92489988298172,0.936198142467961,0.1923350067713866
2193,4122,74.270865412725,90.52797297588246,0.9376411914328543,0.17958104029887556
2194,4124,71.94980076462024,86.93260756719769,0.9413368908385343,0.17234967662733403
2195,4123,69.15864634032575,83.48249612268965,0.9453417246764664,0.1715790788204623
2196,4121,70.69226729241308,85.56008393898477,0.9425522640140469,0.17377047756491615
2197,4122,72.46682206131457,86.93295019644553,0.9400530435208222,0.16640558157109964
2198,4123,72.15195061795391,86.60868713396681,0.9405277124650059,0.1669201669533581
2199,4122,72.17381290938397,86.41241979325778,0.9403971250431153,0.16477500477292228
2200,4122,72.38440700411239,85.05348876120105,0.9399693605182942,0.14895428678603406
2201,4122,71.65686296037141,83.88514184457684,0.9403768115602521,0.14577407411269672
2202,4121,71.6624146913975,86.14859395181566,0.9410320173187549,0.16815340327574602
2203,4122,71.32841363911331,84.39111829775833,0.9410999703963375,0.15478767105035507
2204,4121,72.86592742747442,86.093226865177,0.9381555955409489,0.15363925734154082
2205,4121,73.6738172651302,86.48680135092593,0.9359099327636895,0.1481495891356439
2206,4123,75.5038271187826,88.59229480063868,0.9314944851275098,0.1477382170911068
2207,4120,78.20837030405133,91.68060612377283,0.925358390718366,0.14694749946933594
2208,4121,75.92673454095558,87.91503974528715,0.9297713358696521,0.13636239304520392
2209,4121,73.15892506901312,86.55580355661895,0.9362786815803514,0.15477735677010385
2210,4123,70.34834390124938,83.23266226108314,0.9413320984668885,0.15479882548293833
2211,4123,71.29876762233827,84.45658863486463,0.9404014886388498,0.15579389631059115
2212,4121,70.55211250671405,83.09686276337595,0.9404948133205241,0.15096538954044436
2213,4120,69.63704899751757,82.65022776265955,0.9423864119118086,0.15744879496897402
2214,4121,69.96889480183276,82.87705905359468,0.9414985189807784,0.15575075176611308
2215,4122,71.25356558855084,83.577401312134,0.9387733814503048,0.14745416260979094
2216,4122,71.42916252765168,84.13224974756034,0.9375589398552587,0.15098951065761812
2217,4120,71.43187201880697,84.33489951037244,0.9369833655933271,0.1529974846294625
2218,4121,72.47469881389064,85.7729926465341,0.9341978657883719,0.1550405718900939
2219,4121,73.32005654389249,86.4005147784378,0.9324138969865386,0.15139329051555228
2220,4121,73.33264687185783,85.20303836369706,0.9332039161247987,0.13931887547447974
2221,4122,72.7006117427323,84.54809372314976,0.9337666674040678,0.14012713307542668
2222,4120,71.90546890543366,85.36900001465308,0.9343766591416851,0.15770983737549327
2223,4121,72.23108436403614,86.87671064256135,0.9336236657013539,0.16857942905759882
2224,4121,70.97419508615039,85.4726429299921,0.9358350415156015,0.1696267641532616
2225,4121,72.37048823218484,85.87835476808576,0.9336434191173335,0.1572906999951137
2226,4122,71.30435462447976,84.10523672794463,0.9356784955183912,0.15220077371486285
2227,4120,71.89460443970525,85.04673272496305,0.9349577026934215,0.15464589718915056
2228,4122,71.33719501042233,84.09234805026527,0.9368491717996322,0.15168030546868172
2229,4122,69.61536456513495,81.77266977683078,0.9416495288125829,0.14867198594438502
2230,4121,69.5658371167381,79.65483185063255,0.9419270237070809,0.12665891697333787
2231,4121,75.57310438914487,86.58977873708197,0.9322333443090763,0.12722834621610157
2232,4121,76.84833946809769,89.08198106428401,0.9290222459782013,0.13733014746672711
2233,4123,77.73687601918564,89.73058087207677,0.9283141464673116,0.1336635151174358
2234,4123,78.63026089561914,91.34024455051541,0.9267992254342688,0.13914987547320445
2235,4122,79.40783683380027,89.54874137402645,0.9257717797464073,0.11324452342517832
2236,4121,77.32661656447927,89.49175964408549,0.9312740031819428,0.1359359021209079
2237,4124,75.37079322671286,89.52240929254158,0.9351312168430441,0.15807903493285158
2238,4122,74.65666170589577,89.37255088063333,0.9367167954743172,0.16465781752601205
2239,4122,74.48438058624329,90.53192773007366,0.9373851391966262,0.17725842745420262
2240,4121,74.23273857139834,90.93469727186152,0.9376164682102978,0.18366981143105832
2241,4121,73.08572844707699,88.31271545928993,0.9394216566248791,0.1724212298650496
2242,4123,73.00729656525698,87.3655144685651,0.93947731229585,0.16434651579227333
2243,4123,70.11709516115306,84.27737012820657,0.9434178314087722,0.16801989603510714
2244,4121,71.69367523322973,86.46415059657662,0.9414420407203967,0.17082773914315996
2245,4121,71.9005119498452,86.1289124361563,0.9408039875775057,0.16519888715485653
2246,4123,71.52013238764984,85.09621082761969,0.9416248466196062,0.15953799009301428
2247,4123,72.19242519567689,85.39999529851703,0.9401316047324864,0.15465539613524415
2248,4122,72.57469629452935,84.85810332568678,0.939749441107675,0.1447523165114064
2249,4121,72.64744787675733,85.81636240310479,0.9390788942113962,0.15345458788487432
2250,4122,72.7771121535167,87.1212594784067,0.938800289918647,0.16464577544870374
2251,4121,71.56107362926616,84.81174225866783,0.9404634726184667,0.15623625074212455
2252,4122,70.80246720533708,83.87362947534926,0.9413222750586352,0.15584352736105023
2253,4122,71.38991640001154,84.4637738915648,0.9400409347156725,0.15478656575702587
2254,4121,76.09566116029035,90.03429497431513,0.9303564788932073,0.15481471608125752
2255,4123,76.42920291109202,89.5138416797372,0.9291455077753379,0.146174474507076
2256,4121,76.8623102380137,90.54767824061872,0.9295246849819495,0.15113991069144728
2257,4121,73.39420207587419,87.86400435983725,0.9362564162679244,0.16468407500190407
2258,4121,73.22357880255501,87.67229218337808,0.9368376700546345,0.16480364572425787
2259,4121,71.62193056993814,85.81977298302039,0.9389785849293353,0.1654378929188185
2260,4121,68.58859297788557,80.72709531646616,0.9438387452225945,0.1503646612205638
2261,4120,70.11589510441594,83.0760710243057,0.9413737134548896,0.15600371755782705
2262,4120,69.25218044432225,82.09846680142587,0.9421207603183684,0.1564741323144967
2263,4121,69.80799283959128,82.15493358620611,0.9408550176901488,0.15028848795378857
2264,4121,70.07819814899813,81.8285481949923,0.9397231277942089,0.1435971956632277
2265,4121,70.78711217137385,83.23463474581787,0.9379642475313403,0.14954739228995595
2266,4121,72.02213129191597,85.43211629978559,0.9347685167534693,0.1569665553035502
2267,4120,72.77053303239022,85.7429626758243,0.9334648281889207,0.1512943947654346
2268,4120,72.58940183672924,85.75374097061682,0.9343123379318634,0.1535132926550492
2269,4122,73.6749674406451,86.63137261496841,0.9321815412089379,0.1495578885943296
2270,4121,74.83465276661616,88.4640526516082,0.9291050416530744,0.15406709817678998
2271,4121,74.12475288848539,88.37038728623317,0.9298659668111459,0.16120371127950284
2272,4121,73.36675814154276,87.40784298036462,0.9312783087168568,0.16063872943273594
2273,4121,73.24106496542666,87.93904319021479,0.9321457117465439,0.1671382549955196
2274,4121,72.11499133568286,85.81658953223562,0.9348323895589153,0.1596614159480898
2275,4121,72.45408903895185,86.75128914696765,0.9342405296221026,0.16480677403876431
2276,4121,71.99263377990435,86.2544056054443,0.9358514924815566,0.165345430478971
2277,4123,69.27259070525658,81.38910217980026,0.9420189486385585,0.14887142320081825
2278,4121,70.26615796025568,81.13257553439458,0.9411283582713514,0.1339340887746413
2279,4120,76.17654696027388,86.96913856278972,0.9321752396678458,0.12409679779366611
2280,4122,76.9633414713737,90.00162041811389,0.930982899952243,0.14486715779303994
2281,4123,77.5456676604894,89.9066710204209,0.9284519245615669,0.1374870542934894
2282,4122,76.9538003981472,88.8997614679849,0.9307540587928106,0.1343756256774632
2283,4122,76.07148207644168,88.96890195419678,0.9333427926222573,0.144965483381991
2284,4121,74.06950143164103,87.64779206774729,0.9377163075261978,0.15491879847481993
2285,4124,72.39803098612335,87.70642307858166,0.9407957511020143,0.1745412884839982
2286,4122,71.1775611082706,86.26182021644459,0.9425064210745655,0.17486599599133423
2287,4121,70.47336965755015,85.1408189265328,0.9433275886801833,0.17227282346953998
2288,4121,73.5663077995819,88.75496136589548,0.9390412364492248,0.1711301918514483
2289,4122,71.64145539742225,85.72871620948571,0.9420178908026173,0.1643237112945911
2290,4123,68.87398693314773,81.53761055467139,0.9458955200867963,0.155310212494302
2291,4122,69.79624081796594,84.44607616220186,0.9445302304885241,0.17348154005518146
2292,4121,72.80850018617332,88.15603194606662,0.9401853818661157,0.17409508369526927
2293,4121,71.01603785083385,82.95515858746235,0.942043670465435,0.14392258347671882
2294,4121,70.78753852606157,83.04474519175395,0.9419732448687114,0.1475976190593391
2295,4122,70.95879542990077,83.43963229407373,0.9421452878848102,0.14957924095573227
2296,4122,71.00950468842433,84.05344200113616,0.9416320423330615,0.15518623630589112
2297,4120,73.5894340965442,88.82422342172705,0.9372824664526662,0.1715161555969913
2298,4122,73.62294157382014,86.64399728496007,0.9370278432143598,0.15028225981213084
2299,4121,72.44908084864095,86.09541029133575,0.938775815247356,0.15850240328163123
2300,4122,70.2369471031876,84.20990657810529,0.9416492100575663,0.16593011490824616
2301,4121,73.66305833758798,86.63325243341798,0.9357808733292585,0.14971380770678377
2302,4122,76.46717304642647,90.08570409356315,0.9299968816265687,0.1511730544170744
2303,4123,76.83013431046535,89.51988363309577,0.9297184422299918,0.14175341619790693
2304,4121,72.86644336260474,85.99007217911308,0.9364392948857764,0.15261795325828398
2305,4121,71.78032865447692,86.41056576982585,0.9391818418228823,0.16931074325239215
2306,4121,71.64796412759824,86.8707140388197,0.9390601966446253,0.1752345434206849
2307,4120,71.29807109900922,83.91018306255913,0.9393328399324941,0.15030490344833314
2308,4121,70.69025931745284,84.39799615030186,0.9402172681964606,0.16241779968848225
2309,4120,70.97465845293405,83.09062477416627,0.9390131781417265,0.14581628618345877
2310,4121,70.6726295433815,83.80531405285114,0.9396579406356943,0.15670467509002617
2311,4120,71.90309310408128,85.06799483486063,0.9368891405795249,0.15475740031648666
2312,4121,70.61737682916899,82.42932761056481,0.9384525908714748,0.14329791499939282
2313,4121,71.2612433981624,85.28597684675258,0.9369534276172321,0.1644436045305634
2314,4121,71.92346020954787,85.7135690131286,0.9355408294305284,0.16088594795846767
2315,4121,72.13672840000473,85.08879229695438,0.9351545423319012,0.15221821284932313
2316,4120,72.74866354732681,86.6752082858439,0.9341449415631704,0.1606750651534531
2317,4121,74.82774551276344,88.18356434887555,0.93051374882591,0.15145474028780748
2318,4121,75.62868841955179,89.58958221589991,0.9281722204449259,0.15583166536823523
2319,4121,74.64478114249253,88.1922668486552,0.9291963887072355,0.15361307958453096
2320,4121,73.40999564521725,87.58197678695807,0.9316225348217049,0.16181389895108167
2321,4120,73.34201870622633,88.0585832586671,0.9319578748357854,0.16712243154323414
2322,4121,73.88671892735573,88.35794686341198,0.9314875789394839,0.1637795857618396
2323,4122,72.74117081008639,87.28215981152995,0.9338722854610967,0.1665974929222902
2324,4120,70.8503306446365,83.98965325264857,0.9384554600706395,0.15643977679593202
2325,4123,70.33908811457009,82.23243007462517,0.940736364120225,0.14463079771888032
2326,4122,69.6063419695679,80.3437749503149,0.9424148513269502,0.1336436206462429
2327,4121,82.64870175299716,95.90041761186907,0.9186037650431033,0.13818204538487666
2328,4123,75.2103009009648,89.34997572610315,0.933492237939435,0.15825046073300186
2329,4123,74.83739864093744,89.34201318777089,0.934319708615662,0.16234931393754215
2330,4122,73.75784676005048,89.75365986826738,0.9377188992926943,0.1782190623947164
2331,4122,73.36833507543372,88.91106093408295,0.9383362131988249,0.1748120615743448
2332,4123,72.07987882728241,87.43071090308644,0.9411493201959056,0.17557711606416915
2333,4121,70.88591854217475,85.77792460790391,0.9430617385989013,0.17361117249923474
2334,4121,71.34649387162877,86.11651737672945,0.9425719799081304,0.1715120856604898
2335,4121,71.33188055709779,86.77842736461338,0.9428082653522237,0.1779998471580323
2336,4121,71.17273538120516,87.0173108720291,0.943095271881263,0.18208532683945577
2337,4123,70.86634981524091,84.65587785653187,0.9434455757670378,0.16288919789669387
2338,4122,71.28066781535675,85.5639143029924,0.9424996167923528,0.1669307277955624
2339,4121,72.94336573158353,87.23589169811092,0.939704882700998,0.16383767837197327
2340,4121,71.50469027248002,85.54947454606332,0.9420365591605913,0.16417148495776002
2341,4121,70.3223929451208,82.27771269308002,0.94344536702139,0.14530447379542588
2342,4122,71.54967574974654,84.10664616711526,0.9413193099559121,0.1492981944901085
2343,4122,71.13744033894599,85.33437717156875,0.9408817465610649,0.1663683184102832
2344,4121,72.89522236553336,87.31259948309449,0.937547903246673,0.16512367290533636
2345,4122,74.44714638554574,89.33544127719611,0.9356054205998814,0.1666560849624502
2346,4120,73.97623482160041,88.30888579884585,0.9363958814328596,0.16230134541492258
2347,4122,73.53083179875584,87.8155747583567,0.9368135734417541,0.16266753362269026
2348,4121,75.34395997863028,89.90460470608465,0.9326470448232291,0.16195660695084424
2349,4123,76.81454389842185,89.19442896484917,0.9301904971666293,0.13879661779443797
2350,4123,75.14985019728529,88.14883504657179,0.9328413027646908,0.1474663260429787
2351,4121,72.6334491146167,85.53051994001088,0.9374873548435089,0.15078910819716618
2352,4121,72.31419703806898,86.25149102410498,0.9376907381547919,0.16158902090331284
2353,4120,71.85929353803333,85.07822192526253,0.9386279303171696,0.1553738205629338
2354,4120,70.73616195409288,83.6804057719881,0.9404760582550452,0.15468667603220798
2355,4121,71.11423405424189,84.88997871899092,0.9396454265703494,0.16227763126611816
2356,4120,70.80813296311754,83.24453076647028,0.9388893137225343,0.14939597459250664
2357,4121,72.51783155827462,85.28136977540169,0.9365239495971838,0.14966385097637747
2358,4120,69.87355196912054,80.8101540465211,0.9402385907611385,0.13533697845823356
2359,4121,71.21259060677671,83.72131803626397,0.9379774713260977,0.14940910777430771
2360,4121,72.94488825528389,85.4908779233497,0.9344258524962793,0.1467523784153255
2361,4121,73.33200482505268,85.12220637004637,0.9330842836607102,0.13850911586735537
2362,4121,72.37877590533044,82.75822189527335,0.9347373843916643,0.12541891007612038
2363,4120,73.10230532069855,83.83444655579568,0.9333083051581885,0.12801588936302455
2364,4121,74.18506004213947,86.26304307127744,0.9314304579337581,0.1400134124547191
2365,4121,74.25559894411487,87.42383543586293,0.9307547523881106,0.15062524340297012
2366,4121,72.93211799361393,85.59243840344915,0.9332751446072959,0.14791400555922296
2367,4121,72.25190720576666,86.48968730877776,0.9340202208377812,0.16461824000103797
2368,4121,72.69504532042474,87.15794234863138,0.9330314332163742,0.1659389453040908
2369,4121,72.96466320218329,85.78420525424207,0.9329720189845836,0.1494394220248937
2370,4122,72.3597489160159,85.05518484735948,0.9346781928615469,0.14926116443256088
2371,4120,71.3459383984625,83.81743621256147,0.9371048783831732,0.1487935968653491
2372,4121,69.82125886873645,81.83196263723087,0.9410888429287825,0.1467727692385804
2373,4122,68.85965595557269,78.99201951549952,0.9436128672858123,0.12827072433486397
2374,4121,94.59025356489082,104.7692033539758,0.8908719356757562,0.09715593383576782
2375,4122,80.07187545083178,94.68053365544802,0.9241297566073406,0.1542942106534656
2376,4123,75.5162792230424,92.37281151342032,0.9339338643551692,0.1824836985494257
2377,4122,75.91455249869301,93.35572486426109,0.9342033711696351,0.1868248828974065
2378,4123,75.29064142892649,91.88267428541205,0.9353482350790349,0.18057847124634496
2379,4122,73.99077699787476,90.77600610851516,0.937724865072922,0.18490821341682573
2380,4121,70.84394004835502,85.6859428644133,0.9424614842129574,0.17321397559391738
2381,4122,71.24272677316252,88.15442846608207,0.9426484247594298,0.19184177116441092
2382,4123,72.31603194338595,87.76344908197053,0.9407547793334998,0.17601196511952022
2383,4121,72.6708409186979,87.1921954321518,0.9404719244253208,0.16654420090561461
2384,4122,72.96874374316292,87.16181116216912,0.9396251036860452,0.1628358478301839
2385,4122,72.54502272851543,87.08637762481138,0.9401689588822398,0.16697622857783245
2386,4122,72.12290972992355,86.39657102843212,0.9408957223061257,0.16521096993318485
2387,4122,70.97821675564873,82.75948842744153,0.9423143779783163,0.1423555400795148
2388,4121,71.09831452447389,82.17383783619329,0.9420455308745933,0.13478162397377047
2389,4122,72.86713716086335,85.89735516469416,0.9393299231753377,0.15169521784282525
2390,4121,74.42535326721435,89.7651163695453,0.9357370630185544,0.17088779832000844
2391,4123,75.61348323007536,90.48359398416174,0.9327319071527909,0.16434040801572547
2392,4122,75.0912835344982,91.3163866559603,0.9347150593442024,0.17768008257478585
2393,4120,74.07125405112077,89.74991143610931,0.9364813591852732,0.1746927337766765
2394,4122,74.44509601024382,89.24154097209484,0.9348023501057171,0.1658022127439256
2395,4120,75.80193419242676,90.60965316316494,0.9317605229494909,0.16342319448098142
2396,4123,75.89628275770859,90.50445792295547,0.931284313414306,0.16140834938409898
2397,4122,73.92698251701636,88.01151575531742,0.9354357088005402,0.16003057233394047
2398,4121,73.60245405081251,87.2585457073305,0.9366622636890409,0.15650148126833552
2399,4121,72.58525776806295,87.35314207266582,0.9382889676792658,0.16905956619531814
2400,4120,72.71513201761934,86.8293742752693,0.9380798789170811,0.16255146804242226
2401,4121,72.29065709986921,87.47764492840683,0.9378109763646618,0.17360993018235582
2402,4120,71.8902529374551,86.18446671699208,0.938113286406549,0.16585603327425047
2403,4120,71.76411324264409,84.64854945043332,0.9375357820825706,0.15221095094291992
2404,4120,71.165443232407,83.17901356647859,0.9388802859316195,0.1444303054215721
2405,4120,71.15909362603217,81.92316547024271,0.9385877273240371,0.1313922842510329
2406,4121,72.29742325266807,83.94781426217187,0.936326037523838,0.1387813501983416
2407,4121,72.8514870069299,83.90795588661693,0.9346586036059703,0.13176901716718503
2408,4121,76.02526333541623,89.30813951487792,0.928239465430613,0.1487308575860422
2409,4120,74.27099724547796,86.27311265433255,0.9310343038557889,0.13911768150690296
2410,4120,74.94494882018667,87.00476068539557,0.9296338403450534,0.1386109423232197
2411,4120,74.47291632511805,86.92323291976004,0.9301373969017198,0.14323347368056405
2412,4121,74.2936037798502,88.4936212823886,0.930337499873703,0.16046374073929315
2413,4120,73.81465525293245,87.19588572035991,0.9310943994987302,0.15346171848453383
2414,4121,72.44081162036304,87.24329410285046,0.933352840021692,0.16966900017595488
2415,4121,71.40567152606845,85.93599314958962,0.9351248791533272,0.16908307091102215
2416,4122,72.22746244552201,86.88683184424924,0.9340454241843935,0.1687179643631751
2417,4122,72.35331426454961,85.57857425058081,0.934672850274802,0.15453938210406026
2418,4120,70.83484124668925,82.84107706127222,0.9380758580406535,0.14493094779179083
2419,4121,69.93823353750199,83.23759761756288,0.9404753420000945,0.15977592411022168
2420,4122,68.33681828436671,80.3938460049702,0.9441675477732961,0.1499745107337953
2421,4122,86.70772237003212,98.71156153970063,0.9103384954594755,0.1216051998614236
2422,4122,75.33880162734957,91.02893344425125,0.934283669261653,0.1723642277596361
2423,4122,76.98400724464926,93.2215624922214,0.9318137943987992,0.17418239743543273
2424,4122,75.7305571549,92.25084815665983,0.9343469349888167,0.17908009879437825
2425,4122,75.64440261058256,92.75984132001288,0.9348613714236055,0.18451345394591223
2426,4121,73.24232090246274,90.14246846723641,0.9394101831867887,0.187482635567233
2427,4122,72.415429924461,88.73780997888696,0.9408937068008878,0.18393940596809277
2428,4122,71.49101089626242,86.01651237073162,0.9420420525714167,0.16886875640649335
2429,4122,72.12391629227156,85.77625506075749,0.9412082128425207,0.15916221521696927
2430,4121,72.40093993120625,87.12445565926555,0.9403493548069415,0.1689940627651253
2431,4123,71.67108268695648,86.7277789932891,0.9417611049095526,0.17360869240635912
2432,4121,71.29908660925953,84.76792206982606,0.9423615141008133,0.15889071162404822
2433,4122,72.37419482136877,86.07358520810627,0.9403895130090089,0.15915905389110374
2434,4120,72.30853301502144,86.79215035639055,0.9402043589537378,0.16687704224282618
2435,4121,73.59804883409444,88.70374623638516,0.9380471456601243,0.17029379302691217
2436,4121,73.81217612986049,90.168212857622,0.9368828848382915,0.18139470894901866
2437,4123,76.83880318448817,92.32244889953897,0.9318919657721928,0.16771268418041407
2438,4122,74.33715151731701,90.33144407008048,0.9359814558274024,0.17706229228832937
2439,4121,73.296359791192,87.8295592189202,0.9371620944548897,0.16547048120215835
2440,4121,74.79236850058703,89.20492887791377,0.9342248537283738,0.161566861367625
2441,4121,75.3782011945558,89.37398403264865,0.9323918250216804,0.15659795173705293
2442,4123,74.7905848452281,89.10189463805263,0.9332947277892856,0.16061734546677775
2443,4122,73.71932321825125,88.11775482562493,0.9353587533255202,0.1633998918364017
2444,4120,71.4341813159338,85.69723466439025,0.9398834421929434,0.16643539787851724
2445,4121,71.1920400023021,85.45339772893553,0.9410246186533806,0.16689047019372494
2446,4120,72.70572107759412,87.69226468925147,0.938236152412038,0.17089926534300426
2447,4122,70.66782313580876,84.22062567842723,0.9404757992022919,0.16092023104133701
2448,4121,70.26948343988873,82.36027044273757,0.9413887430560042,0.14680363405624286
2449,4121,70.08136684711504,82.99612485632991,0.941361019296712,0.15560675912966915
2450,4120,69.68498127210667,80.76432623345266,0.9415701934883072,0.13718117240674654
2451,4121,70.43918442739857,81.12748721827124,0.9400208592894596,0.1317469967005891
2452,4120,71.79571538597096,83.87938964662258,0.9372707899077215,0.14406011192450507
2453,4121,73.00329076521041,84.90822985773806,0.9345600744442742,0.14020948396255728
2454,4120,74.44113331460197,87.01638097737455,0.9309163137248682,0.14451586611079947
2455,4120,75.36447668395698,87.77666717429258,0.9289951944767488,0.14140649092644975
2456,4120,77.1407323599947,90.65553909980177,0.9257357806017159,0.14907866495536204
2457,4120,73.5194714106782,87.27207444747164,0.9316554326166298,0.15758308856369663
2458,4121,73.95562873280872,89.67991492339637,0.9307349178248945,0.17533788032715203
2459,4120,73.43917558129965,89.29642153249121,0.9317086054419719,0.17757985906996032
2461,4121,72.97967860466692,88.9765235259774,0.9324889684693466,0.1797872549677677
2462,4121,73.32215902641374,89.58417784392034,0.9320229583731645,0.18152780110165656
2463,4121,72.7845575008201,86.7627758016818,0.933735852987194,0.16110847274887152
2464,4121,70.40105215186477,83.82405522097163,0.9386665869308168,0.16013306721706544
2465,4121,67.52061080747903,81.031587643129,0.9442769611852174,0.16673716051515153
2466,4121,68.34401181501418,81.374890985353,0.9440155206658968,0.16013390632602265
2467,4121,81.20662490263265,95.14693242744579,0.9230613401689094,0.14651347310059948
2468,4121,76.89123068394781,92.37894194418067,0.9316759674231688,0.16765413128016993
2469,4122,78.00656635977937,95.01686755281835,0.9300710975314236,0.17902401574734328
2470,4122,77.03616613140348,93.29652401233604,0.9322172550604376,0.1742868563761556
2471,4121,76.91191758334789,94.49212954365372,0.9328375495794293,0.18604948417618294
2472,4121,74.68315920476061,91.49195299675534,0.9372021204079215,0.1837188216169222
2473,4121,72.67634967510783,88.65477908049958,0.9405684319081141,0.1802320142367413
2474,4123,72.15284888294225,87.66195757405028,0.9415524097669373,0.17691948845663286
2475,4122,70.30210432352189,83.92284258293863,0.9439194899921302,0.1623007257643322
2476,4121,71.97451290810277,86.69888828054597,0.9409274331208005,0.1698334968817259
2477,4121,72.48145389505562,87.64836755978428,0.940386536128942,0.17304273983635143
2478,4121,73.18744915516204,88.56839458909478,0.939165286262983,0.17366178426617385
2479,4121,72.11903222223607,87.3967079416335,0.940170455688719,0.1748083661183254
2480,4121,72.41550363599627,88.03675479514828,0.9398407983418797,0.1774401066406971
2481,4120,72.54745945025833,88.09911381678796,0.9390823996001518,0.17652452666971263
2482,4120,73.05628502494588,89.62243503513417,0.9381722708199223,0.18484378385494615
2483,4123,73.85430519564878,90.77767598407048,0.9373136116770691,0.1864265702438933
2484,4121,74.4943859714561,90.5390088040593,0.9359439483647864,0.17721226512791077
2485,4121,75.88191241101256,91.29579641249072,0.9328143432139732,0.1688345423028621
2486,4120,76.15622742053954,89.44446129669618,0.9320605682249663,0.1485640774567164
2487,4121,77.53032655327729,91.48206647222507,0.9294829718910459,0.15250792266682867
2488,4122,75.9308297540259,90.82046210314935,0.9319429372331827,0.16394578935540494
2489,4122,73.84081710432702,88.17106670823156,0.9358348844242594,0.16252780122673383
2490,4119,72.88550995620457,87.78449706362784,0.9379067984188996,0.16972230411736833
2491,4119,71.40979434767033,84.89154020894735,0.9401365830530685,0.15881141781729713
2492,4120,71.90703035914426,85.65719673770278,0.93922469067359,0.16052552385836205
2493,4121,71.44684251128196,84.39305978015788,0.9396726111978173,0.1534038142780999
2494,4121,69.71184437076673,82.34837559925946,0.9423390225384775,0.15345210074315496
2495,4120,69.72725356889048,83.34142338281369,0.9421110505086887,0.16335417924636342
2496,4119,70.11297669907668,82.51854721528747,0.9411228167456264,0.1503367537948186
2497,4119,70.63185774167144,82.97929860309311,0.9391017008729706,0.14880146095813607
2498,4121,72.06689282431851,84.8762397092925,0.9370147712266339,0.15091793567725154
2499,4120,72.16618436983107,85.13470292893712,0.936412437851341,0.15232940402612327
2500,4119,74.64919872237701,87.74650655924563,0.9306992480651095,0.14926301171916678
2501,4121,75.10246295517013,87.91821175856927,0.9293886134244422,0.1457689885525909
2502,4120,74.52623281508932,88.15016352829153,0.9305684861412585,0.1545536635202004
2503,4121,74.64723311711134,87.40257007392096,0.9298133894365977,0.14593777901521376
2504,4120,75.0255025764197,89.1386735938731,0.92874220595012,0.1583282591993096
2505,4119,73.72892020796377,88.54089165980919,0.9310843213598938,0.1672896124511125
2506,4121,74.26023807146662,91.22203110270662,0.9294965979645532,0.1859396554341437
2508,4120,74.35700384784042,89.29412541262485,0.9299265195499237,0.1672800029762378
2509,4120,72.77811064964668,85.360742459652,0.9337594332800687,0.14740536981567187
2510,4121,69.40676660512096,82.58599582654658,0.9406383749663539,0.15958188903001957
2511,4121,68.91925054953839,81.46509624386927,0.9418996164123354,0.15400271125654053
2512,4120,67.95309811713126,80.31386812153116,0.9441237126543722,0.15390579850662334
2513,4122,82.7569922758133,94.40353253559137,0.9194177206740365,0.12336975054812871
2514,4121,77.8071843121786,94.15306062786664,0.9304985565291728,0.17360961190942015
2515,4123,77.63869968025915,94.23395856086644,0.9318778847760614,0.17610699087726733
2516,4122,77.36631425571362,95.40740589841221,0.932382113881551,0.1890952958296378
2517,4121,77.53555391070957,96.59522498626131,0.9326130347869852,0.1973148370249419
2518,4121,74.08358661495298,92.10196313185929,0.9387084505038201,0.19563509727919703
2519,4120,72.8324135498346,89.70856063266905,0.9406911603061986,0.18812192463924882
2520,4123,72.98436749939141,89.69383373468462,0.9402512240627092,0.1862944813432772
2521,4121,71.04367412218816,86.78854900729718,0.9430684089189517,0.18141650096932926
2522,4121,72.58409730971015,88.79264623641734,0.9405773413984566,0.18254382106768918
2523,4121,73.60149551059845,90.27840075514047,0.9384047507433088,0.1847275218108294
2524,4120,74.1962658454605,89.9060031375575,0.937261959613646,0.17473513162475784
2525,4122,73.49769937157227,89.77002169000784,0.9379767754689599,0.18126677494438903
2526,4121,73.76800058456828,90.81738755302273,0.9374772322534326,0.18773262948684077
2527,4120,72.32429481768648,90.14125215237277,0.9395855996955844,0.1976559778043565
2528,4121,72.51877498983856,89.59600739882372,0.9394087658297825,0.19060260501305948
2529,4122,73.17433251511243,89.9611223728066,0.9385799637777192,0.1866004938014032
2530,4121,74.6744260917505,91.97028202633565,0.9357304984971688,0.1880591812215221
2531,4120,73.7881839127306,87.82432660128147,0.9359923738072056,0.15982066964514663
2532,4120,77.23912177620939,90.79351801567199,0.9300857302976314,0.14928814893066444
2533,4120,77.15581194030872,92.77853774225898,0.9297842601392354,0.16838728203876807
2534,4122,75.09152478115577,89.641618276314,0.9336386371152512,0.16231404313015185
2535,4121,76.95321509071292,92.65120992740596,0.9306363457362709,0.16943108297228637
2536,4119,73.65282099846277,88.67827977690978,0.9364533308120527,0.1694378692984002
2537,4119,73.35362168618032,87.47459248243123,0.9365195483781175,0.16142939790302002
2538,4121,71.70835230402889,84.7771729449349,0.9393320624670797,0.1541549474573134
2539,4120,71.5024732553401,84.873648516229,0.9395382359679059,0.15754212873660234
2540,4121,70.88996390956889,84.93623952753256,0.9405711426073332,0.16537435252723298
2541,4120,69.87492419336866,83.39080120078641,0.9418486777422156,0.16207875224600066
2542,4120,70.2258377103297,83.10540424207953,0.9407959085489294,0.154978688199779
2543,4121,71.5166385080398,83.0345803580806,0.9379042865231821,0.1387125917945332
2544,4120,71.55480303910679,82.72047649865829,0.9380071398226874,0.13498076815034554
2545,4120,74.39132102272734,87.69903170086667,0.9323553029966395,0.1517429602134116
2546,4121,75.53864037991018,88.39009229767157,0.9292614361608812,0.14539471091942657
2547,4120,73.11623366187118,85.03306722860609,0.9338420747194214,0.14014352245694306
2548,4120,72.73046127720474,84.68317973184863,0.9334241848112133,0.1411463113748499
2549,4121,74.75671402928207,87.44544108069643,0.9295387160272687,0.14510450052741963
2556,4121,70.49788036599446,82.3189318053238,0.9393173892821799,0.14360064179750254
2557,4120,71.08023921651656,83.19140700148236,0.9376749760753736,0.14558195637621563
2558,4121,69.82574482015549,83.40031308533,0.940455341978083,0.16276399647667816
2559,4121,81.2656247848869,93.2565152649108,0.9229848033342613,0.1285796541502947
2560,4121,78.24818000929538,95.183136970677,0.9302257160228445,0.17791971876907942
2561,4123,78.181934958563,95.61357353354768,0.9314710396222639,0.18231343030880942
2562,4121,78.81512583184967,97.45966792318478,0.9308030431439471,0.19130520848922106
2563,4122,75.67203508410576,93.41349428041461,0.9362638239312072,0.1899239433550297
2564,4120,75.88765829982745,94.31307625787188,0.935977179566966,0.19536440427057478
2565,4120,74.67705870241494,92.48434109513688,0.937859432022139,0.19254375586029138
2566,4123,73.35642732787444,88.93928509127603,0.9398361379671787,0.17520781449287925
2567,4121,74.27394939244957,90.40333241056955,0.9381777405939395,0.1784158015864712
2568,4121,75.00774727668433,91.93188423556813,0.9364266658789159,0.18409431177889335
2569,4121,75.16493511977792,90.82082727684109,0.9358791529422117,0.17238217957804647
2570,4121,76.6377580967862,90.7956287824259,0.9330700148332608,0.15593119267411304
2571,4122,75.33732699754168,88.70547896894693,0.9347133337667455,0.15070266376764652
2572,4121,74.47195140754086,89.33099806166841,0.9360073110934976,0.16633696003116205
2573,4120,74.54762938318211,91.4660169939245,0.9356367250620226,0.18496910838334812
2574,4121,75.00820551236617,92.40215102566884,0.9354674157934683,0.18824178138959902
2575,4122,74.75797191777943,91.25700223470231,0.9358272288731067,0.18079741732573362
2576,4122,73.74430838121424,89.35759384876211,0.9363089205342595,0.17472813216046734
2577,4120,75.62109211108965,91.78879179929092,0.932743239046377,0.17614023859856676
2578,4120,77.40026890266816,91.81604742675671,0.9290559869582717,0.15700717824504773
2579,4121,77.3817907855653,93.72063913692963,0.9291844890765436,0.17433564796215928
2580,4121,77.71688278022829,92.35613662875296,0.9290217479476397,0.15850872917487413
2581,4121,77.2820621969275,93.02175883231187,0.9305053768243186,0.16920446176209114
2582,4119,75.16045897325289,90.27192857757387,0.933991616466381,0.167399432386505
2583,4119,75.99372130468682,91.40810768870128,0.9323160047923857,0.16863259478589776
2584,4121,73.35534712388578,87.22957295054093,0.9367517678614623,0.1590541528217938
2585,4120,72.42407025839005,87.24275287712966,0.9380651912464626,0.16985574308515738
2586,4120,71.64579353191681,85.45957710125428,0.9392511012007885,0.16164114120259
2587,4120,70.1547604808729,82.35244844895082,0.940948654047032,0.14811566866331982
2588,4120,71.1290444196232,83.76175810771485,0.9386939270325445,0.15081719836690155
2605,4121,86.51548324546508,97.26193708261256,0.9114774938726753,0.1104898191367466
2606,4121,80.03644417535455,96.42154914928126,0.9270517078717417,0.16993198220201855
2607,4120,79.18441901574487,98.55255983489492,0.929783420328068,0.19652600451573754
2608,4122,79.82199380654922,98.26183709084366,0.9291887394006995,0.18766027412297104
2609,4121,78.5639727859376,96.0828418436357,0.9314093939329062,0.18233087949467763
2610,4122,77.4906761018419,94.99574827932953,0.9334255862462545,0.1842721647500999
2611,4120,76.25051199497383,93.40209137625958,0.9353742357951547,0.1836316417390761
2612,4120,75.26492942823461,92.57328573889895,0.9371294653737287,0.18696923386172337
2613,4121,75.98771756774528,90.9191559067899,0.9354126192943093,0.16422763927056572
2614,4121,76.24553386501951,91.76417757853851,0.934275039182619,0.16911439870135603
2615,4121,77.70657925763163,92.34309756993393,0.9317630418883652,0.15850148736041336
2616,4121,76.48128958447965,90.70497634920638,0.9334329902415558,0.15681263958403724
2617,4120,77.41280963710788,90.57661337110402,0.9310021029639889,0.14533336193595958
2618,4122,77.46913341693448,90.73679190343869,0.9299984980521541,0.14622137512447575
2619,4120,77.18223290109844,89.83572796473797,0.9303759341952935,0.1408514780289445
2620,4121,78.19530579472976,92.06673452530308,0.9291692615759757,0.1506671090496967
2621,4121,78.5418359198426,93.46632263113513,0.9289361275873721,0.15967769236190044
2622,4121,80.5139679128841,97.19642503501787,0.9258965327314796,0.17163653000738888
2623,4122,77.06312016594957,95.18354653395788,0.9313349512957109,0.190373515464079
2624,4120,76.69711080785437,95.3216335656689,0.9311828102707379,0.19538610555791347
2625,4120,77.83042271150228,93.56929476509671,0.9278324515951648,0.16820552183391424
2626,4122,78.98333878743223,94.06690193739516,0.926197167432971,0.16034931351307358
2627,4120,78.11567101177634,92.70344751489114,0.9283063392912805,0.15735959011418132
2628,4120,75.90696620900187,92.2890187812268,0.9325455456170887,0.1775081454821723
2629,4119,76.84384285737787,91.94720674631259,0.9312366242140594,0.16426125842632433
2653,4121,84.35193212795136,94.46942571672581,0.9178451020176013,0.10709807445122588
2654,4121,82.32784623624455,90.49507786520584,0.9190313856132178,0.09025056192698722
2655,4122,84.71347090354885,92.6946547157037,0.9151132839580071,0.08610187757463794
2656,4120,81.4536491171372,94.75611705746908,0.9238591041816311,0.14038637666277531
2657,4120,80.41531852861031,97.33842764109053,0.926799427070754,0.17385845983540715
2658,4121,76.31298653379294,93.78219982670383,0.9344169613471341,0.18627429645701976
2659,4122,76.68579908937559,94.42025258292928,0.9344623621270657,0.18782467752855803
2660,4121,76.78240488887789,95.28077427025164,0.9347061684010283,0.19414587594455845
2661,4121,76.26879870655253,94.91413552558075,0.9356533245852334,0.1964442568620669
2662,4120,74.76985600330264,92.31205992902612,0.9381065902149268,0.19003155101522773
2663,4122,75.64169739451108,91.57221721762735,0.936199976193148,0.17396673693349973
2664,4121,75.78384023281698,89.83991855933776,0.9354116374142903,0.15645693531252447
2665,4120,75.75328522145577,90.26107506252151,0.935110156434567,0.16073140975793354
2666,4121,77.4425858588656,90.62703515665287,0.9318900507375607,0.14548031142139162
2667,4121,78.51299634893692,90.867743636973,0.9287233018772347,0.135964059340955
2668,4120,78.30201613974296,90.39976767389582,0.927396585949049,0.1338250290398285
2669,4120,80.59042824113499,92.79258872389414,0.9229084272337807,0.13149930021962075
2670,4119,81.59170899991574,94.1197824969591,0.9201759832736901,0.1331077608200819
2671,4121,80.85807553121556,96.41975611142996,0.9249828635682165,0.1613951456403825
2672,4120,83.05645604807293,96.73856001762884,0.9198907445817772,0.1414338188108506
2673,4120,79.2892188060725,95.1029386057785,0.9278460954054326,0.16628003331481866
2674,4121,78.81258991295185,97.40646818510012,0.9275670137807447,0.19088956430300497
2675,4121,79.03646802542374,95.92912936953799,0.9264889322134515,0.17609522212007545
2676,4120,79.91883474838025,96.77068294993465,0.9245498430247792,0.17414208195960434
2677,4120,80.5076861957074,97.15871208589894,0.923659591667983,0.17137964813150486
2678,4118,80.1317895238417,97.52405923746277,0.9252050592894251,0.17833824647590157
2679,4120,79.62119916656752,97.02906583457437,0.9267399918017291,0.1794087835256052
2680,4119,78.16680883193987,92.91443593707031,0.929298810680333,0.15872266732716112
2704,4121,87.98579127484776,94.13805719141139,0.9072772868927956,0.06535365292332518
2705,4121,92.70304429314562,100.0623892436895,0.8938570444965811,0.07354756373667137
2706,4121,82.86299100575009,92.85025860513046,0.9182904610988998,0.1075631640602509
2707,4121,80.88424751935608,94.23578705134308,0.9247929314260608,0.14168226264946027
2708,4120,77.23173557536016,93.64771652128323,0.9324953259414763,0.17529504782097083
2709,4121,77.31766021264245,95.71121464048993,0.9330969053124574,0.19217763035332136
2710,4122,75.69051839824962,94.53696373294328,0.935986883082698,0.19935530601482854
2711,4120,76.05046609305448,94.61433087558055,0.9356458666070392,0.19620563408029446
2712,4120,74.60712883839018,93.03147885181873,0.9384696387242683,0.1980442559961344
2713,4120,75.04882159870876,91.83803513607103,0.9373759725252159,0.18281329203621
2714,4121,74.30245095442963,88.72414783044213,0.9381492030007247,0.16254534113501262
2715,4120,75.53076965517094,89.71328562956433,0.935624335759575,0.1580871314083233
2716,4120,75.94618889612251,89.76906150100184,0.9343652823462232,0.15398259014577165
2717,4120,76.67726900607524,89.50923374130366,0.9323808946809867,0.1433591172539238
2718,4121,80.70802439387755,92.22155957903472,0.9248046595714781,0.12484645930640503
2719,4119,84.69543085168955,93.51106532325994,0.9130459653534218,0.09427370377072997
2720,4120,86.74115542269423,95.06809239546207,0.9071810281527772,0.08758918752813127
2721,4119,86.13434517975867,96.07802863418115,0.9129002170387159,0.10349591468287966
2722,4121,78.34705604509152,91.4398968921087,0.9299122282044435,0.14318521008904483
2723,4121,78.18121577739623,91.39570983515199,0.9303774790348409,0.14458549620753958
2724,4120,77.34997771012655,91.35450606428911,0.9308790893790748,0.1532987146173952
2725,4120,80.59592829326924,97.56576638026019,0.9244969337484246,0.17393229937692922
2726,4120,83.47135504780292,99.45831765258849,0.9185150791171515,0.1607403280299654
2727,4120,82.71044764227169,99.67898524854644,0.9200548078417763,0.17023184539814717
2728,4119,81.8120393742169,97.87604800051193,0.9218926545623364,0.16412604467040814
2729,4119,81.26115411985187,96.99767721129945,0.9232213583411216,0.1622360817689189
2730,4119,81.31538376886877,96.91692902042018,0.9238690212594363,0.16097853501181614
2731,4119,81.93749590145093,95.08046987088325,0.922675549462462,0.13823000651216943
2755,4121,83.71512861485256,94.49227190930988,0.9183344457168467,0.11405317151016137
2756,4120,80.99106110576236,95.78964998172728,0.9254677583665785,0.15449047865597054
2757,4121,79.06529383808007,95.11046140071858,0.9296552597698831,0.16870034406664425
2758,4121,77.10545379198811,91.97540980557478,0.9320939521741003,0.16167316943757049
2759,4121,76.68127977218029,93.05075992679443,0.9338274435705218,0.17591989756443105
2760,4120,76.57998609404757,93.183889231135,0.934198627110568,0.1781842684833942
2761,4120,75.19193202827016,91.64914061382451,0.9367008802333081,0.17956751667644033
2762,4122,74.68624218862422,89.67398819360697,0.9373836183195436,0.1671359365953934
2763,4121,74.47237186275213,88.24213143400975,0.9373689460436105,0.156045183264358
2764,4120,74.98122312029203,88.42937443155098,0.9364783673853599,0.15207787454912436
2765,4120,75.2457809326052,89.44008870927176,0.9359900473941798,0.1587018526200893
2766,4120,78.28097287149369,92.0578554951523,0.9289819206984993,0.14965461176079742
2767,4122,81.27590024086898,94.95102851089801,0.9227247472037916,0.144022960935694
2768,4119,83.05792701303595,93.58669244948375,0.9161385460586631,0.11250280526936052
2769,4120,88.1270540802736,95.89346270387512,0.9045743957311331,0.08098996954135096
2770,4119,80.14998844880031,92.33957102520357,0.9265671619526507,0.1320082218388926
2771,4120,75.67984497350936,88.2639920299749,0.9344746759841472,0.14257396212253692
2772,4120,78.29357554466723,91.04734107317955,0.929950773652603,0.1400783963395641
2773,4120,79.42640962639926,93.81933771733384,0.9267983402981385,0.15341110309581063
2774,4120,83.27061173572997,100.45719179700966,0.9197225396474611,0.1710836203345999
2775,4119,85.92822369230012,102.78905380597718,0.9140827980519746,0.16403332348504018
2776,4120,82.38745903480145,98.60474856280129,0.9208868247877521,0.16446763228315575
2777,4119,81.37159578814767,98.2153347158016,0.9227267973521145,0.17149805553677955
2778,4119,83.96417938006357,101.55947596464367,0.9179253492956562,0.1732511557139742
2779,4119,81.37783508785736,97.15113446802877,0.923210517690054,0.16235836530928216
2804,4121,78.16408593821964,93.24600845619159,0.9311833076356144,0.16174335789459193
2805,4120,75.45308394354022,90.46586656779573,0.9360740126360112,0.16594969123525527
2806,4120,74.10164509939617,88.6435869192012,0.9384867263299719,0.1640495643871005
2807,4122,73.70917391103912,87.27021443223248,0.9389591026977933,0.15539139681756886
2808,4120,74.16347122746639,86.96548603750107,0.9364517988857232,0.14720799472694512
2809,4120,74.94785608940435,88.13459665446014,0.935568598681632,0.14962047896759123
2810,4121,75.7204115178063,89.85213121901069,0.9345218155651279,0.1572775126141297
2811,4120,78.35052844610824,91.72191270492789,0.9291992759139645,0.1457817861020385
2812,4121,79.80352772487923,94.15850123897332,0.9235928582698909,0.15245541640113103
2813,4119,88.91803480805481,96.26939386550454,0.8991158832961665,0.07636236982773692
2814,4120,88.42773579252855,96.77434949471676,0.9017228854110003,0.0862482026050082
2815,4120,80.90296708115591,93.16353402546765,0.9249366831806531,0.13160263908580516
2816,4120,78.98392989831801,93.5642252491357,0.9294590469083205,0.1558319465799497
2817,4120,77.62507041075254,90.47844590864001,0.9304999982400615,0.14206008258437686
2818,4120,83.30460880361868,97.59316020731156,0.9196398097802899,0.14640935259541266
2819,4120,81.5583186099594,98.12306529146416,0.9223361240144101,0.16881603354217412
2820,4120,82.08344755358257,99.08218117018582,0.9213330544780306,0.1715619641780577
2821,4119,81.33981192480539,97.24892247169696,0.9222009475537464,0.16359163826747503
2822,4119,82.56430564937477,97.62214384143508,0.9192077276686607,0.15424613309576907
2823,4119,82.55519781037573,97.34876910185152,0.9192099260542208,0.15196464657912578
2824,4119,83.65123346189041,98.82545838846059,0.9182155999170467,0.15354570749293894
2849,4121,79.80826127445725,93.39872033959678,0.9280217458387472,0.14551012064967017
2850,4121,78.97436708541338,93.49729502653788,0.9297319521119952,0.15532992625083308
2851,4120,75.16269582787339,89.71722059523647,0.936499251294565,0.16222665694277927
2852,4120,74.47553933656143,87.12958976929426,0.9372077479928995,0.14523252624325222
2853,4120,74.70498197334997,86.01984944132134,0.936508038930893,0.13153786645127563
2854,4121,75.30258992008129,86.45746713758525,0.935544404941403,0.12902155923388903
2855,4121,74.88348726828863,86.76450485829339,0.9355499242920775,0.13693407931514423
2856,4120,77.967723986257,91.52920125567776,0.9288411286240013,0.1481655808569564
2857,4120,79.61422202609482,93.60440407128051,0.924027521267852,0.14946072446048642
2858,4120,84.11125602024968,95.01998641244474,0.9128584020880361,0.1148045880036701
2859,4119,84.85864320656513,96.14611890864508,0.9135644913267887,0.11739918189318632
2860,4121,79.76079880217773,93.55732562548151,0.9270099731615277,0.1474660239705069
2861,4119,78.32276171836156,92.91156798467594,0.9302495248423642,0.1570181903368646
2862,4119,78.8190479329596,92.76614340503778,0.9281156443613083,0.15034682870432625
2863,4120,83.70481220347085,96.90490730536249,0.918356867123881,0.13621699322508074
2864,4120,80.42059273344722,94.79449042808601,0.9243502442629563,0.15163220594073723
2865,4119,83.74429220036838,99.39344940786566,0.9180736557173975,0.15744656514817423
2866,4118,81.28726912746534,94.29266547352886,0.9217944944704046,0.13792585330737706
2867,4119,84.28481021102672,96.02902815273369,0.9149498518570409,0.12229862331864738
2868,4119,84.81557606093757,98.72574550317762,0.9142210472292045,0.14089708182342697
2869,4119,82.22891590096326,92.92505109644816,0.9198272991272141,0.11510496975011875
2894,4120,75.51187153976124,88.68567428076723,0.9353859485856117,0.14854487884141754
2895,4119,77.03423321136596,88.27947449194741,0.9312024670503012,0.1273822861463364
2896,4121,76.33391766941182,88.59932646979507,0.9328650060226735,0.1384368176271038
2897,4121,75.7111605446645,87.62980837657412,0.9329674675954922,0.13601134194760844
2898,4120,78.93495012509572,91.4135123658137,0.9267179327392164,0.13650675833110903
2899,4120,79.58337790844023,92.42047375264241,0.9233589916417434,0.13889883186013374
2900,4120,80.87493494355495,92.7788057079883,0.9192211238910662,0.12830377232812795
2901,4120,83.67977415903849,94.57477309204278,0.9149104959064829,0.11519984216510859
2902,4120,79.5254743741474,91.5326383536334,0.9265898750330346,0.13117904384113477
2903,4119,80.21294956444322,94.77530334768696,0.9262521647168409,0.15365135503519478
2904,4120,81.05414498103376,94.0734069265058,0.9238133105228733,0.13839471079901733
2905,4120,80.71979866732772,93.34064137215537,0.9239858455052586,0.13521272748177837
2906,4119,80.42890553957243,92.57640131906572,0.9244319394887505,0.1312158995857573
2907,4119,80.66458200503311,93.31524564598988,0.9229263719526123,0.13556909756150237
2908,4118,81.82643838370024,94.09906385679363,0.9205304761287045,0.13042239710025927
2909,4120,82.78234397356891,93.44706562624744,0.91868443654252,0.1141258056762674
2910,4119,81.07166237593452,92.61706895284732,0.9217609948151982,0.12465743849862843
2911,4119,79.4033991413729,90.2055817891911,0.9253688662140039,0.11975071202425935
2912,4120,79.16729677709809,90.65707763164441,0.9262465256498943,0.12673892821949673
2936,4121,77.01074963808152,87.48122116937967,0.9311621125114259,0.11968821869810653
2937,4121,76.44464174468722,87.97526561055024,0.9319569775377625,0.13106665590425037
2938,4119,80.73068128442841,93.08273420941471,0.9195918864831815,0.13269972170345812
2939,4119,82.24584023070406,95.5563245160862,0.9185914344390669,0.13929464483684095
2940,4119,80.16492278698166,93.5531630800835,0.9241836749446964,0.14310836589930387
2941,4119,78.37725704447917,90.67214668925575,0.9280147760255131,0.13559720480549164
2942,4120,79.46894770283266,92.68753097849263,0.9252988856511184,0.14261447182930387
2943,4120,79.12441536679165,91.57937657151683,0.9258320047796794,0.13600181253689536
2944,4119,78.9041811973928,91.63891523017178,0.9261704308208722,0.13896644237650368
2945,4119,80.81643158421281,92.79882834371475,0.9222213667119219,0.12912228498317568
2974,4120,80.30778586212082,91.67031658722557,0.9208654471222044,0.12394994528346748
2975,4119,81.731542693979,92.70798697073702,0.9182501140091551,0.11839804352803718
2976,4119,78.87745404189747,89.68313817711878,0.9252016117010861,0.12048735531400268
2977,4118,77.53440094048223,90.2778029916578,0.9286381950948032,0.14115764483494497
2978,4120,77.7861442924894,92.29288826420418,0.9284320862071249,0.15718160136224957
2979,4120,77.30647234579608,90.94213512302217,0.9290944967067962,0.14993779020891052
3011,4120,77.22648574585438,89.71243887099214,0.9281889421966898,0.13917750182996091
3014,4119,75.99227678081257,89.3386843308054,0.9315455842850913,0.149391136101506
3016,4120,73.97915116303801,86.28650117156106,0.9347745728543938,0.14263355034007785
